completed_trading_date,sigma_i_t,ten_year_average_sigma,relative_volatility_v,historical_v_observation_count,quantile_q,raw_multiplier_2_minus_1_5q,vol_multiplier_m_ewma10,method_status,no_lookahead_status
2018-09-24,0.01495574894733457,0.023345898828081243,0.6406156840423417,1,0.5,1.25,1.25,LOCKED_S13_STYLE_V_Q_M_ATTENUATION_RUNTIME,PASS_NO_LOOKAHEAD_DAILY_RUNTIME
2018-09-25,0.019282147436755888,0.023340430052232273,0.826126484970732,2,1.0,0.5,1.1136363636363635,LOCKED_S13_STYLE_V_Q_M_ATTENUATION_RUNTIME,PASS_NO_LOOKAHEAD_DAILY_RUNTIME
2018-09-26,0.015434929975140762,0.02333616118251016,0.6614168394889574,3,0.5,1.25,1.1384297520661155,LOCKED_S13_STYLE_V_Q_M_ATTENUATION_RUNTIME,PASS_NO_LOOKAHEAD_DAILY_RUNTIME
2018-09-27,0.015627130599914312,0.0233313679755024,0.6697905847750794,4,0.6666666666666666,1.0,1.1132607062359126,LOCKED_S13_STYLE_V_Q_M_ATTENUATION_RUNTIME,PASS_NO_LOOKAHEAD_DAILY_RUNTIME
2018-09-28,0.01651854296110855,0.023326965084260125,0.7081308220525627,5,0.75,0.875,1.069940577829383,LOCKED_S13_STYLE_V_Q_M_ATTENUATION_RUNTIME,PASS_NO_LOOKAHEAD_DAILY_RUNTIME
2018-11-19,0.015422841170601963,0.023323246248992898,0.6612647744637145,6,0.2,1.7,1.1844968364058586,LOCKED_S13_STYLE_V_Q_M_ATTENUATION_RUNTIME,PASS_NO_LOOKAHEAD_DAILY_RUNTIME
2018-11-20,0.015219767984812884,0.02331365663580382,0.6528262907260635,7,0.16666666666666666,1.75,1.2873155934229752,LOCKED_S13_STYLE_V_Q_M_ATTENUATION_RUNTIME,PASS_NO_LOOKAHEAD_DAILY_RUNTIME
2018-11-21,0.015467048620769988,0.02331050532901298,0.6635226651015248,8,0.5714285714285714,1.1428571428571428,1.261050420592824,LOCKED_S13_STYLE_V_Q_M_ATTENUATION_RUNTIME,PASS_NO_LOOKAHEAD_DAILY_RUNTIME
2018-11-22,0.014445906192701393,0.023305396816971392,0.6198524018343097,9,0.0,2.0,1.3954048895759468,LOCKED_S13_STYLE_V_Q_M_ATTENUATION_RUNTIME,PASS_NO_LOOKAHEAD_DAILY_RUNTIME
2018-11-23,0.014491276676555094,0.02330168113368831,0.6218983340049397,10,0.1111111111111111,1.8333333333333333,1.4750282429863806,LOCKED_S13_STYLE_V_Q_M_ATTENUATION_RUNTIME,PASS_NO_LOOKAHEAD_DAILY_RUNTIME
2018-11-25,0.014743049829178465,0.023291985596214836,0.6329666386009765,11,0.2,1.7,1.5159321988070387,LOCKED_S13_STYLE_V_Q_M_ATTENUATION_RUNTIME,PASS_NO_LOOKAHEAD_DAILY_RUNTIME
2018-11-26,0.014783712061684193,0.023289363732255396,0.6347838537644972,12,0.2727272727272727,1.5909090909090908,1.5295643610074117,LOCKED_S13_STYLE_V_Q_M_ATTENUATION_RUNTIME,PASS_NO_LOOKAHEAD_DAILY_RUNTIME
2018-11-27,0.013553826121229002,0.023286585560373958,0.5820443742638302,13,0.0,2.0,1.6150981135515186,LOCKED_S13_STYLE_V_Q_M_ATTENUATION_RUNTIME,PASS_NO_LOOKAHEAD_DAILY_RUNTIME
2018-11-28,0.015023556652557864,0.023283632644686254,0.6452410962593722,14,0.46153846153846156,1.3076923076923077,1.5592061488498437,LOCKED_S13_STYLE_V_Q_M_ATTENUATION_RUNTIME,PASS_NO_LOOKAHEAD_DAILY_RUNTIME
2018-11-29,0.01298543055927565,0.023279333751579562,0.5578093728045183,15,0.0,2.0,1.6393504854225993,LOCKED_S13_STYLE_V_Q_M_ATTENUATION_RUNTIME,PASS_NO_LOOKAHEAD_DAILY_RUNTIME
2018-11-30,0.012971241205626918,0.023275335888492198,0.5572955538759878,16,0.0,2.0,1.704923124436672,LOCKED_S13_STYLE_V_Q_M_ATTENUATION_RUNTIME,PASS_NO_LOOKAHEAD_DAILY_RUNTIME
2018-12-02,0.015089055218269552,0.02327027391075285,0.6484261971363011,17,0.5625,1.15625,1.605164374539095,LOCKED_S13_STYLE_V_Q_M_ATTENUATION_RUNTIME,PASS_NO_LOOKAHEAD_DAILY_RUNTIME
2018-12-03,0.01722167571515475,0.02326753929582826,0.7401588752551285,18,0.9411764705882353,0.5882352941176472,1.4202681780988318,LOCKED_S13_STYLE_V_Q_M_ATTENUATION_RUNTIME,PASS_NO_LOOKAHEAD_DAILY_RUNTIME
2018-12-04,0.016085798988219248,0.0232652694065251,0.6914082406330416,19,0.8333333333333334,0.75,1.298401236626317,LOCKED_S13_STYLE_V_Q_M_ATTENUATION_RUNTIME,PASS_NO_LOOKAHEAD_DAILY_RUNTIME
2018-12-05,0.016448003549337883,0.023262911961828975,0.7070483513124515,20,0.8421052631578947,0.736842105263158,1.1962995763784698,LOCKED_S13_STYLE_V_Q_M_ATTENUATION_RUNTIME,PASS_NO_LOOKAHEAD_DAILY_RUNTIME
2018-12-06,0.024338377428459075,0.02325657825937054,1.0465158355207589,21,1.0,0.5,1.069699653400566,LOCKED_S13_STYLE_V_Q_M_ATTENUATION_RUNTIME,PASS_NO_LOOKAHEAD_DAILY_RUNTIME
2018-12-07,0.017919287809155828,0.02325655495432815,0.7705048251706329,22,0.9047619047619048,0.6428571428571428,0.9920919242108527,LOCKED_S13_STYLE_V_Q_M_ATTENUATION_RUNTIME,PASS_NO_LOOKAHEAD_DAILY_RUNTIME
2018-12-09,0.017611789363037894,0.023252262297644516,0.7574226171025944,23,0.8636363636363636,0.7045454545454546,0.939810747908053,LOCKED_S13_STYLE_V_Q_M_ATTENUATION_RUNTIME,PASS_NO_LOOKAHEAD_DAILY_RUNTIME
2018-12-10,0.020593437304675402,0.023248278972294582,0.8858048085717224,24,0.9565217391304348,0.5652173913043477,0.8717028648891973,LOCKED_S13_STYLE_V_Q_M_ATTENUATION_RUNTIME,PASS_NO_LOOKAHEAD_DAILY_RUNTIME
2018-12-11,0.017828073234817533,0.023244667099827823,0.7669747713852865,25,0.8333333333333334,0.75,0.8495750712729796,LOCKED_S13_STYLE_V_Q_M_ATTENUATION_RUNTIME,PASS_NO_LOOKAHEAD_DAILY_RUNTIME
2018-12-12,0.017680626967311586,0.023240338692933748,0.7607732056283415,26,0.8,0.7999999999999998,0.8405614219506196,LOCKED_S13_STYLE_V_Q_M_ATTENUATION_RUNTIME,PASS_NO_LOOKAHEAD_DAILY_RUNTIME
2018-12-13,0.018398110545915197,0.023234454585441704,0.791846026695334,27,0.8846153846153846,0.6730769230769231,0.8101096948826747,LOCKED_S13_STYLE_V_Q_M_ATTENUATION_RUNTIME,PASS_NO_LOOKAHEAD_DAILY_RUNTIME
2018-12-14,0.017597688319315748,0.023229536259269747,0.7575565918709802,28,0.7407407407407407,0.8888888888888888,0.8244331847019863,LOCKED_S13_STYLE_V_Q_M_ATTENUATION_RUNTIME,PASS_NO_LOOKAHEAD_DAILY_RUNTIME
2018-12-17,0.02100610473630598,0.023223295146582293,0.9045273120682613,29,0.9642857142857143,0.5535714285714286,0.7751855926782485,LOCKED_S13_STYLE_V_Q_M_ATTENUATION_RUNTIME,PASS_NO_LOOKAHEAD_DAILY_RUNTIME
2018-12-18,0.017901030102377723,0.023220211448676295,0.7709245086740242,30,0.8275862068965517,0.7586206896551724,0.7721737921285983,LOCKED_S13_STYLE_V_Q_M_ATTENUATION_RUNTIME,PASS_NO_LOOKAHEAD_DAILY_RUNTIME
2018-12-19,0.017511825529527285,0.02321579991171681,0.754306360156439,31,0.6333333333333333,1.05,0.8226876481052168,LOCKED_S13_STYLE_V_Q_M_ATTENUATION_RUNTIME,PASS_NO_LOOKAHEAD_DAILY_RUNTIME
2018-12-20,0.017111449498688744,0.023212054681920793,0.7371794411640932,32,0.5806451612903226,1.129032258064516,0.8783866680978165,LOCKED_S13_STYLE_V_Q_M_ATTENUATION_RUNTIME,PASS_NO_LOOKAHEAD_DAILY_RUNTIME
2018-12-21,0.01701549838926283,0.023200653599498813,0.7334059929083379,33,0.5625,1.15625,0.9289072738982135,LOCKED_S13_STYLE_V_Q_M_ATTENUATION_RUNTIME,PASS_NO_LOOKAHEAD_DAILY_RUNTIME
2018-12-24,0.01746284260154761,0.023193814906124443,0.7529094576389181,34,0.6363636363636364,1.0454545454545454,0.9500976869084556,LOCKED_S13_STYLE_V_Q_M_ATTENUATION_RUNTIME,PASS_NO_LOOKAHEAD_DAILY_RUNTIME
2018-12-26,0.019378318949442325,0.023186305059899156,0.8357657202982823,35,0.9117647058823529,0.6323529411764706,0.8923259149571856,LOCKED_S13_STYLE_V_Q_M_ATTENUATION_RUNTIME,PASS_NO_LOOKAHEAD_DAILY_RUNTIME
2018-12-27,0.017892209377782364,0.023180396930334808,0.7718681190643415,36,0.8285714285714286,0.7571428571428571,0.8677471771727623,LOCKED_S13_STYLE_V_Q_M_ATTENUATION_RUNTIME,PASS_NO_LOOKAHEAD_DAILY_RUNTIME
2018-12-28,0.01919189370908719,0.023173785406001807,0.8281725826336795,37,0.8888888888888888,0.6666666666666667,0.8311870843534721,LOCKED_S13_STYLE_V_Q_M_ATTENUATION_RUNTIME,PASS_NO_LOOKAHEAD_DAILY_RUNTIME
2018-12-31,0.020328159607937813,0.023168109760790943,0.877419859359464,38,0.918918918918919,0.6216216216216215,0.793084272947681,LOCKED_S13_STYLE_V_Q_M_ATTENUATION_RUNTIME,PASS_NO_LOOKAHEAD_DAILY_RUNTIME
2019-02-15,0.018362668005401782,0.02316306233506827,0.7927564904749742,39,0.8157894736842105,0.7763157894736843,0.7900354577705907,LOCKED_S13_STYLE_V_Q_M_ATTENUATION_RUNTIME,PASS_NO_LOOKAHEAD_DAILY_RUNTIME
2019-02-17,0.017290289306929156,0.02315767484828867,0.74663321858528,40,0.5384615384615384,1.1923076923076923,0.8631758640500636,LOCKED_S13_STYLE_V_Q_M_ATTENUATION_RUNTIME,PASS_NO_LOOKAHEAD_DAILY_RUNTIME
2019-02-18,0.016871582135439957,0.02315083972170014,0.7287676100848125,41,0.45,1.325,0.9471438887682337,LOCKED_S13_STYLE_V_Q_M_ATTENUATION_RUNTIME,PASS_NO_LOOKAHEAD_DAILY_RUNTIME
2019-02-19,0.017905788712928764,0.023145724446500475,0.7736110725035454,42,0.7804878048780488,0.8292682926829267,0.9257119622072688,LOCKED_S13_STYLE_V_Q_M_ATTENUATION_RUNTIME,PASS_NO_LOOKAHEAD_DAILY_RUNTIME
2019-02-20,0.01661834582586715,0.023141145515642565,0.7181297837928445,43,0.42857142857142855,1.3571428571428572,1.0041539431046484,LOCKED_S13_STYLE_V_Q_M_ATTENUATION_RUNTIME,PASS_NO_LOOKAHEAD_DAILY_RUNTIME
2019-02-21,0.01797557206904313,0.023136632601552274,0.7769312146071387,44,0.7906976744186046,0.8139534883720931,0.9695720422441838,LOCKED_S13_STYLE_V_Q_M_ATTENUATION_RUNTIME,PASS_NO_LOOKAHEAD_DAILY_RUNTIME
2019-02-24,0.017658893833878433,0.02313212867423044,0.7633925127500576,45,0.6590909090909091,1.0113636363636365,0.9771705139022661,LOCKED_S13_STYLE_V_Q_M_ATTENUATION_RUNTIME,PASS_NO_LOOKAHEAD_DAILY_RUNTIME
2019-02-25,0.018117487158654216,0.023128480386243832,0.7833410088381763,46,0.8,0.7999999999999998,0.944957693192763,LOCKED_S13_STYLE_V_Q_M_ATTENUATION_RUNTIME,PASS_NO_LOOKAHEAD_DAILY_RUNTIME
2019-02-26,0.017138742217916673,0.02312299576382439,0.7411990380904709,47,0.5,1.25,1.0004199307940786,LOCKED_S13_STYLE_V_Q_M_ATTENUATION_RUNTIME,PASS_NO_LOOKAHEAD_DAILY_RUNTIME
2019-02-27,0.017908121327999037,0.02311986289084967,0.7745773152957007,48,0.7659574468085106,0.8510638297872339,0.9732642760655614,LOCKED_S13_STYLE_V_Q_M_ATTENUATION_RUNTIME,PASS_NO_LOOKAHEAD_DAILY_RUNTIME
2019-02-28,0.021081279486055586,0.023114851372037493,0.912023146796351,49,0.9791666666666666,0.53125,0.892898044053641,LOCKED_S13_STYLE_V_Q_M_ATTENUATION_RUNTIME,PASS_NO_LOOKAHEAD_DAILY_RUNTIME
2019-03-01,0.02045836232323521,0.02311175829276694,0.8851928124238762,50,0.9183673469387755,0.6224489795918366,0.8437254868787675,LOCKED_S13_STYLE_V_Q_M_ATTENUATION_RUNTIME,PASS_NO_LOOKAHEAD_DAILY_RUNTIME
2019-03-03,0.018346840206143786,0.02310786615362378,0.7939651408819776,51,0.82,0.77,0.8303208529008097,LOCKED_S13_STYLE_V_Q_M_ATTENUATION_RUNTIME,PASS_NO_LOOKAHEAD_DAILY_RUNTIME
2019-03-04,0.018086884027625413,0.023104427325746767,0.7828319556516349,52,0.7450980392156863,0.8823529411764706,0.8397812325872934,LOCKED_S13_STYLE_V_Q_M_ATTENUATION_RUNTIME,PASS_NO_LOOKAHEAD_DAILY_RUNTIME
2019-03-05,0.02023223643777827,0.023098191042885595,0.8759229846274018,53,0.8846153846153846,0.6730769230769231,0.8094713581308625,LOCKED_S13_STYLE_V_Q_M_ATTENUATION_RUNTIME,PASS_NO_LOOKAHEAD_DAILY_RUNTIME
2019-03-06,0.021903052524509855,0.023095987181983697,0.9483488344501505,54,0.9811320754716981,0.5283018867924527,0.7583496360693334,LOCKED_S13_STYLE_V_Q_M_ATTENUATION_RUNTIME,PASS_NO_LOOKAHEAD_DAILY_RUNTIME
2019-03-07,0.018593585676517643,0.023089548895374075,0.8052814613559997,55,0.7962962962962963,0.8055555555555556,0.7669325305213737,LOCKED_S13_STYLE_V_Q_M_ATTENUATION_RUNTIME,PASS_NO_LOOKAHEAD_DAILY_RUNTIME
2019-03-08,0.01976277153229841,0.023085565050967947,0.8560661819914943,56,0.8545454545454545,0.7181818181818183,0.7580687646414545,LOCKED_S13_STYLE_V_Q_M_ATTENUATION_RUNTIME,PASS_NO_LOOKAHEAD_DAILY_RUNTIME
2019-03-10,0.017805034817439704,0.023080106322566525,0.7714450951220648,57,0.6071428571428571,1.0892857142857144,0.818290028213138,LOCKED_S13_STYLE_V_Q_M_ATTENUATION_RUNTIME,PASS_NO_LOOKAHEAD_DAILY_RUNTIME
2019-03-11,0.017838075749849115,0.02307652845740709,0.7729965008720131,58,0.631578947368421,1.0526315789473686,0.860897582892089,LOCKED_S13_STYLE_V_Q_M_ATTENUATION_RUNTIME,PASS_NO_LOOKAHEAD_DAILY_RUNTIME
2019-03-12,0.018608366644624265,0.023069990406554757,0.8066048713803178,59,0.7931034482758621,0.8103448275862069,0.851706172836474,LOCKED_S13_STYLE_V_Q_M_ATTENUATION_RUNTIME,PASS_NO_LOOKAHEAD_DAILY_RUNTIME
2019-03-14,0.01931528044900309,0.023067537452760294,0.8373360393825564,60,0.847457627118644,0.728813559322034,0.829362061288394,LOCKED_S13_STYLE_V_Q_M_ATTENUATION_RUNTIME,PASS_NO_LOOKAHEAD_DAILY_RUNTIME
2019-03-15,0.01939143183723905,0.02306512892215751,0.8407250574095285,61,0.85,0.7250000000000001,0.8103871410541404,LOCKED_S13_STYLE_V_Q_M_ATTENUATION_RUNTIME,PASS_NO_LOOKAHEAD_DAILY_RUNTIME
2019-03-18,0.020848948226884132,0.023063080257349024,0.9039966905652439,62,0.9344262295081968,0.5983606557377048,0.7718368709966067,LOCKED_S13_STYLE_V_Q_M_ATTENUATION_RUNTIME,PASS_NO_LOOKAHEAD_DAILY_RUNTIME
2019-03-19,0.017727263636952113,0.023061869690555674,0.7686828463960926,63,0.5161290322580645,1.2258064516129032,0.8543767947450243,LOCKED_S13_STYLE_V_Q_M_ATTENUATION_RUNTIME,PASS_NO_LOOKAHEAD_DAILY_RUNTIME
2019-03-20,0.02248666945749572,0.02305975294556713,0.9751478912447942,64,0.9841269841269841,0.523809523809524,0.7942736545749333,LOCKED_S13_STYLE_V_Q_M_ATTENUATION_RUNTIME,PASS_NO_LOOKAHEAD_DAILY_RUNTIME
2019-03-21,0.02243332954245363,0.023051830009372557,0.9731691381262375,65,0.96875,0.546875,0.7492920810158545,LOCKED_S13_STYLE_V_Q_M_ATTENUATION_RUNTIME,PASS_NO_LOOKAHEAD_DAILY_RUNTIME
2019-03-22,0.027558909846152852,0.023052841116824756,1.1954669581286193,66,1.0,0.5,0.703966248103881,LOCKED_S13_STYLE_V_Q_M_ATTENUATION_RUNTIME,PASS_NO_LOOKAHEAD_DAILY_RUNTIME
2019-03-25,0.02784700671504946,0.023052738334181908,1.207969583108431,67,1.0,0.5,0.6668814757213571,LOCKED_S13_STYLE_V_Q_M_ATTENUATION_RUNTIME,PASS_NO_LOOKAHEAD_DAILY_RUNTIME
2019-03-27,0.02829136088580274,0.02305573035867774,1.22708586740365,68,1.0,0.5,0.6365393892265649,LOCKED_S13_STYLE_V_Q_M_ATTENUATION_RUNTIME,PASS_NO_LOOKAHEAD_DAILY_RUNTIME
2019-03-29,0.03036828493934197,0.02305605879953878,1.3171498738522243,69,1.0,0.5,0.6117140457308259,LOCKED_S13_STYLE_V_Q_M_ATTENUATION_RUNTIME,PASS_NO_LOOKAHEAD_DAILY_RUNTIME
2019-05-20,0.027954893125514378,0.023059062066890762,1.2123170077092282,70,0.9710144927536232,0.5434782608695652,0.5993075393924148,LOCKED_S13_STYLE_V_Q_M_ATTENUATION_RUNTIME,PASS_NO_LOOKAHEAD_DAILY_RUNTIME
2019-05-21,0.027306920656452016,0.02305765464472415,1.1842887352248614,71,0.9285714285714286,0.6071428571428572,0.6007321426197679,LOCKED_S13_STYLE_V_Q_M_ATTENUATION_RUNTIME,PASS_NO_LOOKAHEAD_DAILY_RUNTIME
2019-05-22,0.027189758559444558,0.023056819524376222,1.1792501793536134,72,0.9154929577464789,0.6267605633802817,0.6054645827580432,LOCKED_S13_STYLE_V_Q_M_ATTENUATION_RUNTIME,PASS_NO_LOOKAHEAD_DAILY_RUNTIME
2019-05-23,0.02845184316682593,0.023053555003504696,1.234162937668423,73,0.9861111111111112,0.5208333333333333,0.5900770828626414,LOCKED_S13_STYLE_V_Q_M_ATTENUATION_RUNTIME,PASS_NO_LOOKAHEAD_DAILY_RUNTIME
2019-05-24,0.028743475489471832,0.023051211907288423,1.246939883468062,74,0.9863013698630136,0.5205479452054795,0.5774354214704301,LOCKED_S13_STYLE_V_Q_M_ATTENUATION_RUNTIME,PASS_NO_LOOKAHEAD_DAILY_RUNTIME
2019-05-26,0.026688151988458753,0.023049352469180072,1.157869923857697,75,0.8783783783783784,0.6824324324324325,0.5965257870998851,LOCKED_S13_STYLE_V_Q_M_ATTENUATION_RUNTIME,PASS_NO_LOOKAHEAD_DAILY_RUNTIME
2019-05-27,0.02785288162406682,0.023047134009839314,1.2085182310380036,76,0.9333333333333333,0.6000000000000001,0.5971574621726332,LOCKED_S13_STYLE_V_Q_M_ATTENUATION_RUNTIME,PASS_NO_LOOKAHEAD_DAILY_RUNTIME
2019-05-28,0.026940050096490063,0.023045262754712588,1.1690059854483985,77,0.868421052631579,0.6973684210526314,0.615377636514451,LOCKED_S13_STYLE_V_Q_M_ATTENUATION_RUNTIME,PASS_NO_LOOKAHEAD_DAILY_RUNTIME
2019-05-29,0.025323268506625612,0.023043904430677675,1.0989139701913313,78,0.8441558441558441,0.7337662337662338,0.636902836014775,LOCKED_S13_STYLE_V_Q_M_ATTENUATION_RUNTIME,PASS_NO_LOOKAHEAD_DAILY_RUNTIME
2019-05-30,0.028133479146825603,0.02304207222211478,1.2209613300241422,79,0.9487179487179487,0.5769230769230771,0.6259974252708299,LOCKED_S13_STYLE_V_Q_M_ATTENUATION_RUNTIME,PASS_NO_LOOKAHEAD_DAILY_RUNTIME
2019-05-31,0.030039801509787516,0.02304185308839007,1.3037059734107692,80,0.9873417721518988,0.5189873417721518,0.6065410464528884,LOCKED_S13_STYLE_V_Q_M_ATTENUATION_RUNTIME,PASS_NO_LOOKAHEAD_DAILY_RUNTIME
2019-06-02,0.029174252078009905,0.023038016396850373,1.2663526049924352,81,0.975,0.5375000000000001,0.5939881289159996,LOCKED_S13_STYLE_V_Q_M_ATTENUATION_RUNTIME,PASS_NO_LOOKAHEAD_DAILY_RUNTIME
2019-06-03,0.031029939078270743,0.023037982854991024,1.346903471262386,82,1.0,0.5,0.5768993782039996,LOCKED_S13_STYLE_V_Q_M_ATTENUATION_RUNTIME,PASS_NO_LOOKAHEAD_DAILY_RUNTIME
2019-06-04,0.029648952872049005,0.023036064470419188,1.2870667604755788,83,0.9634146341463414,0.5548780487804879,0.5728955001269974,LOCKED_S13_STYLE_V_Q_M_ATTENUATION_RUNTIME,PASS_NO_LOOKAHEAD_DAILY_RUNTIME
2019-06-05,0.030481550251074678,0.023034076633498993,1.3233241660203843,84,0.9879518072289156,0.5180722891566265,0.5629276435869299,LOCKED_S13_STYLE_V_Q_M_ATTENUATION_RUNTIME,PASS_NO_LOOKAHEAD_DAILY_RUNTIME
2019-06-06,0.028157779863688583,0.023032229627474112,1.2225381701691804,85,0.8928571428571429,0.6607142857142856,0.5807070330646309,LOCKED_S13_STYLE_V_Q_M_ATTENUATION_RUNTIME,PASS_NO_LOOKAHEAD_DAILY_RUNTIME
2019-06-07,0.02878631582916412,0.023030478108715963,1.2499226326643145,86,0.9294117647058824,0.6058823529411765,0.5852843639512756,LOCKED_S13_STYLE_V_Q_M_ATTENUATION_RUNTIME,PASS_NO_LOOKAHEAD_DAILY_RUNTIME
2019-06-09,0.030675615961448868,0.02302589235267893,1.3322226774798562,87,0.9883720930232558,0.5174418604651163,0.5729493633174284,LOCKED_S13_STYLE_V_Q_M_ATTENUATION_RUNTIME,PASS_NO_LOOKAHEAD_DAILY_RUNTIME
2019-06-10,0.028026451303464418,0.023025923274862296,1.2171694906176147,88,0.8505747126436781,0.7241379310344829,0.6004381938114383,LOCKED_S13_STYLE_V_Q_M_ATTENUATION_RUNTIME,PASS_NO_LOOKAHEAD_DAILY_RUNTIME
2019-06-11,0.026996845468034728,0.023024101846616116,1.1725471702603023,89,0.7727272727272727,0.8409090909090908,0.6441601751019206,LOCKED_S13_STYLE_V_Q_M_ATTENUATION_RUNTIME,PASS_NO_LOOKAHEAD_DAILY_RUNTIME
2019-06-12,0.027975723589602586,0.0230224969546309,1.2151472381441824,90,0.8426966292134831,0.7359550561797754,0.6608501534797124,LOCKED_S13_STYLE_V_Q_M_ATTENUATION_RUNTIME,PASS_NO_LOOKAHEAD_DAILY_RUNTIME
2019-06-13,0.029033058030355822,0.0230215150104454,1.2611271680939697,91,0.9222222222222223,0.6166666666666667,0.6528167922409769,LOCKED_S13_STYLE_V_Q_M_ATTENUATION_RUNTIME,PASS_NO_LOOKAHEAD_DAILY_RUNTIME
2019-06-14,0.026175901939429244,0.023021435905382012,1.1370229922673838,92,0.7252747252747253,0.9120879120879122,0.6999569958495105,LOCKED_S13_STYLE_V_Q_M_ATTENUATION_RUNTIME,PASS_NO_LOOKAHEAD_DAILY_RUNTIME
2019-06-16,0.026743661114998468,0.023015860211629276,1.161966612114095,93,0.7391304347826086,0.8913043478260869,0.7347474234816154,LOCKED_S13_STYLE_V_Q_M_ATTENUATION_RUNTIME,PASS_NO_LOOKAHEAD_DAILY_RUNTIME
2019-06-17,0.024502610611777303,0.023011680776764777,1.0647901319975697,94,0.6989247311827957,0.9516129032258065,0.7741775107078319,LOCKED_S13_STYLE_V_Q_M_ATTENUATION_RUNTIME,PASS_NO_LOOKAHEAD_DAILY_RUNTIME
2019-06-18,0.023719033103620293,0.023005148297634483,1.0310315237593672,95,0.6808510638297872,0.9787234042553192,0.8113676731710113,LOCKED_S13_STYLE_V_Q_M_ATTENUATION_RUNTIME,PASS_NO_LOOKAHEAD_DAILY_RUNTIME
2019-06-19,0.03341674025380886,0.02299880896203064,1.4529769915032325,96,1.0,0.5,0.7547553689581001,LOCKED_S13_STYLE_V_Q_M_ATTENUATION_RUNTIME,PASS_NO_LOOKAHEAD_DAILY_RUNTIME
2019-06-20,0.024904051505056504,0.022996716246760328,1.0829394613487424,97,0.6979166666666666,0.953125,0.7908225746020819,LOCKED_S13_STYLE_V_Q_M_ATTENUATION_RUNTIME,PASS_NO_LOOKAHEAD_DAILY_RUNTIME
2019-06-21,0.03443663489530391,0.02299177975302138,1.4977803051883596,98,1.0,0.5,0.7379457428562488,LOCKED_S13_STYLE_V_Q_M_ATTENUATION_RUNTIME,PASS_NO_LOOKAHEAD_DAILY_RUNTIME
2019-06-24,0.027129557070988266,0.022989737601896616,1.180072497597803,99,0.7653061224489796,0.8520408163265307,0.7586903016690274,LOCKED_S13_STYLE_V_Q_M_ATTENUATION_RUNTIME,PASS_NO_LOOKAHEAD_DAILY_RUNTIME
2019-06-25,0.023694991696151912,0.02298624656669602,1.0308334432678874,100,0.6464646464646465,1.0303030303030303,0.808074434147937,LOCKED_S13_STYLE_V_Q_M_ATTENUATION_RUNTIME,PASS_NO_LOOKAHEAD_DAILY_RUNTIME
2019-06-26,0.028853645613277894,0.022979429065268474,1.255629351422304,101,0.9,0.6499999999999999,0.7793336279392211,LOCKED_S13_STYLE_V_Q_M_ATTENUATION_RUNTIME,PASS_NO_LOOKAHEAD_DAILY_RUNTIME
2019-06-27,0.022921363045174486,0.022977061519482835,0.9975759095974426,102,0.6336633663366337,1.0495049504950495,0.8284556865857353,LOCKED_S13_STYLE_V_Q_M_ATTENUATION_RUNTIME,PASS_NO_LOOKAHEAD_DAILY_RUNTIME
2019-06-28,0.022100123218791744,0.02296818600568358,0.9622058622010015,103,0.6078431372549019,1.0882352941176472,0.8756883425006283,LOCKED_S13_STYLE_V_Q_M_ATTENUATION_RUNTIME,PASS_NO_LOOKAHEAD_DAILY_RUNTIME
2019-08-19,0.037835348976247074,0.02296430722419342,1.6475719736229044,104,1.0,0.5,0.8073813711368777,LOCKED_S13_STYLE_V_Q_M_ATTENUATION_RUNTIME,PASS_NO_LOOKAHEAD_DAILY_RUNTIME
2019-08-20,0.03877079312823294,0.022962036374698798,1.6884736395136695,105,1.0,0.5,0.7514938491119908,LOCKED_S13_STYLE_V_Q_M_ATTENUATION_RUNTIME,PASS_NO_LOOKAHEAD_DAILY_RUNTIME
2019-08-21,0.03488088508015027,0.02296580194102339,1.5188185097879463,106,0.9809523809523809,0.5285714285714287,0.7109624999227977,LOCKED_S13_STYLE_V_Q_M_ATTENUATION_RUNTIME,PASS_NO_LOOKAHEAD_DAILY_RUNTIME
2019-08-22,0.03399823296236817,0.02296697784939875,1.480309389650855,107,0.9622641509433962,0.5566037735849056,0.6828972769522719,LOCKED_S13_STYLE_V_Q_M_ATTENUATION_RUNTIME,PASS_NO_LOOKAHEAD_DAILY_RUNTIME
2019-08-23,0.03500520458537782,0.022968202638842243,1.5240724377004333,108,0.9813084112149533,0.52803738317757,0.6547409326295988,LOCKED_S13_STYLE_V_Q_M_ATTENUATION_RUNTIME,PASS_NO_LOOKAHEAD_DAILY_RUNTIME
2019-08-25,0.037604307445139644,0.02296964730537475,1.6371303810285531,109,0.9814814814814815,0.5277777777777777,0.6316567226565403,LOCKED_S13_STYLE_V_Q_M_ATTENUATION_RUNTIME,PASS_NO_LOOKAHEAD_DAILY_RUNTIME
2019-08-26,0.03624720109121842,0.02297255999054016,1.577847706400358,110,0.9724770642201835,0.5412844036697246,0.6152253919316647,LOCKED_S13_STYLE_V_Q_M_ATTENUATION_RUNTIME,PASS_NO_LOOKAHEAD_DAILY_RUNTIME
2019-08-27,0.03977909117720071,0.022975034319717143,1.7314050818658557,111,1.0,0.5,0.594275320671362,LOCKED_S13_STYLE_V_Q_M_ATTENUATION_RUNTIME,PASS_NO_LOOKAHEAD_DAILY_RUNTIME
2019-08-28,0.03836993296017077,0.022979373239146606,1.6697554176458353,112,0.9819819819819819,0.5270270270270272,0.5820483581905739,LOCKED_S13_STYLE_V_Q_M_ATTENUATION_RUNTIME,PASS_NO_LOOKAHEAD_DAILY_RUNTIME
2019-08-29,0.03345428627987327,0.02298107885696358,1.4557317560283367,113,0.9107142857142857,0.6339285714285714,0.5914811242338461,LOCKED_S13_STYLE_V_Q_M_ATTENUATION_RUNTIME,PASS_NO_LOOKAHEAD_DAILY_RUNTIME
2019-08-30,0.03550445860138336,0.022983731406788423,1.5447647717853528,114,0.9469026548672567,0.579646017699115,0.5893292866820767,LOCKED_S13_STYLE_V_Q_M_ATTENUATION_RUNTIME,PASS_NO_LOOKAHEAD_DAILY_RUNTIME
2019-09-01,0.03359487981132648,0.022981212254398593,1.4618410656250926,115,0.9035087719298246,0.644736842105263,0.5994033876681105,LOCKED_S13_STYLE_V_Q_M_ATTENUATION_RUNTIME,PASS_NO_LOOKAHEAD_DAILY_RUNTIME
2019-09-02,0.030908689613739427,0.022984409706971944,1.3447676058595397,116,0.8695652173913043,0.6956521739130435,0.6169031669853711,LOCKED_S13_STYLE_V_Q_M_ATTENUATION_RUNTIME,PASS_NO_LOOKAHEAD_DAILY_RUNTIME
2019-09-03,0.031536302252051014,0.02298614325879879,1.3719701429242306,117,0.8793103448275862,0.6810344827586208,0.628563406216871,LOCKED_S13_STYLE_V_Q_M_ATTENUATION_RUNTIME,PASS_NO_LOOKAHEAD_DAILY_RUNTIME
2019-09-04,0.031330387535942285,0.022988553072008068,1.3628690521671685,118,0.8717948717948718,0.6923076923076923,0.640153276415202,LOCKED_S13_STYLE_V_Q_M_ATTENUATION_RUNTIME,PASS_NO_LOOKAHEAD_DAILY_RUNTIME
2019-09-05,0.036348483973396725,0.022989313817736085,1.581103475361415,119,0.9576271186440678,0.5635593220338984,0.6262271028913285,LOCKED_S13_STYLE_V_Q_M_ATTENUATION_RUNTIME,PASS_NO_LOOKAHEAD_DAILY_RUNTIME
2019-09-06,0.032058757075707246,0.022992899737265177,1.3942894303039475,120,0.8739495798319328,0.6890756302521008,0.6376541078660144,LOCKED_S13_STYLE_V_Q_M_ATTENUATION_RUNTIME,PASS_NO_LOOKAHEAD_DAILY_RUNTIME
2019-09-08,0.03107209412781458,0.022992747231910613,1.3513867575028615,121,0.85,0.7250000000000001,0.6535351791631027,LOCKED_S13_STYLE_V_Q_M_ATTENUATION_RUNTIME,PASS_NO_LOOKAHEAD_DAILY_RUNTIME
2019-09-09,0.033150208328393195,0.022994784224579873,1.4416403304605858,122,0.8760330578512396,0.6859504132231407,0.6594288580831096,LOCKED_S13_STYLE_V_Q_M_ATTENUATION_RUNTIME,PASS_NO_LOOKAHEAD_DAILY_RUNTIME
2019-09-10,0.03608046344485082,0.022997905983661967,1.5688586374117228,123,0.9426229508196722,0.5860655737704916,0.6460900791171791,LOCKED_S13_STYLE_V_Q_M_ATTENUATION_RUNTIME,PASS_NO_LOOKAHEAD_DAILY_RUNTIME
2019-09-11,0.033849757991780596,0.023002511059395943,1.4715679477069017,124,0.8943089430894309,0.6585365853658538,0.6483530802533017,LOCKED_S13_STYLE_V_Q_M_ATTENUATION_RUNTIME,PASS_NO_LOOKAHEAD_DAILY_RUNTIME
2019-09-12,0.03317083181253872,0.02299807534635895,1.442330773900622,125,0.8629032258064516,0.7056451612903225,0.6587698222600328,LOCKED_S13_STYLE_V_Q_M_ATTENUATION_RUNTIME,PASS_NO_LOOKAHEAD_DAILY_RUNTIME
2019-09-13,0.03585635564505666,0.02300269168770973,1.5587895595807426,126,0.936,0.5959999999999999,0.6473571273036631,LOCKED_S13_STYLE_V_Q_M_ATTENUATION_RUNTIME,PASS_NO_LOOKAHEAD_DAILY_RUNTIME
2019-09-16,0.03590607320193832,0.02300248170582964,1.5609651889360465,127,0.9365079365079365,0.5952380952380953,0.6378809396553781,LOCKED_S13_STYLE_V_Q_M_ATTENUATION_RUNTIME,PASS_NO_LOOKAHEAD_DAILY_RUNTIME
2019-09-17,0.039218521393526336,0.023008278075915177,1.7045396124006285,128,0.9921259842519685,0.5118110236220472,0.614959136740227,LOCKED_S13_STYLE_V_Q_M_ATTENUATION_RUNTIME,PASS_NO_LOOKAHEAD_DAILY_RUNTIME
2019-09-18,0.0336573721864804,0.023014673013471893,1.4624310398317928,129,0.8671875,0.69921875,0.630279066423822,LOCKED_S13_STYLE_V_Q_M_ATTENUATION_RUNTIME,PASS_NO_LOOKAHEAD_DAILY_RUNTIME
2019-09-19,0.03384251767068492,0.02301919575356415,1.4701867968365034,130,0.8682170542635659,0.6976744186046511,0.6425327668203363,LOCKED_S13_STYLE_V_Q_M_ATTENUATION_RUNTIME,PASS_NO_LOOKAHEAD_DAILY_RUNTIME
2019-09-20,0.03503264549419888,0.023022199053948172,1.5216898008789905,131,0.9,0.6499999999999999,0.6438904455802751,LOCKED_S13_STYLE_V_Q_M_ATTENUATION_RUNTIME,PASS_NO_LOOKAHEAD_DAILY_RUNTIME
2019-09-23,0.03191958479886658,0.02302722610805943,1.3861671679028182,132,0.8015267175572519,0.7977099236641221,0.6718576234137018,LOCKED_S13_STYLE_V_Q_M_ATTENUATION_RUNTIME,PASS_NO_LOOKAHEAD_DAILY_RUNTIME
2019-09-24,0.03375961206192658,0.02302945062130373,1.4659321499704712,133,0.8560606060606061,0.7159090909090908,0.6798669811401361,LOCKED_S13_STYLE_V_Q_M_ATTENUATION_RUNTIME,PASS_NO_LOOKAHEAD_DAILY_RUNTIME
2019-09-25,0.0354873026642429,0.02303447116621094,1.5406172083646057,134,0.9097744360902256,0.6353383458646618,0.6717708656355044,LOCKED_S13_STYLE_V_Q_M_ATTENUATION_RUNTIME,PASS_NO_LOOKAHEAD_DAILY_RUNTIME
2019-09-26,0.034571809995968726,0.023039948228878386,1.5005159583056809,135,0.8805970149253731,0.6791044776119404,0.67310424963122,LOCKED_S13_STYLE_V_Q_M_ATTENUATION_RUNTIME,PASS_NO_LOOKAHEAD_DAILY_RUNTIME
2019-09-27,0.055188694048941826,0.023045465086445678,2.3947745832823903,136,1.0,0.5,0.6416307496982708,LOCKED_S13_STYLE_V_Q_M_ATTENUATION_RUNTIME,PASS_NO_LOOKAHEAD_DAILY_RUNTIME
2019-11-18,0.03261450967969413,0.023058964222701137,1.4143961265868883,137,0.7867647058823529,0.8198529411764706,0.6740347845124889,LOCKED_S13_STYLE_V_Q_M_ATTENUATION_RUNTIME,PASS_NO_LOOKAHEAD_DAILY_RUNTIME
2019-11-19,0.03308165466254975,0.023063900456483884,1.434347790607534,138,0.7883211678832117,0.8175182481751824,0.700122686996615,LOCKED_S13_STYLE_V_Q_M_ATTENUATION_RUNTIME,PASS_NO_LOOKAHEAD_DAILY_RUNTIME
2019-11-20,0.031245564938573306,0.02306345906717074,1.354764905280372,139,0.7463768115942029,0.8804347826086958,0.7329067043806297,LOCKED_S13_STYLE_V_Q_M_ATTENUATION_RUNTIME,PASS_NO_LOOKAHEAD_DAILY_RUNTIME
2019-11-21,0.0349092759373352,0.023065745052054575,1.5134683860656677,140,0.8776978417266187,0.6834532374100719,0.7239151649314373,LOCKED_S13_STYLE_V_Q_M_ATTENUATION_RUNTIME,PASS_NO_LOOKAHEAD_DAILY_RUNTIME
2019-11-22,0.03370332815207212,0.023068200942677128,1.4610297628247018,141,0.8142857142857143,0.7785714285714285,0.7338526674114356,LOCKED_S13_STYLE_V_Q_M_ATTENUATION_RUNTIME,PASS_NO_LOOKAHEAD_DAILY_RUNTIME
2019-11-24,0.032105245514941795,0.023071675356654178,1.3915437443810172,142,0.7588652482269503,0.8617021276595744,0.7570980238201881,LOCKED_S13_STYLE_V_Q_M_ATTENUATION_RUNTIME,PASS_NO_LOOKAHEAD_DAILY_RUNTIME
2019-11-25,0.02774740314290795,0.02307396245233589,1.2025417480948941,143,0.5704225352112676,1.1443661971830985,0.8275104189770808,LOCKED_S13_STYLE_V_Q_M_ATTENUATION_RUNTIME,PASS_NO_LOOKAHEAD_DAILY_RUNTIME
2019-11-26,0.026857535925460835,0.023075231355261867,1.1639118807507205,144,0.5244755244755245,1.2132867132867133,0.8976515633970139,LOCKED_S13_STYLE_V_Q_M_ATTENUATION_RUNTIME,PASS_NO_LOOKAHEAD_DAILY_RUNTIME
2019-11-27,0.02702207034872314,0.02307358819011726,1.1711256232048497,145,0.5347222222222222,1.1979166666666667,0.9522452185369508,LOCKED_S13_STYLE_V_Q_M_ATTENUATION_RUNTIME,PASS_NO_LOOKAHEAD_DAILY_RUNTIME
2019-11-28,0.025063263404560155,0.023072503040735125,1.0862828086016627,146,0.4896551724137931,1.2655172413793103,1.0092037681446524,LOCKED_S13_STYLE_V_Q_M_ATTENUATION_RUNTIME,PASS_NO_LOOKAHEAD_DAILY_RUNTIME
2019-11-29,0.024698337848327857,0.023069858144556248,1.0705890644653087,147,0.4794520547945205,1.2808219178082192,1.0585888862653008,LOCKED_S13_STYLE_V_Q_M_ATTENUATION_RUNTIME,PASS_NO_LOOKAHEAD_DAILY_RUNTIME
2019-12-01,0.024198039315203628,0.02306863154782742,1.0489585940559432,148,0.46938775510204084,1.2959183673469388,1.1017397010074168,LOCKED_S13_STYLE_V_Q_M_ATTENUATION_RUNTIME,PASS_NO_LOOKAHEAD_DAILY_RUNTIME
2019-12-02,0.027655308117554952,0.02306576184947845,1.1989765739378897,149,0.581081081081081,1.1283783783783785,1.1065830968930461,LOCKED_S13_STYLE_V_Q_M_ATTENUATION_RUNTIME,PASS_NO_LOOKAHEAD_DAILY_RUNTIME
2019-12-03,0.026269271995873276,0.023065738060098456,1.1388871202572368,150,0.5100671140939598,1.2348993288590604,1.1299133208868668,LOCKED_S13_STYLE_V_Q_M_ATTENUATION_RUNTIME,PASS_NO_LOOKAHEAD_DAILY_RUNTIME
2019-12-04,0.035316872254593755,0.023062944210389187,1.531325399412124,151,0.9066666666666666,0.6400000000000001,1.0408381716347093,LOCKED_S13_STYLE_V_Q_M_ATTENUATION_RUNTIME,PASS_NO_LOOKAHEAD_DAILY_RUNTIME
2019-12-05,0.02599745956538093,0.023066708559853405,1.127055448674995,152,0.4966887417218543,1.2549668874172186,1.0797706654133472,LOCKED_S13_STYLE_V_Q_M_ATTENUATION_RUNTIME,PASS_NO_LOOKAHEAD_DAILY_RUNTIME
2019-12-06,0.025630050246873953,0.023066096121359715,1.1111568300081764,153,0.4934210526315789,1.2598684210526316,1.112515711893217,LOCKED_S13_STYLE_V_Q_M_ATTENUATION_RUNTIME,PASS_NO_LOOKAHEAD_DAILY_RUNTIME
2019-12-08,0.029141498518746322,0.02306628782851154,1.2633805116541292,154,0.6797385620915033,0.9803921568627452,1.088493247342222,LOCKED_S13_STYLE_V_Q_M_ATTENUATION_RUNTIME,PASS_NO_LOOKAHEAD_DAILY_RUNTIME
2019-12-09,0.033496464832184165,0.023068113434936845,1.4520678046195792,155,0.8051948051948052,0.7922077922077921,1.0346231645905073,LOCKED_S13_STYLE_V_Q_M_ATTENUATION_RUNTIME,PASS_NO_LOOKAHEAD_DAILY_RUNTIME
2019-12-10,0.023473582679745645,0.02307194045079288,1.0174082552704822,156,0.4258064516129032,1.3612903225806452,1.0940171933159868,LOCKED_S13_STYLE_V_Q_M_ATTENUATION_RUNTIME,PASS_NO_LOOKAHEAD_DAILY_RUNTIME
2019-12-11,0.02389541515433633,0.02307169104092595,1.035702806177025,157,0.4423076923076923,1.3365384615384617,1.1381119693564368,LOCKED_S13_STYLE_V_Q_M_ATTENUATION_RUNTIME,PASS_NO_LOOKAHEAD_DAILY_RUNTIME
2019-12-12,0.038114953224555555,0.023072354292105433,1.651975032196744,158,0.9681528662420382,0.5477707006369426,1.0307771932256196,LOCKED_S13_STYLE_V_Q_M_ATTENUATION_RUNTIME,PASS_NO_LOOKAHEAD_DAILY_RUNTIME
2019-12-13,0.03646916109152342,0.023076526955488556,1.580357441215804,159,0.9430379746835443,0.5854430379746836,0.9498073468163584,LOCKED_S13_STYLE_V_Q_M_ATTENUATION_RUNTIME,PASS_NO_LOOKAHEAD_DAILY_RUNTIME
2019-12-16,0.03452205989965062,0.023081984550336367,1.4956278921496609,160,0.8553459119496856,0.7169811320754715,0.9074753077725607,LOCKED_S13_STYLE_V_Q_M_ATTENUATION_RUNTIME,PASS_NO_LOOKAHEAD_DAILY_RUNTIME
2019-12-17,0.03278129893446149,0.023084573006250782,1.4200522108676237,161,0.76875,0.8468749999999998,0.8964570699957314,LOCKED_S13_STYLE_V_Q_M_ATTENUATION_RUNTIME,PASS_NO_LOOKAHEAD_DAILY_RUNTIME
2019-12-18,0.03193128200192065,0.023088498226388983,1.3829951904548219,162,0.7391304347826086,0.8913043478260869,0.8955202114194323,LOCKED_S13_STYLE_V_Q_M_ATTENUATION_RUNTIME,PASS_NO_LOOKAHEAD_DAILY_RUNTIME
2019-12-19,0.03434919419446745,0.02309103064920944,1.4875556971140849,163,0.8518518518518519,0.7222222222222223,0.8640114861108485,LOCKED_S13_STYLE_V_Q_M_ATTENUATION_RUNTIME,PASS_NO_LOOKAHEAD_DAILY_RUNTIME
2019-12-20,0.030201177388525374,0.023096146157961954,1.307628432118927,164,0.6748466257668712,0.9877300613496933,0.8865057725179113,LOCKED_S13_STYLE_V_Q_M_ATTENUATION_RUNTIME,PASS_NO_LOOKAHEAD_DAILY_RUNTIME
2019-12-24,0.034739411304899326,0.023098839207386857,1.5039461937026641,165,0.8719512195121951,0.6920731707317074,0.8511543903749651,LOCKED_S13_STYLE_V_Q_M_ATTENUATION_RUNTIME,PASS_NO_LOOKAHEAD_DAILY_RUNTIME
2019-12-26,0.034713118342276514,0.023103905291126575,1.50247838644009,166,0.8666666666666667,0.7,0.8236717739431532,LOCKED_S13_STYLE_V_Q_M_ATTENUATION_RUNTIME,PASS_NO_LOOKAHEAD_DAILY_RUNTIME
2019-12-27,0.028156342267084192,0.023108300641870316,1.218451443204233,167,0.5903614457831325,1.1144578313253013,0.8765419661944528,LOCKED_S13_STYLE_V_Q_M_ATTENUATION_RUNTIME,PASS_NO_LOOKAHEAD_DAILY_RUNTIME
2019-12-31,0.026730461542465198,0.023111080098699416,1.1566080610818992,168,0.48502994011976047,1.2724550898203593,0.948526170490072,LOCKED_S13_STYLE_V_Q_M_ATTENUATION_RUNTIME,PASS_NO_LOOKAHEAD_DAILY_RUNTIME
2020-02-14,0.043393307603129955,0.02311292306925861,1.8774478447879797,169,0.9940476190476191,0.5089285714285714,0.8685993342970719,LOCKED_S13_STYLE_V_Q_M_ATTENUATION_RUNTIME,PASS_NO_LOOKAHEAD_DAILY_RUNTIME
2020-02-16,0.04018795369668778,0.023122180283977913,1.7380693863257903,170,0.9881656804733728,0.5177514792899407,0.8048088152048662,LOCKED_S13_STYLE_V_Q_M_ATTENUATION_RUNTIME,PASS_NO_LOOKAHEAD_DAILY_RUNTIME
2020-02-17,0.0390344609610102,0.023125029793779703,1.6879745154538095,171,0.9647058823529412,0.5529411764705883,0.7590146990713611,LOCKED_S13_STYLE_V_Q_M_ATTENUATION_RUNTIME,PASS_NO_LOOKAHEAD_DAILY_RUNTIME
2020-02-18,0.03821169930372083,0.023133490691120348,1.65179132773024,172,0.9473684210526315,0.5789473684210527,0.7262751844076686,LOCKED_S13_STYLE_V_Q_M_ATTENUATION_RUNTIME,PASS_NO_LOOKAHEAD_DAILY_RUNTIME
2020-02-19,0.03623982587570213,0.023140408510843917,1.566084101701128,173,0.9069767441860465,0.6395348837209303,0.7105042206464434,LOCKED_S13_STYLE_V_Q_M_ATTENUATION_RUNTIME,PASS_NO_LOOKAHEAD_DAILY_RUNTIME
2020-02-20,0.03613214046712604,0.023148141592801947,1.5609089102151312,174,0.8959537572254336,0.6560693641618496,0.7006069740128809,LOCKED_S13_STYLE_V_Q_M_ATTENUATION_RUNTIME,PASS_NO_LOOKAHEAD_DAILY_RUNTIME
2020-02-21,0.035638994628826845,0.023154422859786274,1.53918734423406,175,0.8735632183908046,0.6896551724137931,0.6986157373585012,LOCKED_S13_STYLE_V_Q_M_ATTENUATION_RUNTIME,PASS_NO_LOOKAHEAD_DAILY_RUNTIME
2020-02-23,0.03527368087328713,0.023162242610966367,1.5228957517518833,176,0.8571428571428571,0.7142857142857144,0.70146482407254,LOCKED_S13_STYLE_V_Q_M_ATTENUATION_RUNTIME,PASS_NO_LOOKAHEAD_DAILY_RUNTIME
2020-02-24,0.03541953852390329,0.0231631049121107,1.5291360401940062,177,0.8636363636363636,0.7045454545454546,0.702024938703979,LOCKED_S13_STYLE_V_Q_M_ATTENUATION_RUNTIME,PASS_NO_LOOKAHEAD_DAILY_RUNTIME
2020-02-25,0.03474291497235994,0.023171083370895445,1.4994083106187237,178,0.8135593220338984,0.7796610169491525,0.7161405892940105,LOCKED_S13_STYLE_V_Q_M_ATTENUATION_RUNTIME,PASS_NO_LOOKAHEAD_DAILY_RUNTIME
2020-02-26,0.0344312362178698,0.023178524357301767,1.4854800800562256,179,0.7921348314606742,0.8117977528089888,0.7335328008421883,LOCKED_S13_STYLE_V_Q_M_ATTENUATION_RUNTIME,PASS_NO_LOOKAHEAD_DAILY_RUNTIME
2020-03-01,0.05484907497212953,0.023186091098883577,2.3656024958329667,180,0.994413407821229,0.5083798882681565,0.6925959076469098,LOCKED_S13_STYLE_V_Q_M_ATTENUATION_RUNTIME,PASS_NO_LOOKAHEAD_DAILY_RUNTIME
2020-03-02,0.05411425365129971,0.023199220531267897,2.3325893030916514,181,0.9888888888888889,0.5166666666666666,0.6606087729232293,LOCKED_S13_STYLE_V_Q_M_ATTENUATION_RUNTIME,PASS_NO_LOOKAHEAD_DAILY_RUNTIME
2020-03-03,0.06544471317172774,0.023214657183268192,2.8191117643941164,182,1.0,0.5,0.6314071778462785,LOCKED_S13_STYLE_V_Q_M_ATTENUATION_RUNTIME,PASS_NO_LOOKAHEAD_DAILY_RUNTIME
2020-03-04,0.06165380902166907,0.023233815932407597,2.653623890325803,183,0.9945054945054945,0.5082417582417582,0.6090134651909112,LOCKED_S13_STYLE_V_Q_M_ATTENUATION_RUNTIME,PASS_NO_LOOKAHEAD_DAILY_RUNTIME
2020-03-05,0.06131340852535696,0.023251835265990034,2.6369277015754014,184,0.9890710382513661,0.5163934426229508,0.5921734610876456,LOCKED_S13_STYLE_V_Q_M_ATTENUATION_RUNTIME,PASS_NO_LOOKAHEAD_DAILY_RUNTIME
2020-03-06,0.06016153873133299,0.023267423656989153,2.58565536168683,185,0.9836956521739131,0.5244565217391304,0.5798612902970064,LOCKED_S13_STYLE_V_Q_M_ATTENUATION_RUNTIME,PASS_NO_LOOKAHEAD_DAILY_RUNTIME
2020-03-08,0.06309874575472828,0.023284071189658674,2.7099533084554728,186,0.9945945945945946,0.508108108108108,0.5668152571717521,LOCKED_S13_STYLE_V_Q_M_ATTENUATION_RUNTIME,PASS_NO_LOOKAHEAD_DAILY_RUNTIME
2020-03-09,0.06126132835629928,0.023300322967275307,2.6292051162698136,187,0.978494623655914,0.532258064516129,0.5605321312343661,LOCKED_S13_STYLE_V_Q_M_ATTENUATION_RUNTIME,PASS_NO_LOOKAHEAD_DAILY_RUNTIME
2020-03-10,0.07096075153864079,0.023316199555869912,3.043409856250619,188,1.0,0.5,0.5495262891917541,LOCKED_S13_STYLE_V_Q_M_ATTENUATION_RUNTIME,PASS_NO_LOOKAHEAD_DAILY_RUNTIME
2020-03-11,0.07076064672211207,0.0233358145755106,3.032276696112023,189,0.9946808510638298,0.5079787234042554,0.5419721863212997,LOCKED_S13_STYLE_V_Q_M_ATTENUATION_RUNTIME,PASS_NO_LOOKAHEAD_DAILY_RUNTIME
2020-03-12,0.07400970735845536,0.02335560791945445,3.168819566319561,190,1.0,0.5,0.534340879717427,LOCKED_S13_STYLE_V_Q_M_ATTENUATION_RUNTIME,PASS_NO_LOOKAHEAD_DAILY_RUNTIME
2020-03-13,0.07081746690822581,0.0233746634216792,3.029667877165882,191,0.9842105263157894,0.5236842105263158,0.5324033035008613,LOCKED_S13_STYLE_V_Q_M_ATTENUATION_RUNTIME,PASS_NO_LOOKAHEAD_DAILY_RUNTIME
2020-03-16,0.06535343789866968,0.02339440233065249,2.7935502251767472,192,0.9738219895287958,0.5392670157068062,0.5336512511746695,LOCKED_S13_STYLE_V_Q_M_ATTENUATION_RUNTIME,PASS_NO_LOOKAHEAD_DAILY_RUNTIME
2020-03-17,0.06666558587033714,0.023410435265025172,2.8476867309654206,193,0.9791666666666666,0.53125,0.5332146600520022,LOCKED_S13_STYLE_V_Q_M_ATTENUATION_RUNTIME,PASS_NO_LOOKAHEAD_DAILY_RUNTIME
2020-03-18,0.06519411726839677,0.023428966107872963,2.7826288607114096,194,0.9637305699481865,0.5544041450777202,0.5370672936930418,LOCKED_S13_STYLE_V_Q_M_ATTENUATION_RUNTIME,PASS_NO_LOOKAHEAD_DAILY_RUNTIME
2020-03-20,0.06335046920871557,0.02344688873046218,2.7018710216511876,195,0.9536082474226805,0.5695876288659794,0.5429800819063032,LOCKED_S13_STYLE_V_Q_M_ATTENUATION_RUNTIME,PASS_NO_LOOKAHEAD_DAILY_RUNTIME
2020-03-23,0.07634522769111966,0.02346444473080125,3.2536558425737216,196,1.0,0.5,0.5351655215597025,LOCKED_S13_STYLE_V_Q_M_ATTENUATION_RUNTIME,PASS_NO_LOOKAHEAD_DAILY_RUNTIME
2020-03-24,0.07589440699670595,0.023485608779093843,3.2315281971427874,197,0.9948979591836735,0.5076530612244898,0.5301632560442093,LOCKED_S13_STYLE_V_Q_M_ATTENUATION_RUNTIME,PASS_NO_LOOKAHEAD_DAILY_RUNTIME
2020-03-25,0.07382374287902572,0.02350862002386262,3.1402839811137495,198,0.9847715736040609,0.5228426395939088,0.5288322348714274,LOCKED_S13_STYLE_V_Q_M_ATTENUATION_RUNTIME,PASS_NO_LOOKAHEAD_DAILY_RUNTIME
2020-03-26,0.07237613334426136,0.023529334371830926,3.075995784687786,199,0.9797979797979798,0.5303030303030303,0.5290996522226279,LOCKED_S13_STYLE_V_Q_M_ATTENUATION_RUNTIME,PASS_NO_LOOKAHEAD_DAILY_RUNTIME
2020-03-31,0.07177693308426264,0.023550387328499227,3.047802657470632,200,0.9748743718592965,0.5376884422110553,0.5306612504023419,LOCKED_S13_STYLE_V_Q_M_ATTENUATION_RUNTIME,PASS_NO_LOOKAHEAD_DAILY_RUNTIME
2020-05-19,0.08558714408016112,0.02357116737957277,3.631009983592607,201,1.0,0.5,0.5250864776019161,LOCKED_S13_STYLE_V_Q_M_ATTENUATION_RUNTIME,PASS_NO_LOOKAHEAD_DAILY_RUNTIME
2020-05-20,0.0689787885329191,0.02359759649445716,2.9231277240087365,202,0.9502487562189055,0.5746268656716418,0.5340938208873207,LOCKED_S13_STYLE_V_Q_M_ATTENUATION_RUNTIME,PASS_NO_LOOKAHEAD_DAILY_RUNTIME
2020-05-21,0.06692215399623955,0.023617204591875905,2.833618760251589,203,0.9405940594059405,0.5891089108910892,0.5440965645243695,LOCKED_S13_STYLE_V_Q_M_ATTENUATION_RUNTIME,PASS_NO_LOOKAHEAD_DAILY_RUNTIME
2020-05-22,0.06476176674108969,0.023636304519125885,2.7399277534559663,204,0.9211822660098522,0.6182266009852218,0.5575747529717971,LOCKED_S13_STYLE_V_Q_M_ATTENUATION_RUNTIME,PASS_NO_LOOKAHEAD_DAILY_RUNTIME
2020-05-24,0.06283897487986463,0.023654473093060117,2.6565366572591587,205,0.9068627450980392,0.6397058823529411,0.5725076855865505,LOCKED_S13_STYLE_V_Q_M_ATTENUATION_RUNTIME,PASS_NO_LOOKAHEAD_DAILY_RUNTIME
2020-05-25,0.06221504227241476,0.023672400127606817,2.6281679059597938,206,0.8878048780487805,0.6682926829268292,0.5899231396484194,LOCKED_S13_STYLE_V_Q_M_ATTENUATION_RUNTIME,PASS_NO_LOOKAHEAD_DAILY_RUNTIME
2020-05-26,0.05939912749451352,0.02368991474386784,2.50735927658368,207,0.8786407766990292,0.6820388349514563,0.6066714478853351,LOCKED_S13_STYLE_V_Q_M_ATTENUATION_RUNTIME,PASS_NO_LOOKAHEAD_DAILY_RUNTIME
2020-05-27,0.05819525538688026,0.023706897605521485,2.454781572656146,208,0.8743961352657005,0.6884057971014492,0.6215322386519013,LOCKED_S13_STYLE_V_Q_M_ATTENUATION_RUNTIME,PASS_NO_LOOKAHEAD_DAILY_RUNTIME
2020-05-28,0.056343658214790114,0.023722136512090326,2.3751510824530397,209,0.8653846153846154,0.7019230769230769,0.6361487547012059,LOCKED_S13_STYLE_V_Q_M_ATTENUATION_RUNTIME,PASS_NO_LOOKAHEAD_DAILY_RUNTIME
2020-05-29,0.054589085275303977,0.02373840535359705,2.2996104608615657,210,0.8516746411483254,0.7224880382775121,0.6518468062605343,LOCKED_S13_STYLE_V_Q_M_ATTENUATION_RUNTIME,PASS_NO_LOOKAHEAD_DAILY_RUNTIME
2020-05-31,0.053085424871747625,0.023752960446179073,2.2348972033204815,211,0.8476190476190476,0.7285714285714286,0.6657967375897877,LOCKED_S13_STYLE_V_Q_M_ATTENUATION_RUNTIME,PASS_NO_LOOKAHEAD_DAILY_RUNTIME
2020-06-01,0.08058698359985707,0.023767928560815867,3.3905766501130383,212,0.995260663507109,0.5071090047393365,0.6369444225260693,LOCKED_S13_STYLE_V_Q_M_ATTENUATION_RUNTIME,PASS_NO_LOOKAHEAD_DAILY_RUNTIME
2020-06-02,0.049106101842487114,0.023790630752257992,2.0640941534442674,213,0.839622641509434,0.740566037735849,0.6557847162005747,LOCKED_S13_STYLE_V_Q_M_ATTENUATION_RUNTIME,PASS_NO_LOOKAHEAD_DAILY_RUNTIME
2020-06-03,0.0661824216596517,0.023801836066301818,2.7805595112618855,214,0.92018779342723,0.619718309859155,0.6492271877748619,LOCKED_S13_STYLE_V_Q_M_ATTENUATION_RUNTIME,PASS_NO_LOOKAHEAD_DAILY_RUNTIME
2020-06-04,0.044532618813669454,0.02381871494695597,1.8696482540239108,215,0.8271028037383178,0.7593457943925233,0.6692487526144366,LOCKED_S13_STYLE_V_Q_M_ATTENUATION_RUNTIME,PASS_NO_LOOKAHEAD_DAILY_RUNTIME
2020-06-05,0.0469500740624596,0.0238285367250454,1.9703297186986688,216,0.8325581395348837,0.7511627906976746,0.6841422140841162,LOCKED_S13_STYLE_V_Q_M_ATTENUATION_RUNTIME,PASS_NO_LOOKAHEAD_DAILY_RUNTIME
2020-06-07,0.04364606190156691,0.023837436347561386,1.8309880838352814,217,0.8194444444444444,0.7708333333333335,0.6999042357657921,LOCKED_S13_STYLE_V_Q_M_ATTENUATION_RUNTIME,PASS_NO_LOOKAHEAD_DAILY_RUNTIME
2020-06-08,0.053329277001243916,0.023847499969346018,2.236262797768918,218,0.8433179723502304,0.7350230414746544,0.7062894731674033,LOCKED_S13_STYLE_V_Q_M_ATTENUATION_RUNTIME,PASS_NO_LOOKAHEAD_DAILY_RUNTIME
2020-06-09,0.03757406731523623,0.023858395241343842,1.5748782319661094,219,0.7522935779816514,0.8715596330275228,0.7363385931419705,LOCKED_S13_STYLE_V_Q_M_ATTENUATION_RUNTIME,PASS_NO_LOOKAHEAD_DAILY_RUNTIME
2020-06-10,0.06763654219283953,0.023866723597820733,2.833926572100387,220,0.9406392694063926,0.5890410958904111,0.7095572300053232,LOCKED_S13_STYLE_V_Q_M_ATTENUATION_RUNTIME,PASS_NO_LOOKAHEAD_DAILY_RUNTIME
2020-06-11,0.041372487495975496,0.023886213408565386,1.7320655554864834,221,0.8045454545454546,0.7931818181818182,0.7247617005828677,LOCKED_S13_STYLE_V_Q_M_ATTENUATION_RUNTIME,PASS_NO_LOOKAHEAD_DAILY_RUNTIME
2020-06-12,0.033923527871795915,0.023896424026127572,1.4196068765228234,222,0.5746606334841629,1.1380090497737556,0.7998975822539381,LOCKED_S13_STYLE_V_Q_M_ATTENUATION_RUNTIME,PASS_NO_LOOKAHEAD_DAILY_RUNTIME
2020-06-15,0.03272792150826392,0.023899227939524446,1.3694133379990328,223,0.545045045045045,1.1824324324324325,0.8694493731954824,LOCKED_S13_STYLE_V_Q_M_ATTENUATION_RUNTIME,PASS_NO_LOOKAHEAD_DAILY_RUNTIME
2020-06-16,0.036060326876773394,0.023903077047998017,1.5086060595614237,224,0.6771300448430493,0.9843049327354261,0.8903322022027449,LOCKED_S13_STYLE_V_Q_M_ATTENUATION_RUNTIME,PASS_NO_LOOKAHEAD_DAILY_RUNTIME
2020-06-17,0.045578075737936936,0.0239078013237585,1.9064101763570995,225,0.8258928571428571,0.7611607142857144,0.8668464771269212,LOCKED_S13_STYLE_V_Q_M_ATTENUATION_RUNTIME,PASS_NO_LOOKAHEAD_DAILY_RUNTIME
2020-06-18,0.030049597743795096,0.023916871117405696,1.2564184335101534,226,0.47555555555555556,1.2866666666666666,0.9431774206796022,LOCKED_S13_STYLE_V_Q_M_ATTENUATION_RUNTIME,PASS_NO_LOOKAHEAD_DAILY_RUNTIME
2020-06-19,0.027080828102260656,0.023919335447027148,1.1321730974606337,227,0.3495575221238938,1.4756637168141593,1.0399931108858853,LOCKED_S13_STYLE_V_Q_M_ATTENUATION_RUNTIME,PASS_NO_LOOKAHEAD_DAILY_RUNTIME
2020-06-22,0.07117764508659964,0.023921181220254013,2.9755071219615896,228,0.9515418502202643,0.5726872246696035,0.9550284043011068,LOCKED_S13_STYLE_V_Q_M_ATTENUATION_RUNTIME,PASS_NO_LOOKAHEAD_DAILY_RUNTIME
2020-06-23,0.031870138696716746,0.02394052107493751,1.3312215969300882,229,0.5131578947368421,1.2302631578947367,1.0050710867726758,LOCKED_S13_STYLE_V_Q_M_ATTENUATION_RUNTIME,PASS_NO_LOOKAHEAD_DAILY_RUNTIME
2020-06-24,0.02029003530768323,0.023944766925660825,0.8473682525570572,230,0.2314410480349345,1.6528384279475983,1.122846966986298,LOCKED_S13_STYLE_V_Q_M_ATTENUATION_RUNTIME,PASS_NO_LOOKAHEAD_DAILY_RUNTIME
2020-06-25,0.018912399090338265,0.023942979164025668,0.7898933111362411,231,0.18695652173913044,1.7195652173913043,1.2313411943326626,LOCKED_S13_STYLE_V_Q_M_ATTENUATION_RUNTIME,PASS_NO_LOOKAHEAD_DAILY_RUNTIME
2020-06-26,0.03136664636050437,0.023942770860479915,1.3100675165495714,232,0.5064935064935064,1.2402597402597404,1.2329627481375858,LOCKED_S13_STYLE_V_Q_M_ATTENUATION_RUNTIME,PASS_NO_LOOKAHEAD_DAILY_RUNTIME
2020-06-29,0.03156361568601093,0.023947053003931396,1.318058455077087,233,0.5129310344827587,1.230603448275862,1.232533784526363,LOCKED_S13_STYLE_V_Q_M_ATTENUATION_RUNTIME,PASS_NO_LOOKAHEAD_DAILY_RUNTIME
2020-08-19,0.01519342091633311,0.023952116685157534,0.6343247703760584,234,0.02575107296137339,1.9613733905579398,1.365050076532104,LOCKED_S13_STYLE_V_Q_M_ATTENUATION_RUNTIME,PASS_NO_LOOKAHEAD_DAILY_RUNTIME
2020-08-20,0.014776508144598027,0.023948793477813687,0.6170042828373411,235,0.01282051282051282,1.9807692307692308,1.476999013666127,LOCKED_S13_STYLE_V_Q_M_ATTENUATION_RUNTIME,PASS_NO_LOOKAHEAD_DAILY_RUNTIME
2020-08-21,0.014347599820552668,0.023946421591524582,0.5991542312789963,236,0.01276595744680851,1.9808510638297872,1.568608477332247,LOCKED_S13_STYLE_V_Q_M_ATTENUATION_RUNTIME,PASS_NO_LOOKAHEAD_DAILY_RUNTIME
2020-08-23,0.013928578304372613,0.023942463846391215,0.581752086741567,237,0.00847457627118644,1.9872881355932204,1.644732051561515,LOCKED_S13_STYLE_V_Q_M_ATTENUATION_RUNTIME,PASS_NO_LOOKAHEAD_DAILY_RUNTIME
2020-08-24,0.013814998382673985,0.023938672853514878,0.5770995939169431,238,0.008438818565400843,1.9873417721518987,1.7070247280324937,LOCKED_S13_STYLE_V_Q_M_ATTENUATION_RUNTIME,PASS_NO_LOOKAHEAD_DAILY_RUNTIME
2020-08-25,0.013502611698915633,0.023934862796171852,0.5641399248411503,239,0.008403361344537815,1.9873949579831933,1.7580011334780754,LOCKED_S13_STYLE_V_Q_M_ATTENUATION_RUNTIME,PASS_NO_LOOKAHEAD_DAILY_RUNTIME
2020-08-26,0.013144173503159454,0.023931251571521202,0.549247224445267,240,0.0,2.0,1.8020009273911524,LOCKED_S13_STYLE_V_Q_M_ATTENUATION_RUNTIME,PASS_NO_LOOKAHEAD_DAILY_RUNTIME
2020-08-27,0.01410066831968092,0.0239277715329712,0.5893013605655232,241,0.029166666666666667,1.95625,1.8300462133200337,LOCKED_S13_STYLE_V_Q_M_ATTENUATION_RUNTIME,PASS_NO_LOOKAHEAD_DAILY_RUNTIME
2020-08-28,0.015856261738506783,0.0239249318491528,0.6627505498649212,242,0.08713692946058091,1.8692946058091287,1.8371822846816874,LOCKED_S13_STYLE_V_Q_M_ATTENUATION_RUNTIME,PASS_NO_LOOKAHEAD_DAILY_RUNTIME
2020-08-30,0.014697837202802638,0.02392238187184875,0.6143968974970122,243,0.0371900826446281,1.9442148760330578,1.8566427558364818,LOCKED_S13_STYLE_V_Q_M_ATTENUATION_RUNTIME,PASS_NO_LOOKAHEAD_DAILY_RUNTIME
2020-08-31,0.01412170728793509,0.023920304112830342,0.5903648725084772,244,0.03292181069958848,1.9506172839506173,1.8737290336754153,LOCKED_S13_STYLE_V_Q_M_ATTENUATION_RUNTIME,PASS_NO_LOOKAHEAD_DAILY_RUNTIME
2020-09-01,0.014657078506093574,0.023912184120347575,0.6129544015020124,245,0.040983606557377046,1.9385245901639345,1.885510043946055,LOCKED_S13_STYLE_V_Q_M_ATTENUATION_RUNTIME,PASS_NO_LOOKAHEAD_DAILY_RUNTIME
2020-09-02,0.016723470253329285,0.02390805913284494,0.6994909189577229,246,0.11428571428571428,1.8285714285714285,1.8751575684233956,LOCKED_S13_STYLE_V_Q_M_ATTENUATION_RUNTIME,PASS_NO_LOOKAHEAD_DAILY_RUNTIME
2020-09-03,0.013362677650418531,0.02390137973980721,0.5590755762171877,247,0.012195121951219513,1.9817073170731707,1.8945302499960819,LOCKED_S13_STYLE_V_Q_M_ATTENUATION_RUNTIME,PASS_NO_LOOKAHEAD_DAILY_RUNTIME
2020-09-04,0.01871479563205054,0.023893997964454294,0.7832425389795148,248,0.22672064777327935,1.6599190283400809,1.8518736642404452,LOCKED_S13_STYLE_V_Q_M_ATTENUATION_RUNTIME,PASS_NO_LOOKAHEAD_DAILY_RUNTIME
2020-09-06,0.012933153079688597,0.023889049532243946,0.5413841627408505,249,0.0,2.0,1.878805725287637,LOCKED_S13_STYLE_V_Q_M_ATTENUATION_RUNTIME,PASS_NO_LOOKAHEAD_DAILY_RUNTIME
2020-09-07,0.01299616326640902,0.02388224770316256,0.5441767218873635,250,0.004016064257028112,1.9939759036144578,1.8997457577106953,LOCKED_S13_STYLE_V_Q_M_ATTENUATION_RUNTIME,PASS_NO_LOOKAHEAD_DAILY_RUNTIME
2020-09-08,0.016715839685631062,0.02387576782841288,0.7001173660994773,251,0.128,1.808,1.8830647108542051,LOCKED_S13_STYLE_V_Q_M_ATTENUATION_RUNTIME,PASS_NO_LOOKAHEAD_DAILY_RUNTIME
2020-09-09,0.02207977572474393,0.023871139041057397,0.9249569401262171,252,0.32270916334661354,1.5159362549800797,1.816314082513455,LOCKED_S13_STYLE_V_Q_M_ATTENUATION_RUNTIME,PASS_NO_LOOKAHEAD_DAILY_RUNTIME
2020-09-10,0.01150131292583881,0.023868902883276484,0.48185343842917444,253,0.0,2.0,1.849711522056463,LOCKED_S13_STYLE_V_Q_M_ATTENUATION_RUNTIME,PASS_NO_LOOKAHEAD_DAILY_RUNTIME
2020-09-11,0.010351584421620002,0.023862913966216814,0.4337938122844066,254,0.0,2.0,1.8770366998643788,LOCKED_S13_STYLE_V_Q_M_ATTENUATION_RUNTIME,PASS_NO_LOOKAHEAD_DAILY_RUNTIME
2020-09-14,0.010059749372857371,0.023852243877610594,0.42175274680551816,255,0.0,2.0,1.8993936635254007,LOCKED_S13_STYLE_V_Q_M_ATTENUATION_RUNTIME,PASS_NO_LOOKAHEAD_DAILY_RUNTIME
2020-09-15,0.009944707997666582,0.02384658880917296,0.41702853507673165,256,0.0,2.0,1.9176857247026007,LOCKED_S13_STYLE_V_Q_M_ATTENUATION_RUNTIME,PASS_NO_LOOKAHEAD_DAILY_RUNTIME
2020-09-16,0.009638644200266291,0.02384046644591029,0.4042976349533527,257,0.0,2.0,1.9326519565748548,LOCKED_S13_STYLE_V_Q_M_ATTENUATION_RUNTIME,PASS_NO_LOOKAHEAD_DAILY_RUNTIME
2020-09-17,0.00994480382721628,0.023835273788910438,0.4172305262901232,258,0.007782101167315175,1.9883268482490273,1.942774664151977,LOCKED_S13_STYLE_V_Q_M_ATTENUATION_RUNTIME,PASS_NO_LOOKAHEAD_DAILY_RUNTIME
2020-09-18,0.01039047471062045,0.02382925711823961,0.4360385495470305,259,0.01937984496124031,1.9709302325581395,1.9478938584076426,LOCKED_S13_STYLE_V_Q_M_ATTENUATION_RUNTIME,PASS_NO_LOOKAHEAD_DAILY_RUNTIME
2020-09-21,0.010613667051605111,0.023824858344983088,0.44548709998269853,260,0.023166023166023165,1.9652509652509653,1.9510496960155195,LOCKED_S13_STYLE_V_Q_M_ATTENUATION_RUNTIME,PASS_NO_LOOKAHEAD_DAILY_RUNTIME
2020-09-22,0.010046420000445347,0.023819457918537696,0.42177366230600216,261,0.015384615384615385,1.976923076923077,1.9557539470896206,LOCKED_S13_STYLE_V_Q_M_ATTENUATION_RUNTIME,PASS_NO_LOOKAHEAD_DAILY_RUNTIME
2020-09-23,0.0099001562264359,0.02381412971693772,0.4157261400736575,262,0.0038314176245210726,1.9942528735632183,1.9627537519030018,LOCKED_S13_STYLE_V_Q_M_ATTENUATION_RUNTIME,PASS_NO_LOOKAHEAD_DAILY_RUNTIME
2020-09-24,0.009414881200614532,0.023806612518029728,0.39547336663224364,263,0.0,2.0,1.969525797011547,LOCKED_S13_STYLE_V_Q_M_ATTENUATION_RUNTIME,PASS_NO_LOOKAHEAD_DAILY_RUNTIME
2020-09-25,0.011058351773162872,0.02379927509077015,0.4646507816303837,264,0.03802281368821293,1.9429657794676807,1.964696702912662,LOCKED_S13_STYLE_V_Q_M_ATTENUATION_RUNTIME,PASS_NO_LOOKAHEAD_DAILY_RUNTIME
2020-09-28,0.00912248283701148,0.02379267659648942,0.38341557747889077,265,0.0,2.0,1.971115484201269,LOCKED_S13_STYLE_V_Q_M_ATTENUATION_RUNTIME,PASS_NO_LOOKAHEAD_DAILY_RUNTIME
2020-09-29,0.013183117876726146,0.02378590255104194,0.5542408091699115,266,0.06037735849056604,1.909433962264151,1.9599006620308836,LOCKED_S13_STYLE_V_Q_M_ATTENUATION_RUNTIME,PASS_NO_LOOKAHEAD_DAILY_RUNTIME
2020-09-30,0.008697191594882836,0.02377801633911446,0.3657660702577655,267,0.0,2.0,1.9671914507525412,LOCKED_S13_STYLE_V_Q_M_ATTENUATION_RUNTIME,PASS_NO_LOOKAHEAD_DAILY_RUNTIME
