"row_id","author_market_code","descriptive_name","source_group","pilot_selection_status","lane_class","contract_identity_final_static_status","contract_identity_hardening_status","venue_normalization_status","currency_normalization_status","multiplier_semantics_status","point_tick_reconciliation_status","active_listed_status","family_variant_status","delivery_cycle_readiness_status","session_roll_completed_bar_final_static_status","session_roll_readiness_status","trading_hours_template","session_calendar_status","timezone_status","daily_close_time_status","completed_bar_policy_status","holiday_calendar_status","early_close_policy_status","roll_rule_status","back_adjustment_status","stale_bar_policy_status","missing_bar_policy_status","alignment_policy_status","risk_fx_cost_carry_leg_final_static_status","risk_fx_cost_carry_leg_readiness_status","annual_risk_status","daily_price_risk_status","fx_source_status","commission_status","spread_slippage_status","risk_adjusted_cost_status","trend_eligibility_status","carry_eligibility_status","carry_curve_leg_availability_status","final_static_readiness_status","market_row_access_status","provider_api_accessed","ninjatrader_historical_export_used","diagnostics_or_backtests_run","substitution_status","blockers","notes"
"APPENDIX_C_172_001","ZT","2-year US","US bond and interest rate futures","SELECTED_NINJATRADER_SUPPORTED_PILOT_CANDIDATE","SOURCE_NATIVE_FUTURES","CONTRACT_IDENTITY_FAIL_CLOSED_NOT_LOCKED","CONTRACT_IDENTITY_STATIC_UNRESOLVED_SUPPORTED_NOT_DATA_READY","RESOLVED_STATIC_PLATFORM_OR_LEGACY_LABEL_NORMALIZATION_PENDING_FINAL_LOCK","RESOLVED_STATIC_OFFICIAL_CURRENCY_PENDING_FINAL_LOCK","RESOLVED_STATIC_CONTRACT_UNIT_AND_POINT_VALUE_PENDING_FINAL_LOCK","RESOLVED_STATIC_POINT_TICK_PENDING_FINAL_LOCK","UNRESOLVED_OFFICIAL_CURRENT_SPEC_IS_NOT_ACTIVE_TRADABILITY_LOCK","RESOLVED_STATIC_PRODUCT_FAMILY_VARIANT_PENDING_FINAL_LOCK","UNRESOLVED_DELIVERY_CYCLE_REQUIRES_FINAL_STATIC_LOCK","SESSION_ROLL_COMPLETED_BAR_FAIL_CLOSED_NOT_LOCKED","SESSION_ROLL_BLOCKED_NO_COMPLETED_BAR_POLICY","CBOT Interest Rate ETH","UNRESOLVED_PROVIDER_TRADING_HOURS_TEMPLATE_PRESENT_NOT_SESSION_CALENDAR_LOCK","UNRESOLVED_NO_STATIC_TIMEZONE_POLICY","UNRESOLVED_NO_STATIC_DAILY_CLOSE_TIME_POLICY","BLOCKED_NO_STATIC_COMPLETED_BAR_POLICY","UNRESOLVED_NO_STATIC_HOLIDAY_CALENDAR","UNRESOLVED_NO_STATIC_EARLY_CLOSE_POLICY","BLOCKED_NO_STATIC_ROLL_RULE_EVIDENCE","BLOCKED_NO_STATIC_BACK_ADJUSTMENT_POLICY","BLOCKED_STALE_BAR_POLICY_UNRESOLVED","BLOCKED_MISSING_BAR_POLICY_UNRESOLVED","BLOCKED_ALIGNMENT_POLICY_UNRESOLVED","RISK_FX_COST_CARRY_LEG_FAIL_CLOSED_NOT_LOCKED","RISK_FX_COST_CARRY_LEG_BLOCKED_SESSION_ROLL_COMPLETED_BAR","BLOCKED_UPSTREAM_READINESS_NOT_RESOLVED","BLOCKED_UPSTREAM_READINESS_NOT_RESOLVED","BLOCKED_UPSTREAM_READINESS_NOT_RESOLVED","BLOCKED_UPSTREAM_READINESS_NOT_RESOLVED","BLOCKED_UPSTREAM_READINESS_NOT_RESOLVED","BLOCKED_UPSTREAM_READINESS_NOT_RESOLVED","BLOCKED_UPSTREAM_READINESS_NOT_RESOLVED","BLOCKED_UPSTREAM_READINESS_NOT_RESOLVED","BLOCKED_UPSTREAM_READINESS_NOT_RESOLVED","STATIC_READINESS_FAIL_CLOSED_NOT_READY_FOR_TINY_HISTORICAL_BAR_INTAKE","NO_MARKET_ROW_ACCESS","NO","NO","NO","FAIL_CLOSED_NO_DROP_NO_SUBSTITUTE_NO_REWEIGHT","CONTRACT_IDENTITY_STATIC_UNRESOLVED_SUPPORTED_NOT_DATA_READY;production_contract_identity_lock_status_NOT_LOCKED;SESSION_ROLL_BLOCKED_NO_COMPLETED_BAR_POLICY;BLOCKED_NO_STATIC_COMPLETED_BAR_POLICY;BLOCKED_NO_STATIC_ROLL_RULE_EVIDENCE;BLOCKED_NO_STATIC_BACK_ADJUSTMENT_POLICY;BLOCKED_STALE_BAR_POLICY_UNRESOLVED;BLOCKED_MISSING_BAR_POLICY_UNRESOLVED;BLOCKED_ALIGNMENT_POLICY_UNRESOLVED;RISK_FX_COST_CARRY_LEG_BLOCKED_SESSION_ROLL_COMPLETED_BAR;BLOCKED_UPSTREAM_READINESS_NOT_RESOLVED","Static readiness execution used current Carver static artifacts only; row is not authorized for historical bars unless final_static_readiness_status becomes STATIC_READY_FOR_TINY_HISTORICAL_BAR_INTAKE in a later authorized gate."
"APPENDIX_C_172_003","ZF","5-year US","US bond and interest rate futures","SELECTED_NINJATRADER_SUPPORTED_PILOT_CANDIDATE","SOURCE_NATIVE_FUTURES","CONTRACT_IDENTITY_FAIL_CLOSED_NOT_LOCKED","CONTRACT_IDENTITY_STATIC_UNRESOLVED_SUPPORTED_NOT_DATA_READY","RESOLVED_STATIC_PLATFORM_OR_LEGACY_LABEL_NORMALIZATION_PENDING_FINAL_LOCK","RESOLVED_STATIC_OFFICIAL_CURRENCY_PENDING_FINAL_LOCK","RESOLVED_STATIC_CONTRACT_UNIT_AND_POINT_VALUE_PENDING_FINAL_LOCK","RESOLVED_STATIC_POINT_TICK_PENDING_FINAL_LOCK","UNRESOLVED_OFFICIAL_CURRENT_SPEC_IS_NOT_ACTIVE_TRADABILITY_LOCK","RESOLVED_STATIC_PRODUCT_FAMILY_VARIANT_PENDING_FINAL_LOCK","UNRESOLVED_DELIVERY_CYCLE_REQUIRES_FINAL_STATIC_LOCK","SESSION_ROLL_COMPLETED_BAR_FAIL_CLOSED_NOT_LOCKED","SESSION_ROLL_BLOCKED_NO_COMPLETED_BAR_POLICY","CBOT Interest Rate ETH","UNRESOLVED_PROVIDER_TRADING_HOURS_TEMPLATE_PRESENT_NOT_SESSION_CALENDAR_LOCK","UNRESOLVED_NO_STATIC_TIMEZONE_POLICY","UNRESOLVED_NO_STATIC_DAILY_CLOSE_TIME_POLICY","BLOCKED_NO_STATIC_COMPLETED_BAR_POLICY","UNRESOLVED_NO_STATIC_HOLIDAY_CALENDAR","UNRESOLVED_NO_STATIC_EARLY_CLOSE_POLICY","BLOCKED_NO_STATIC_ROLL_RULE_EVIDENCE","BLOCKED_NO_STATIC_BACK_ADJUSTMENT_POLICY","BLOCKED_STALE_BAR_POLICY_UNRESOLVED","BLOCKED_MISSING_BAR_POLICY_UNRESOLVED","BLOCKED_ALIGNMENT_POLICY_UNRESOLVED","RISK_FX_COST_CARRY_LEG_FAIL_CLOSED_NOT_LOCKED","RISK_FX_COST_CARRY_LEG_BLOCKED_SESSION_ROLL_COMPLETED_BAR","BLOCKED_UPSTREAM_READINESS_NOT_RESOLVED","BLOCKED_UPSTREAM_READINESS_NOT_RESOLVED","BLOCKED_UPSTREAM_READINESS_NOT_RESOLVED","BLOCKED_UPSTREAM_READINESS_NOT_RESOLVED","BLOCKED_UPSTREAM_READINESS_NOT_RESOLVED","BLOCKED_UPSTREAM_READINESS_NOT_RESOLVED","BLOCKED_UPSTREAM_READINESS_NOT_RESOLVED","BLOCKED_UPSTREAM_READINESS_NOT_RESOLVED","BLOCKED_UPSTREAM_READINESS_NOT_RESOLVED","STATIC_READINESS_FAIL_CLOSED_NOT_READY_FOR_TINY_HISTORICAL_BAR_INTAKE","NO_MARKET_ROW_ACCESS","NO","NO","NO","FAIL_CLOSED_NO_DROP_NO_SUBSTITUTE_NO_REWEIGHT","CONTRACT_IDENTITY_STATIC_UNRESOLVED_SUPPORTED_NOT_DATA_READY;production_contract_identity_lock_status_NOT_LOCKED;SESSION_ROLL_BLOCKED_NO_COMPLETED_BAR_POLICY;BLOCKED_NO_STATIC_COMPLETED_BAR_POLICY;BLOCKED_NO_STATIC_ROLL_RULE_EVIDENCE;BLOCKED_NO_STATIC_BACK_ADJUSTMENT_POLICY;BLOCKED_STALE_BAR_POLICY_UNRESOLVED;BLOCKED_MISSING_BAR_POLICY_UNRESOLVED;BLOCKED_ALIGNMENT_POLICY_UNRESOLVED;RISK_FX_COST_CARRY_LEG_BLOCKED_SESSION_ROLL_COMPLETED_BAR;BLOCKED_UPSTREAM_READINESS_NOT_RESOLVED","Static readiness execution used current Carver static artifacts only; row is not authorized for historical bars unless final_static_readiness_status becomes STATIC_READY_FOR_TINY_HISTORICAL_BAR_INTAKE in a later authorized gate."
"APPENDIX_C_172_004","ZN","10-year US","US bond and interest rate futures","SELECTED_NINJATRADER_SUPPORTED_PILOT_CANDIDATE","SOURCE_NATIVE_FUTURES","CONTRACT_IDENTITY_FAIL_CLOSED_NOT_LOCKED","CONTRACT_IDENTITY_STATIC_UNRESOLVED_SUPPORTED_NOT_DATA_READY","RESOLVED_STATIC_PLATFORM_OR_LEGACY_LABEL_NORMALIZATION_PENDING_FINAL_LOCK","RESOLVED_STATIC_OFFICIAL_CURRENCY_PENDING_FINAL_LOCK","RESOLVED_STATIC_CONTRACT_UNIT_AND_POINT_VALUE_PENDING_FINAL_LOCK","RESOLVED_STATIC_POINT_TICK_PENDING_FINAL_LOCK","UNRESOLVED_OFFICIAL_CURRENT_SPEC_IS_NOT_ACTIVE_TRADABILITY_LOCK","RESOLVED_STATIC_PRODUCT_FAMILY_VARIANT_PENDING_FINAL_LOCK","UNRESOLVED_DELIVERY_CYCLE_REQUIRES_FINAL_STATIC_LOCK","SESSION_ROLL_COMPLETED_BAR_FAIL_CLOSED_NOT_LOCKED","SESSION_ROLL_BLOCKED_NO_COMPLETED_BAR_POLICY","CBOT Interest Rate ETH","UNRESOLVED_PROVIDER_TRADING_HOURS_TEMPLATE_PRESENT_NOT_SESSION_CALENDAR_LOCK","UNRESOLVED_NO_STATIC_TIMEZONE_POLICY","UNRESOLVED_NO_STATIC_DAILY_CLOSE_TIME_POLICY","BLOCKED_NO_STATIC_COMPLETED_BAR_POLICY","UNRESOLVED_NO_STATIC_HOLIDAY_CALENDAR","UNRESOLVED_NO_STATIC_EARLY_CLOSE_POLICY","BLOCKED_NO_STATIC_ROLL_RULE_EVIDENCE","BLOCKED_NO_STATIC_BACK_ADJUSTMENT_POLICY","BLOCKED_STALE_BAR_POLICY_UNRESOLVED","BLOCKED_MISSING_BAR_POLICY_UNRESOLVED","BLOCKED_ALIGNMENT_POLICY_UNRESOLVED","RISK_FX_COST_CARRY_LEG_FAIL_CLOSED_NOT_LOCKED","RISK_FX_COST_CARRY_LEG_BLOCKED_SESSION_ROLL_COMPLETED_BAR","BLOCKED_UPSTREAM_READINESS_NOT_RESOLVED","BLOCKED_UPSTREAM_READINESS_NOT_RESOLVED","BLOCKED_UPSTREAM_READINESS_NOT_RESOLVED","BLOCKED_UPSTREAM_READINESS_NOT_RESOLVED","BLOCKED_UPSTREAM_READINESS_NOT_RESOLVED","BLOCKED_UPSTREAM_READINESS_NOT_RESOLVED","BLOCKED_UPSTREAM_READINESS_NOT_RESOLVED","BLOCKED_UPSTREAM_READINESS_NOT_RESOLVED","BLOCKED_UPSTREAM_READINESS_NOT_RESOLVED","STATIC_READINESS_FAIL_CLOSED_NOT_READY_FOR_TINY_HISTORICAL_BAR_INTAKE","NO_MARKET_ROW_ACCESS","NO","NO","NO","FAIL_CLOSED_NO_DROP_NO_SUBSTITUTE_NO_REWEIGHT","CONTRACT_IDENTITY_STATIC_UNRESOLVED_SUPPORTED_NOT_DATA_READY;production_contract_identity_lock_status_NOT_LOCKED;SESSION_ROLL_BLOCKED_NO_COMPLETED_BAR_POLICY;BLOCKED_NO_STATIC_COMPLETED_BAR_POLICY;BLOCKED_NO_STATIC_ROLL_RULE_EVIDENCE;BLOCKED_NO_STATIC_BACK_ADJUSTMENT_POLICY;BLOCKED_STALE_BAR_POLICY_UNRESOLVED;BLOCKED_MISSING_BAR_POLICY_UNRESOLVED;BLOCKED_ALIGNMENT_POLICY_UNRESOLVED;RISK_FX_COST_CARRY_LEG_BLOCKED_SESSION_ROLL_COMPLETED_BAR;BLOCKED_UPSTREAM_READINESS_NOT_RESOLVED","Static readiness execution used current Carver static artifacts only; row is not authorized for historical bars unless final_static_readiness_status becomes STATIC_READY_FOR_TINY_HISTORICAL_BAR_INTAKE in a later authorized gate."
"APPENDIX_C_174_006","MES","S&P 500 (micro)","US equity index futures","SELECTED_NINJATRADER_SUPPORTED_PILOT_CANDIDATE","SOURCE_NATIVE_FUTURES","CONTRACT_IDENTITY_FAIL_CLOSED_NOT_LOCKED","CONTRACT_IDENTITY_STATIC_UNRESOLVED_SUPPORTED_NOT_DATA_READY","RESOLVED_STATIC_PLATFORM_OR_LEGACY_LABEL_NORMALIZATION_PENDING_FINAL_LOCK","RESOLVED_STATIC_OFFICIAL_CURRENCY_PENDING_FINAL_LOCK","RESOLVED_STATIC_CONTRACT_UNIT_AND_POINT_VALUE_PENDING_FINAL_LOCK","RESOLVED_STATIC_POINT_TICK_PENDING_FINAL_LOCK","UNRESOLVED_OFFICIAL_CURRENT_SPEC_IS_NOT_ACTIVE_TRADABILITY_LOCK","RESOLVED_STATIC_PRODUCT_FAMILY_VARIANT_PENDING_FINAL_LOCK","UNRESOLVED_DELIVERY_CYCLE_REQUIRES_FINAL_STATIC_LOCK","SESSION_ROLL_COMPLETED_BAR_FAIL_CLOSED_NOT_LOCKED","SESSION_ROLL_BLOCKED_NO_COMPLETED_BAR_POLICY","CME US Index Futures ETH","UNRESOLVED_PROVIDER_TRADING_HOURS_TEMPLATE_PRESENT_NOT_SESSION_CALENDAR_LOCK","UNRESOLVED_NO_STATIC_TIMEZONE_POLICY","UNRESOLVED_NO_STATIC_DAILY_CLOSE_TIME_POLICY","BLOCKED_NO_STATIC_COMPLETED_BAR_POLICY","UNRESOLVED_NO_STATIC_HOLIDAY_CALENDAR","UNRESOLVED_NO_STATIC_EARLY_CLOSE_POLICY","BLOCKED_NO_STATIC_ROLL_RULE_EVIDENCE","BLOCKED_NO_STATIC_BACK_ADJUSTMENT_POLICY","BLOCKED_STALE_BAR_POLICY_UNRESOLVED","BLOCKED_MISSING_BAR_POLICY_UNRESOLVED","BLOCKED_ALIGNMENT_POLICY_UNRESOLVED","RISK_FX_COST_CARRY_LEG_FAIL_CLOSED_NOT_LOCKED","RISK_FX_COST_CARRY_LEG_BLOCKED_SESSION_ROLL_COMPLETED_BAR","BLOCKED_UPSTREAM_READINESS_NOT_RESOLVED","BLOCKED_UPSTREAM_READINESS_NOT_RESOLVED","BLOCKED_UPSTREAM_READINESS_NOT_RESOLVED","BLOCKED_UPSTREAM_READINESS_NOT_RESOLVED","BLOCKED_UPSTREAM_READINESS_NOT_RESOLVED","BLOCKED_UPSTREAM_READINESS_NOT_RESOLVED","BLOCKED_UPSTREAM_READINESS_NOT_RESOLVED","BLOCKED_UPSTREAM_READINESS_NOT_RESOLVED","BLOCKED_UPSTREAM_READINESS_NOT_RESOLVED","STATIC_READINESS_FAIL_CLOSED_NOT_READY_FOR_TINY_HISTORICAL_BAR_INTAKE","NO_MARKET_ROW_ACCESS","NO","NO","NO","FAIL_CLOSED_NO_DROP_NO_SUBSTITUTE_NO_REWEIGHT","CONTRACT_IDENTITY_STATIC_UNRESOLVED_SUPPORTED_NOT_DATA_READY;production_contract_identity_lock_status_NOT_LOCKED;SESSION_ROLL_BLOCKED_NO_COMPLETED_BAR_POLICY;BLOCKED_NO_STATIC_COMPLETED_BAR_POLICY;BLOCKED_NO_STATIC_ROLL_RULE_EVIDENCE;BLOCKED_NO_STATIC_BACK_ADJUSTMENT_POLICY;BLOCKED_STALE_BAR_POLICY_UNRESOLVED;BLOCKED_MISSING_BAR_POLICY_UNRESOLVED;BLOCKED_ALIGNMENT_POLICY_UNRESOLVED;RISK_FX_COST_CARRY_LEG_BLOCKED_SESSION_ROLL_COMPLETED_BAR;BLOCKED_UPSTREAM_READINESS_NOT_RESOLVED","Static readiness execution used current Carver static artifacts only; row is not authorized for historical bars unless final_static_readiness_status becomes STATIC_READY_FOR_TINY_HISTORICAL_BAR_INTAKE in a later authorized gate."
"APPENDIX_C_174_002","MNQ","Nasdaq (micro)","US equity index futures","SELECTED_NINJATRADER_SUPPORTED_PILOT_CANDIDATE","SOURCE_NATIVE_FUTURES","CONTRACT_IDENTITY_FAIL_CLOSED_NOT_LOCKED","CONTRACT_IDENTITY_STATIC_UNRESOLVED_SUPPORTED_NOT_DATA_READY","RESOLVED_STATIC_PLATFORM_OR_LEGACY_LABEL_NORMALIZATION_PENDING_FINAL_LOCK","RESOLVED_STATIC_OFFICIAL_CURRENCY_PENDING_FINAL_LOCK","RESOLVED_STATIC_CONTRACT_UNIT_AND_POINT_VALUE_PENDING_FINAL_LOCK","RESOLVED_STATIC_POINT_TICK_PENDING_FINAL_LOCK","UNRESOLVED_OFFICIAL_CURRENT_SPEC_IS_NOT_ACTIVE_TRADABILITY_LOCK","RESOLVED_STATIC_PRODUCT_FAMILY_VARIANT_PENDING_FINAL_LOCK","UNRESOLVED_DELIVERY_CYCLE_REQUIRES_FINAL_STATIC_LOCK","SESSION_ROLL_COMPLETED_BAR_FAIL_CLOSED_NOT_LOCKED","SESSION_ROLL_BLOCKED_NO_COMPLETED_BAR_POLICY","CME US Index Futures ETH","UNRESOLVED_PROVIDER_TRADING_HOURS_TEMPLATE_PRESENT_NOT_SESSION_CALENDAR_LOCK","UNRESOLVED_NO_STATIC_TIMEZONE_POLICY","UNRESOLVED_NO_STATIC_DAILY_CLOSE_TIME_POLICY","BLOCKED_NO_STATIC_COMPLETED_BAR_POLICY","UNRESOLVED_NO_STATIC_HOLIDAY_CALENDAR","UNRESOLVED_NO_STATIC_EARLY_CLOSE_POLICY","BLOCKED_NO_STATIC_ROLL_RULE_EVIDENCE","BLOCKED_NO_STATIC_BACK_ADJUSTMENT_POLICY","BLOCKED_STALE_BAR_POLICY_UNRESOLVED","BLOCKED_MISSING_BAR_POLICY_UNRESOLVED","BLOCKED_ALIGNMENT_POLICY_UNRESOLVED","RISK_FX_COST_CARRY_LEG_FAIL_CLOSED_NOT_LOCKED","RISK_FX_COST_CARRY_LEG_BLOCKED_SESSION_ROLL_COMPLETED_BAR","BLOCKED_UPSTREAM_READINESS_NOT_RESOLVED","BLOCKED_UPSTREAM_READINESS_NOT_RESOLVED","BLOCKED_UPSTREAM_READINESS_NOT_RESOLVED","BLOCKED_UPSTREAM_READINESS_NOT_RESOLVED","BLOCKED_UPSTREAM_READINESS_NOT_RESOLVED","BLOCKED_UPSTREAM_READINESS_NOT_RESOLVED","BLOCKED_UPSTREAM_READINESS_NOT_RESOLVED","BLOCKED_UPSTREAM_READINESS_NOT_RESOLVED","BLOCKED_UPSTREAM_READINESS_NOT_RESOLVED","STATIC_READINESS_FAIL_CLOSED_NOT_READY_FOR_TINY_HISTORICAL_BAR_INTAKE","NO_MARKET_ROW_ACCESS","NO","NO","NO","FAIL_CLOSED_NO_DROP_NO_SUBSTITUTE_NO_REWEIGHT","CONTRACT_IDENTITY_STATIC_UNRESOLVED_SUPPORTED_NOT_DATA_READY;production_contract_identity_lock_status_NOT_LOCKED;SESSION_ROLL_BLOCKED_NO_COMPLETED_BAR_POLICY;BLOCKED_NO_STATIC_COMPLETED_BAR_POLICY;BLOCKED_NO_STATIC_ROLL_RULE_EVIDENCE;BLOCKED_NO_STATIC_BACK_ADJUSTMENT_POLICY;BLOCKED_STALE_BAR_POLICY_UNRESOLVED;BLOCKED_MISSING_BAR_POLICY_UNRESOLVED;BLOCKED_ALIGNMENT_POLICY_UNRESOLVED;RISK_FX_COST_CARRY_LEG_BLOCKED_SESSION_ROLL_COMPLETED_BAR;BLOCKED_UPSTREAM_READINESS_NOT_RESOLVED","Static readiness execution used current Carver static artifacts only; row is not authorized for historical bars unless final_static_readiness_status becomes STATIC_READY_FOR_TINY_HISTORICAL_BAR_INTAKE in a later authorized gate."
"APPENDIX_C_174_004","M2K","Russell 2000 smallcap (micro)","US equity index futures","SELECTED_NINJATRADER_SUPPORTED_PILOT_CANDIDATE","SOURCE_NATIVE_FUTURES","CONTRACT_IDENTITY_FAIL_CLOSED_NOT_LOCKED","CONTRACT_IDENTITY_STATIC_UNRESOLVED_SUPPORTED_NOT_DATA_READY","RESOLVED_STATIC_PLATFORM_OR_LEGACY_LABEL_NORMALIZATION_PENDING_FINAL_LOCK","RESOLVED_STATIC_OFFICIAL_CURRENCY_PENDING_FINAL_LOCK","RESOLVED_STATIC_CONTRACT_UNIT_AND_POINT_VALUE_PENDING_FINAL_LOCK","RESOLVED_STATIC_POINT_TICK_PENDING_FINAL_LOCK","UNRESOLVED_OFFICIAL_CURRENT_SPEC_IS_NOT_ACTIVE_TRADABILITY_LOCK","RESOLVED_STATIC_PRODUCT_FAMILY_VARIANT_PENDING_FINAL_LOCK","UNRESOLVED_DELIVERY_CYCLE_REQUIRES_FINAL_STATIC_LOCK","SESSION_ROLL_COMPLETED_BAR_FAIL_CLOSED_NOT_LOCKED","SESSION_ROLL_BLOCKED_NO_COMPLETED_BAR_POLICY","CME US Index Futures ETH","UNRESOLVED_PROVIDER_TRADING_HOURS_TEMPLATE_PRESENT_NOT_SESSION_CALENDAR_LOCK","UNRESOLVED_NO_STATIC_TIMEZONE_POLICY","UNRESOLVED_NO_STATIC_DAILY_CLOSE_TIME_POLICY","BLOCKED_NO_STATIC_COMPLETED_BAR_POLICY","UNRESOLVED_NO_STATIC_HOLIDAY_CALENDAR","UNRESOLVED_NO_STATIC_EARLY_CLOSE_POLICY","BLOCKED_NO_STATIC_ROLL_RULE_EVIDENCE","BLOCKED_NO_STATIC_BACK_ADJUSTMENT_POLICY","BLOCKED_STALE_BAR_POLICY_UNRESOLVED","BLOCKED_MISSING_BAR_POLICY_UNRESOLVED","BLOCKED_ALIGNMENT_POLICY_UNRESOLVED","RISK_FX_COST_CARRY_LEG_FAIL_CLOSED_NOT_LOCKED","RISK_FX_COST_CARRY_LEG_BLOCKED_SESSION_ROLL_COMPLETED_BAR","BLOCKED_UPSTREAM_READINESS_NOT_RESOLVED","BLOCKED_UPSTREAM_READINESS_NOT_RESOLVED","BLOCKED_UPSTREAM_READINESS_NOT_RESOLVED","BLOCKED_UPSTREAM_READINESS_NOT_RESOLVED","BLOCKED_UPSTREAM_READINESS_NOT_RESOLVED","BLOCKED_UPSTREAM_READINESS_NOT_RESOLVED","BLOCKED_UPSTREAM_READINESS_NOT_RESOLVED","BLOCKED_UPSTREAM_READINESS_NOT_RESOLVED","BLOCKED_UPSTREAM_READINESS_NOT_RESOLVED","STATIC_READINESS_FAIL_CLOSED_NOT_READY_FOR_TINY_HISTORICAL_BAR_INTAKE","NO_MARKET_ROW_ACCESS","NO","NO","NO","FAIL_CLOSED_NO_DROP_NO_SUBSTITUTE_NO_REWEIGHT","CONTRACT_IDENTITY_STATIC_UNRESOLVED_SUPPORTED_NOT_DATA_READY;production_contract_identity_lock_status_NOT_LOCKED;SESSION_ROLL_BLOCKED_NO_COMPLETED_BAR_POLICY;BLOCKED_NO_STATIC_COMPLETED_BAR_POLICY;BLOCKED_NO_STATIC_ROLL_RULE_EVIDENCE;BLOCKED_NO_STATIC_BACK_ADJUSTMENT_POLICY;BLOCKED_STALE_BAR_POLICY_UNRESOLVED;BLOCKED_MISSING_BAR_POLICY_UNRESOLVED;BLOCKED_ALIGNMENT_POLICY_UNRESOLVED;RISK_FX_COST_CARRY_LEG_BLOCKED_SESSION_ROLL_COMPLETED_BAR;BLOCKED_UPSTREAM_READINESS_NOT_RESOLVED","Static readiness execution used current Carver static artifacts only; row is not authorized for historical bars unless final_static_readiness_status becomes STATIC_READY_FOR_TINY_HISTORICAL_BAR_INTAKE in a later authorized gate."
"APPENDIX_C_174_001","MYM","Dow Jones industrial (micro)","US equity index futures","SELECTED_NINJATRADER_SUPPORTED_PILOT_CANDIDATE","SOURCE_NATIVE_FUTURES","CONTRACT_IDENTITY_FAIL_CLOSED_NOT_LOCKED","CONTRACT_IDENTITY_STATIC_UNRESOLVED_SUPPORTED_NOT_DATA_READY","RESOLVED_STATIC_PLATFORM_OR_LEGACY_LABEL_NORMALIZATION_PENDING_FINAL_LOCK","RESOLVED_STATIC_OFFICIAL_CURRENCY_PENDING_FINAL_LOCK","RESOLVED_STATIC_CONTRACT_UNIT_AND_POINT_VALUE_PENDING_FINAL_LOCK","RESOLVED_STATIC_POINT_TICK_PENDING_FINAL_LOCK","UNRESOLVED_OFFICIAL_CURRENT_SPEC_IS_NOT_ACTIVE_TRADABILITY_LOCK","RESOLVED_STATIC_PRODUCT_FAMILY_VARIANT_PENDING_FINAL_LOCK","UNRESOLVED_DELIVERY_CYCLE_REQUIRES_FINAL_STATIC_LOCK","SESSION_ROLL_COMPLETED_BAR_FAIL_CLOSED_NOT_LOCKED","SESSION_ROLL_BLOCKED_NO_COMPLETED_BAR_POLICY","CME US Index Futures ETH","UNRESOLVED_PROVIDER_TRADING_HOURS_TEMPLATE_PRESENT_NOT_SESSION_CALENDAR_LOCK","UNRESOLVED_NO_STATIC_TIMEZONE_POLICY","UNRESOLVED_NO_STATIC_DAILY_CLOSE_TIME_POLICY","BLOCKED_NO_STATIC_COMPLETED_BAR_POLICY","UNRESOLVED_NO_STATIC_HOLIDAY_CALENDAR","UNRESOLVED_NO_STATIC_EARLY_CLOSE_POLICY","BLOCKED_NO_STATIC_ROLL_RULE_EVIDENCE","BLOCKED_NO_STATIC_BACK_ADJUSTMENT_POLICY","BLOCKED_STALE_BAR_POLICY_UNRESOLVED","BLOCKED_MISSING_BAR_POLICY_UNRESOLVED","BLOCKED_ALIGNMENT_POLICY_UNRESOLVED","RISK_FX_COST_CARRY_LEG_FAIL_CLOSED_NOT_LOCKED","RISK_FX_COST_CARRY_LEG_BLOCKED_SESSION_ROLL_COMPLETED_BAR","BLOCKED_UPSTREAM_READINESS_NOT_RESOLVED","BLOCKED_UPSTREAM_READINESS_NOT_RESOLVED","BLOCKED_UPSTREAM_READINESS_NOT_RESOLVED","BLOCKED_UPSTREAM_READINESS_NOT_RESOLVED","BLOCKED_UPSTREAM_READINESS_NOT_RESOLVED","BLOCKED_UPSTREAM_READINESS_NOT_RESOLVED","BLOCKED_UPSTREAM_READINESS_NOT_RESOLVED","BLOCKED_UPSTREAM_READINESS_NOT_RESOLVED","BLOCKED_UPSTREAM_READINESS_NOT_RESOLVED","STATIC_READINESS_FAIL_CLOSED_NOT_READY_FOR_TINY_HISTORICAL_BAR_INTAKE","NO_MARKET_ROW_ACCESS","NO","NO","NO","FAIL_CLOSED_NO_DROP_NO_SUBSTITUTE_NO_REWEIGHT","CONTRACT_IDENTITY_STATIC_UNRESOLVED_SUPPORTED_NOT_DATA_READY;production_contract_identity_lock_status_NOT_LOCKED;SESSION_ROLL_BLOCKED_NO_COMPLETED_BAR_POLICY;BLOCKED_NO_STATIC_COMPLETED_BAR_POLICY;BLOCKED_NO_STATIC_ROLL_RULE_EVIDENCE;BLOCKED_NO_STATIC_BACK_ADJUSTMENT_POLICY;BLOCKED_STALE_BAR_POLICY_UNRESOLVED;BLOCKED_MISSING_BAR_POLICY_UNRESOLVED;BLOCKED_ALIGNMENT_POLICY_UNRESOLVED;RISK_FX_COST_CARRY_LEG_BLOCKED_SESSION_ROLL_COMPLETED_BAR;BLOCKED_UPSTREAM_READINESS_NOT_RESOLVED","Static readiness execution used current Carver static artifacts only; row is not authorized for historical bars unless final_static_readiness_status becomes STATIC_READY_FOR_TINY_HISTORICAL_BAR_INTAKE in a later authorized gate."
"APPENDIX_C_182_002","QM","WTI Crude (mini)","Energy futures","SELECTED_NINJATRADER_SUPPORTED_PILOT_CANDIDATE","SOURCE_NATIVE_FUTURES","CONTRACT_IDENTITY_FAIL_CLOSED_NOT_LOCKED","CONTRACT_IDENTITY_STATIC_UNRESOLVED_SUPPORTED_NOT_DATA_READY","RESOLVED_STATIC_OFFICIAL_VENUE_PENDING_FINAL_LOCK","RESOLVED_STATIC_OFFICIAL_CURRENCY_PENDING_FINAL_LOCK","RESOLVED_STATIC_CONTRACT_UNIT_AND_POINT_VALUE_PENDING_FINAL_LOCK","RESOLVED_STATIC_POINT_TICK_PENDING_FINAL_LOCK","UNRESOLVED_OFFICIAL_CURRENT_SPEC_IS_NOT_ACTIVE_TRADABILITY_LOCK","RESOLVED_STATIC_PRODUCT_FAMILY_VARIANT_PENDING_FINAL_LOCK","UNRESOLVED_DELIVERY_CYCLE_REQUIRES_FINAL_STATIC_LOCK","SESSION_ROLL_COMPLETED_BAR_FAIL_CLOSED_NOT_LOCKED","SESSION_ROLL_BLOCKED_NO_COMPLETED_BAR_POLICY","Nymex Metals - Energy ETH","UNRESOLVED_PROVIDER_TRADING_HOURS_TEMPLATE_PRESENT_NOT_SESSION_CALENDAR_LOCK","UNRESOLVED_NO_STATIC_TIMEZONE_POLICY","UNRESOLVED_NO_STATIC_DAILY_CLOSE_TIME_POLICY","BLOCKED_NO_STATIC_COMPLETED_BAR_POLICY","UNRESOLVED_NO_STATIC_HOLIDAY_CALENDAR","UNRESOLVED_NO_STATIC_EARLY_CLOSE_POLICY","BLOCKED_NO_STATIC_ROLL_RULE_EVIDENCE","BLOCKED_NO_STATIC_BACK_ADJUSTMENT_POLICY","BLOCKED_STALE_BAR_POLICY_UNRESOLVED","BLOCKED_MISSING_BAR_POLICY_UNRESOLVED","BLOCKED_ALIGNMENT_POLICY_UNRESOLVED","RISK_FX_COST_CARRY_LEG_FAIL_CLOSED_NOT_LOCKED","RISK_FX_COST_CARRY_LEG_BLOCKED_SESSION_ROLL_COMPLETED_BAR","BLOCKED_UPSTREAM_READINESS_NOT_RESOLVED","BLOCKED_UPSTREAM_READINESS_NOT_RESOLVED","BLOCKED_UPSTREAM_READINESS_NOT_RESOLVED","BLOCKED_UPSTREAM_READINESS_NOT_RESOLVED","BLOCKED_UPSTREAM_READINESS_NOT_RESOLVED","BLOCKED_UPSTREAM_READINESS_NOT_RESOLVED","BLOCKED_UPSTREAM_READINESS_NOT_RESOLVED","BLOCKED_UPSTREAM_READINESS_NOT_RESOLVED","BLOCKED_UPSTREAM_READINESS_NOT_RESOLVED","STATIC_READINESS_FAIL_CLOSED_NOT_READY_FOR_TINY_HISTORICAL_BAR_INTAKE","NO_MARKET_ROW_ACCESS","NO","NO","NO","FAIL_CLOSED_NO_DROP_NO_SUBSTITUTE_NO_REWEIGHT","CONTRACT_IDENTITY_STATIC_UNRESOLVED_SUPPORTED_NOT_DATA_READY;production_contract_identity_lock_status_NOT_LOCKED;SESSION_ROLL_BLOCKED_NO_COMPLETED_BAR_POLICY;BLOCKED_NO_STATIC_COMPLETED_BAR_POLICY;BLOCKED_NO_STATIC_ROLL_RULE_EVIDENCE;BLOCKED_NO_STATIC_BACK_ADJUSTMENT_POLICY;BLOCKED_STALE_BAR_POLICY_UNRESOLVED;BLOCKED_MISSING_BAR_POLICY_UNRESOLVED;BLOCKED_ALIGNMENT_POLICY_UNRESOLVED;RISK_FX_COST_CARRY_LEG_BLOCKED_SESSION_ROLL_COMPLETED_BAR;BLOCKED_UPSTREAM_READINESS_NOT_RESOLVED","Static readiness execution used current Carver static artifacts only; row is not authorized for historical bars unless final_static_readiness_status becomes STATIC_READY_FOR_TINY_HISTORICAL_BAR_INTAKE in a later authorized gate."
"APPENDIX_C_182_004","RB","Gasoline","Energy futures","SELECTED_NINJATRADER_SUPPORTED_PILOT_CANDIDATE","SOURCE_NATIVE_FUTURES","CONTRACT_IDENTITY_FAIL_CLOSED_NOT_LOCKED","CONTRACT_IDENTITY_STATIC_UNRESOLVED_SUPPORTED_NOT_DATA_READY","RESOLVED_STATIC_OFFICIAL_VENUE_PENDING_FINAL_LOCK","RESOLVED_STATIC_OFFICIAL_CURRENCY_PENDING_FINAL_LOCK","RESOLVED_STATIC_CONTRACT_UNIT_AND_POINT_VALUE_PENDING_FINAL_LOCK","RESOLVED_STATIC_POINT_TICK_PENDING_FINAL_LOCK","UNRESOLVED_OFFICIAL_CURRENT_SPEC_IS_NOT_ACTIVE_TRADABILITY_LOCK","RESOLVED_STATIC_PRODUCT_FAMILY_VARIANT_PENDING_FINAL_LOCK","UNRESOLVED_DELIVERY_CYCLE_REQUIRES_FINAL_STATIC_LOCK","SESSION_ROLL_COMPLETED_BAR_FAIL_CLOSED_NOT_LOCKED","SESSION_ROLL_BLOCKED_NO_COMPLETED_BAR_POLICY","Nymex Metals - Energy ETH","UNRESOLVED_PROVIDER_TRADING_HOURS_TEMPLATE_PRESENT_NOT_SESSION_CALENDAR_LOCK","UNRESOLVED_NO_STATIC_TIMEZONE_POLICY","UNRESOLVED_NO_STATIC_DAILY_CLOSE_TIME_POLICY","BLOCKED_NO_STATIC_COMPLETED_BAR_POLICY","UNRESOLVED_NO_STATIC_HOLIDAY_CALENDAR","UNRESOLVED_NO_STATIC_EARLY_CLOSE_POLICY","BLOCKED_NO_STATIC_ROLL_RULE_EVIDENCE","BLOCKED_NO_STATIC_BACK_ADJUSTMENT_POLICY","BLOCKED_STALE_BAR_POLICY_UNRESOLVED","BLOCKED_MISSING_BAR_POLICY_UNRESOLVED","BLOCKED_ALIGNMENT_POLICY_UNRESOLVED","RISK_FX_COST_CARRY_LEG_FAIL_CLOSED_NOT_LOCKED","RISK_FX_COST_CARRY_LEG_BLOCKED_SESSION_ROLL_COMPLETED_BAR","BLOCKED_UPSTREAM_READINESS_NOT_RESOLVED","BLOCKED_UPSTREAM_READINESS_NOT_RESOLVED","BLOCKED_UPSTREAM_READINESS_NOT_RESOLVED","BLOCKED_UPSTREAM_READINESS_NOT_RESOLVED","BLOCKED_UPSTREAM_READINESS_NOT_RESOLVED","BLOCKED_UPSTREAM_READINESS_NOT_RESOLVED","BLOCKED_UPSTREAM_READINESS_NOT_RESOLVED","BLOCKED_UPSTREAM_READINESS_NOT_RESOLVED","BLOCKED_UPSTREAM_READINESS_NOT_RESOLVED","STATIC_READINESS_FAIL_CLOSED_NOT_READY_FOR_TINY_HISTORICAL_BAR_INTAKE","NO_MARKET_ROW_ACCESS","NO","NO","NO","FAIL_CLOSED_NO_DROP_NO_SUBSTITUTE_NO_REWEIGHT","CONTRACT_IDENTITY_STATIC_UNRESOLVED_SUPPORTED_NOT_DATA_READY;production_contract_identity_lock_status_NOT_LOCKED;SESSION_ROLL_BLOCKED_NO_COMPLETED_BAR_POLICY;BLOCKED_NO_STATIC_COMPLETED_BAR_POLICY;BLOCKED_NO_STATIC_ROLL_RULE_EVIDENCE;BLOCKED_NO_STATIC_BACK_ADJUSTMENT_POLICY;BLOCKED_STALE_BAR_POLICY_UNRESOLVED;BLOCKED_MISSING_BAR_POLICY_UNRESOLVED;BLOCKED_ALIGNMENT_POLICY_UNRESOLVED;RISK_FX_COST_CARRY_LEG_BLOCKED_SESSION_ROLL_COMPLETED_BAR;BLOCKED_UPSTREAM_READINESS_NOT_RESOLVED","Static readiness execution used current Carver static artifacts only; row is not authorized for historical bars unless final_static_readiness_status becomes STATIC_READY_FOR_TINY_HISTORICAL_BAR_INTAKE in a later authorized gate."
"APPENDIX_C_183_003","ZC","Corn","Agricultural futures","SELECTED_NINJATRADER_SUPPORTED_PILOT_CANDIDATE","SOURCE_NATIVE_FUTURES","CONTRACT_IDENTITY_FAIL_CLOSED_NOT_LOCKED","CONTRACT_IDENTITY_STATIC_UNRESOLVED_QUOTE_UNIT_LOCK_REQUIRED","RESOLVED_STATIC_PLATFORM_OR_LEGACY_LABEL_NORMALIZATION_PENDING_FINAL_LOCK","RESOLVED_STATIC_OFFICIAL_CURRENCY_PENDING_FINAL_LOCK","RESOLVED_STATIC_QUOTE_UNIT_EXPLAINS_NUMERIC_DIFFERENCE_PENDING_FINAL_LOCK","RESOLVED_STATIC_POINT_TICK_PENDING_FINAL_LOCK","UNRESOLVED_OFFICIAL_CURRENT_SPEC_IS_NOT_ACTIVE_TRADABILITY_LOCK","RESOLVED_STATIC_PRODUCT_FAMILY_VARIANT_PENDING_FINAL_LOCK","UNRESOLVED_DELIVERY_CYCLE_REQUIRES_FINAL_STATIC_LOCK","SESSION_ROLL_COMPLETED_BAR_FAIL_CLOSED_NOT_LOCKED","SESSION_ROLL_BLOCKED_NO_COMPLETED_BAR_POLICY","CBOT Agriculturals ETH","UNRESOLVED_PROVIDER_TRADING_HOURS_TEMPLATE_PRESENT_NOT_SESSION_CALENDAR_LOCK","UNRESOLVED_NO_STATIC_TIMEZONE_POLICY","UNRESOLVED_NO_STATIC_DAILY_CLOSE_TIME_POLICY","BLOCKED_NO_STATIC_COMPLETED_BAR_POLICY","UNRESOLVED_NO_STATIC_HOLIDAY_CALENDAR","UNRESOLVED_NO_STATIC_EARLY_CLOSE_POLICY","BLOCKED_NO_STATIC_ROLL_RULE_EVIDENCE","BLOCKED_NO_STATIC_BACK_ADJUSTMENT_POLICY","BLOCKED_STALE_BAR_POLICY_UNRESOLVED","BLOCKED_MISSING_BAR_POLICY_UNRESOLVED","BLOCKED_ALIGNMENT_POLICY_UNRESOLVED","RISK_FX_COST_CARRY_LEG_FAIL_CLOSED_NOT_LOCKED","RISK_FX_COST_CARRY_LEG_BLOCKED_SESSION_ROLL_COMPLETED_BAR","BLOCKED_UPSTREAM_READINESS_NOT_RESOLVED","BLOCKED_UPSTREAM_READINESS_NOT_RESOLVED","BLOCKED_UPSTREAM_READINESS_NOT_RESOLVED","BLOCKED_UPSTREAM_READINESS_NOT_RESOLVED","BLOCKED_UPSTREAM_READINESS_NOT_RESOLVED","BLOCKED_UPSTREAM_READINESS_NOT_RESOLVED","BLOCKED_UPSTREAM_READINESS_NOT_RESOLVED","BLOCKED_UPSTREAM_READINESS_NOT_RESOLVED","BLOCKED_UPSTREAM_READINESS_NOT_RESOLVED","STATIC_READINESS_FAIL_CLOSED_NOT_READY_FOR_TINY_HISTORICAL_BAR_INTAKE","NO_MARKET_ROW_ACCESS","NO","NO","NO","FAIL_CLOSED_NO_DROP_NO_SUBSTITUTE_NO_REWEIGHT","CONTRACT_IDENTITY_STATIC_UNRESOLVED_QUOTE_UNIT_LOCK_REQUIRED;production_contract_identity_lock_status_NOT_LOCKED;SESSION_ROLL_BLOCKED_NO_COMPLETED_BAR_POLICY;BLOCKED_NO_STATIC_COMPLETED_BAR_POLICY;BLOCKED_NO_STATIC_ROLL_RULE_EVIDENCE;BLOCKED_NO_STATIC_BACK_ADJUSTMENT_POLICY;BLOCKED_STALE_BAR_POLICY_UNRESOLVED;BLOCKED_MISSING_BAR_POLICY_UNRESOLVED;BLOCKED_ALIGNMENT_POLICY_UNRESOLVED;RISK_FX_COST_CARRY_LEG_BLOCKED_SESSION_ROLL_COMPLETED_BAR;BLOCKED_UPSTREAM_READINESS_NOT_RESOLVED","Static readiness execution used current Carver static artifacts only; row is not authorized for historical bars unless final_static_readiness_status becomes STATIC_READY_FOR_TINY_HISTORICAL_BAR_INTAKE in a later authorized gate."
"APPENDIX_C_183_010","ZS","Soybeans","Agricultural futures","SELECTED_NINJATRADER_SUPPORTED_PILOT_CANDIDATE","SOURCE_NATIVE_FUTURES","CONTRACT_IDENTITY_FAIL_CLOSED_NOT_LOCKED","CONTRACT_IDENTITY_STATIC_UNRESOLVED_QUOTE_UNIT_LOCK_REQUIRED","RESOLVED_STATIC_PLATFORM_OR_LEGACY_LABEL_NORMALIZATION_PENDING_FINAL_LOCK","RESOLVED_STATIC_OFFICIAL_CURRENCY_PENDING_FINAL_LOCK","RESOLVED_STATIC_QUOTE_UNIT_EXPLAINS_NUMERIC_DIFFERENCE_PENDING_FINAL_LOCK","RESOLVED_STATIC_POINT_TICK_PENDING_FINAL_LOCK","UNRESOLVED_OFFICIAL_CURRENT_SPEC_IS_NOT_ACTIVE_TRADABILITY_LOCK","RESOLVED_STATIC_PRODUCT_FAMILY_VARIANT_PENDING_FINAL_LOCK","UNRESOLVED_DELIVERY_CYCLE_REQUIRES_FINAL_STATIC_LOCK","SESSION_ROLL_COMPLETED_BAR_FAIL_CLOSED_NOT_LOCKED","SESSION_ROLL_BLOCKED_NO_COMPLETED_BAR_POLICY","CBOT Agriculturals ETH","UNRESOLVED_PROVIDER_TRADING_HOURS_TEMPLATE_PRESENT_NOT_SESSION_CALENDAR_LOCK","UNRESOLVED_NO_STATIC_TIMEZONE_POLICY","UNRESOLVED_NO_STATIC_DAILY_CLOSE_TIME_POLICY","BLOCKED_NO_STATIC_COMPLETED_BAR_POLICY","UNRESOLVED_NO_STATIC_HOLIDAY_CALENDAR","UNRESOLVED_NO_STATIC_EARLY_CLOSE_POLICY","BLOCKED_NO_STATIC_ROLL_RULE_EVIDENCE","BLOCKED_NO_STATIC_BACK_ADJUSTMENT_POLICY","BLOCKED_STALE_BAR_POLICY_UNRESOLVED","BLOCKED_MISSING_BAR_POLICY_UNRESOLVED","BLOCKED_ALIGNMENT_POLICY_UNRESOLVED","RISK_FX_COST_CARRY_LEG_FAIL_CLOSED_NOT_LOCKED","RISK_FX_COST_CARRY_LEG_BLOCKED_SESSION_ROLL_COMPLETED_BAR","BLOCKED_UPSTREAM_READINESS_NOT_RESOLVED","BLOCKED_UPSTREAM_READINESS_NOT_RESOLVED","BLOCKED_UPSTREAM_READINESS_NOT_RESOLVED","BLOCKED_UPSTREAM_READINESS_NOT_RESOLVED","BLOCKED_UPSTREAM_READINESS_NOT_RESOLVED","BLOCKED_UPSTREAM_READINESS_NOT_RESOLVED","BLOCKED_UPSTREAM_READINESS_NOT_RESOLVED","BLOCKED_UPSTREAM_READINESS_NOT_RESOLVED","BLOCKED_UPSTREAM_READINESS_NOT_RESOLVED","STATIC_READINESS_FAIL_CLOSED_NOT_READY_FOR_TINY_HISTORICAL_BAR_INTAKE","NO_MARKET_ROW_ACCESS","NO","NO","NO","FAIL_CLOSED_NO_DROP_NO_SUBSTITUTE_NO_REWEIGHT","CONTRACT_IDENTITY_STATIC_UNRESOLVED_QUOTE_UNIT_LOCK_REQUIRED;production_contract_identity_lock_status_NOT_LOCKED;SESSION_ROLL_BLOCKED_NO_COMPLETED_BAR_POLICY;BLOCKED_NO_STATIC_COMPLETED_BAR_POLICY;BLOCKED_NO_STATIC_ROLL_RULE_EVIDENCE;BLOCKED_NO_STATIC_BACK_ADJUSTMENT_POLICY;BLOCKED_STALE_BAR_POLICY_UNRESOLVED;BLOCKED_MISSING_BAR_POLICY_UNRESOLVED;BLOCKED_ALIGNMENT_POLICY_UNRESOLVED;RISK_FX_COST_CARRY_LEG_BLOCKED_SESSION_ROLL_COMPLETED_BAR;BLOCKED_UPSTREAM_READINESS_NOT_RESOLVED","Static readiness execution used current Carver static artifacts only; row is not authorized for historical bars unless final_static_readiness_status becomes STATIC_READY_FOR_TINY_HISTORICAL_BAR_INTAKE in a later authorized gate."
"APPENDIX_C_183_011","ZM","Soybean Meal","Agricultural futures","SELECTED_NINJATRADER_SUPPORTED_PILOT_CANDIDATE","SOURCE_NATIVE_FUTURES","CONTRACT_IDENTITY_FAIL_CLOSED_NOT_LOCKED","CONTRACT_IDENTITY_STATIC_UNRESOLVED_DELIVERY_CYCLE_LOCK_REQUIRED","RESOLVED_STATIC_PLATFORM_OR_LEGACY_LABEL_NORMALIZATION_PENDING_FINAL_LOCK","RESOLVED_STATIC_OFFICIAL_CURRENCY_PENDING_FINAL_LOCK","RESOLVED_STATIC_CONTRACT_UNIT_AND_POINT_VALUE_PENDING_FINAL_LOCK","RESOLVED_STATIC_POINT_TICK_PENDING_FINAL_LOCK","UNRESOLVED_OFFICIAL_CURRENT_SPEC_IS_NOT_ACTIVE_TRADABILITY_LOCK","RESOLVED_STATIC_PRODUCT_FAMILY_VARIANT_PENDING_FINAL_LOCK","UNRESOLVED_DELIVERY_CYCLE_REQUIRES_FINAL_STATIC_LOCK","SESSION_ROLL_COMPLETED_BAR_FAIL_CLOSED_NOT_LOCKED","SESSION_ROLL_BLOCKED_NO_COMPLETED_BAR_POLICY","CBOT Agriculturals ETH","UNRESOLVED_PROVIDER_TRADING_HOURS_TEMPLATE_PRESENT_NOT_SESSION_CALENDAR_LOCK","UNRESOLVED_NO_STATIC_TIMEZONE_POLICY","UNRESOLVED_NO_STATIC_DAILY_CLOSE_TIME_POLICY","BLOCKED_NO_STATIC_COMPLETED_BAR_POLICY","UNRESOLVED_NO_STATIC_HOLIDAY_CALENDAR","UNRESOLVED_NO_STATIC_EARLY_CLOSE_POLICY","BLOCKED_NO_STATIC_ROLL_RULE_EVIDENCE","BLOCKED_NO_STATIC_BACK_ADJUSTMENT_POLICY","BLOCKED_STALE_BAR_POLICY_UNRESOLVED","BLOCKED_MISSING_BAR_POLICY_UNRESOLVED","BLOCKED_ALIGNMENT_POLICY_UNRESOLVED","RISK_FX_COST_CARRY_LEG_FAIL_CLOSED_NOT_LOCKED","RISK_FX_COST_CARRY_LEG_BLOCKED_SESSION_ROLL_COMPLETED_BAR","BLOCKED_UPSTREAM_READINESS_NOT_RESOLVED","BLOCKED_UPSTREAM_READINESS_NOT_RESOLVED","BLOCKED_UPSTREAM_READINESS_NOT_RESOLVED","BLOCKED_UPSTREAM_READINESS_NOT_RESOLVED","BLOCKED_UPSTREAM_READINESS_NOT_RESOLVED","BLOCKED_UPSTREAM_READINESS_NOT_RESOLVED","BLOCKED_UPSTREAM_READINESS_NOT_RESOLVED","BLOCKED_UPSTREAM_READINESS_NOT_RESOLVED","BLOCKED_UPSTREAM_READINESS_NOT_RESOLVED","STATIC_READINESS_FAIL_CLOSED_NOT_READY_FOR_TINY_HISTORICAL_BAR_INTAKE","NO_MARKET_ROW_ACCESS","NO","NO","NO","FAIL_CLOSED_NO_DROP_NO_SUBSTITUTE_NO_REWEIGHT","CONTRACT_IDENTITY_STATIC_UNRESOLVED_DELIVERY_CYCLE_LOCK_REQUIRED;production_contract_identity_lock_status_NOT_LOCKED;SESSION_ROLL_BLOCKED_NO_COMPLETED_BAR_POLICY;BLOCKED_NO_STATIC_COMPLETED_BAR_POLICY;BLOCKED_NO_STATIC_ROLL_RULE_EVIDENCE;BLOCKED_NO_STATIC_BACK_ADJUSTMENT_POLICY;BLOCKED_STALE_BAR_POLICY_UNRESOLVED;BLOCKED_MISSING_BAR_POLICY_UNRESOLVED;BLOCKED_ALIGNMENT_POLICY_UNRESOLVED;RISK_FX_COST_CARRY_LEG_BLOCKED_SESSION_ROLL_COMPLETED_BAR;BLOCKED_UPSTREAM_READINESS_NOT_RESOLVED","Static readiness execution used current Carver static artifacts only; row is not authorized for historical bars unless final_static_readiness_status becomes STATIC_READY_FOR_TINY_HISTORICAL_BAR_INTAKE in a later authorized gate."
"APPENDIX_C_183_012","ZL","Soybean Oil","Agricultural futures","SELECTED_NINJATRADER_SUPPORTED_PILOT_CANDIDATE","SOURCE_NATIVE_FUTURES","CONTRACT_IDENTITY_FAIL_CLOSED_NOT_LOCKED","CONTRACT_IDENTITY_STATIC_UNRESOLVED_QUOTE_UNIT_LOCK_REQUIRED","RESOLVED_STATIC_PLATFORM_OR_LEGACY_LABEL_NORMALIZATION_PENDING_FINAL_LOCK","RESOLVED_STATIC_OFFICIAL_CURRENCY_PENDING_FINAL_LOCK","RESOLVED_STATIC_QUOTE_UNIT_EXPLAINS_NUMERIC_DIFFERENCE_PENDING_FINAL_LOCK","RESOLVED_STATIC_POINT_TICK_PENDING_FINAL_LOCK","UNRESOLVED_OFFICIAL_CURRENT_SPEC_IS_NOT_ACTIVE_TRADABILITY_LOCK","RESOLVED_STATIC_PRODUCT_FAMILY_VARIANT_PENDING_FINAL_LOCK","UNRESOLVED_DELIVERY_CYCLE_REQUIRES_FINAL_STATIC_LOCK","SESSION_ROLL_COMPLETED_BAR_FAIL_CLOSED_NOT_LOCKED","SESSION_ROLL_BLOCKED_NO_COMPLETED_BAR_POLICY","CBOT Agriculturals ETH","UNRESOLVED_PROVIDER_TRADING_HOURS_TEMPLATE_PRESENT_NOT_SESSION_CALENDAR_LOCK","UNRESOLVED_NO_STATIC_TIMEZONE_POLICY","UNRESOLVED_NO_STATIC_DAILY_CLOSE_TIME_POLICY","BLOCKED_NO_STATIC_COMPLETED_BAR_POLICY","UNRESOLVED_NO_STATIC_HOLIDAY_CALENDAR","UNRESOLVED_NO_STATIC_EARLY_CLOSE_POLICY","BLOCKED_NO_STATIC_ROLL_RULE_EVIDENCE","BLOCKED_NO_STATIC_BACK_ADJUSTMENT_POLICY","BLOCKED_STALE_BAR_POLICY_UNRESOLVED","BLOCKED_MISSING_BAR_POLICY_UNRESOLVED","BLOCKED_ALIGNMENT_POLICY_UNRESOLVED","RISK_FX_COST_CARRY_LEG_FAIL_CLOSED_NOT_LOCKED","RISK_FX_COST_CARRY_LEG_BLOCKED_SESSION_ROLL_COMPLETED_BAR","BLOCKED_UPSTREAM_READINESS_NOT_RESOLVED","BLOCKED_UPSTREAM_READINESS_NOT_RESOLVED","BLOCKED_UPSTREAM_READINESS_NOT_RESOLVED","BLOCKED_UPSTREAM_READINESS_NOT_RESOLVED","BLOCKED_UPSTREAM_READINESS_NOT_RESOLVED","BLOCKED_UPSTREAM_READINESS_NOT_RESOLVED","BLOCKED_UPSTREAM_READINESS_NOT_RESOLVED","BLOCKED_UPSTREAM_READINESS_NOT_RESOLVED","BLOCKED_UPSTREAM_READINESS_NOT_RESOLVED","STATIC_READINESS_FAIL_CLOSED_NOT_READY_FOR_TINY_HISTORICAL_BAR_INTAKE","NO_MARKET_ROW_ACCESS","NO","NO","NO","FAIL_CLOSED_NO_DROP_NO_SUBSTITUTE_NO_REWEIGHT","CONTRACT_IDENTITY_STATIC_UNRESOLVED_QUOTE_UNIT_LOCK_REQUIRED;production_contract_identity_lock_status_NOT_LOCKED;SESSION_ROLL_BLOCKED_NO_COMPLETED_BAR_POLICY;BLOCKED_NO_STATIC_COMPLETED_BAR_POLICY;BLOCKED_NO_STATIC_ROLL_RULE_EVIDENCE;BLOCKED_NO_STATIC_BACK_ADJUSTMENT_POLICY;BLOCKED_STALE_BAR_POLICY_UNRESOLVED;BLOCKED_MISSING_BAR_POLICY_UNRESOLVED;BLOCKED_ALIGNMENT_POLICY_UNRESOLVED;RISK_FX_COST_CARRY_LEG_BLOCKED_SESSION_ROLL_COMPLETED_BAR;BLOCKED_UPSTREAM_READINESS_NOT_RESOLVED","Static readiness execution used current Carver static artifacts only; row is not authorized for historical bars unless final_static_readiness_status becomes STATIC_READY_FOR_TINY_HISTORICAL_BAR_INTAKE in a later authorized gate."
"APPENDIX_C_183_013","ZW","Wheat","Agricultural futures","SELECTED_NINJATRADER_SUPPORTED_PILOT_CANDIDATE","SOURCE_NATIVE_FUTURES","CONTRACT_IDENTITY_FAIL_CLOSED_NOT_LOCKED","CONTRACT_IDENTITY_STATIC_UNRESOLVED_QUOTE_UNIT_LOCK_REQUIRED","RESOLVED_STATIC_PLATFORM_OR_LEGACY_LABEL_NORMALIZATION_PENDING_FINAL_LOCK","RESOLVED_STATIC_OFFICIAL_CURRENCY_PENDING_FINAL_LOCK","RESOLVED_STATIC_QUOTE_UNIT_EXPLAINS_NUMERIC_DIFFERENCE_PENDING_FINAL_LOCK","RESOLVED_STATIC_POINT_TICK_PENDING_FINAL_LOCK","UNRESOLVED_OFFICIAL_CURRENT_SPEC_IS_NOT_ACTIVE_TRADABILITY_LOCK","RESOLVED_STATIC_PRODUCT_FAMILY_VARIANT_PENDING_FINAL_LOCK","UNRESOLVED_DELIVERY_CYCLE_REQUIRES_FINAL_STATIC_LOCK","SESSION_ROLL_COMPLETED_BAR_FAIL_CLOSED_NOT_LOCKED","SESSION_ROLL_BLOCKED_NO_COMPLETED_BAR_POLICY","CBOT Agriculturals ETH","UNRESOLVED_PROVIDER_TRADING_HOURS_TEMPLATE_PRESENT_NOT_SESSION_CALENDAR_LOCK","UNRESOLVED_NO_STATIC_TIMEZONE_POLICY","UNRESOLVED_NO_STATIC_DAILY_CLOSE_TIME_POLICY","BLOCKED_NO_STATIC_COMPLETED_BAR_POLICY","UNRESOLVED_NO_STATIC_HOLIDAY_CALENDAR","UNRESOLVED_NO_STATIC_EARLY_CLOSE_POLICY","BLOCKED_NO_STATIC_ROLL_RULE_EVIDENCE","BLOCKED_NO_STATIC_BACK_ADJUSTMENT_POLICY","BLOCKED_STALE_BAR_POLICY_UNRESOLVED","BLOCKED_MISSING_BAR_POLICY_UNRESOLVED","BLOCKED_ALIGNMENT_POLICY_UNRESOLVED","RISK_FX_COST_CARRY_LEG_FAIL_CLOSED_NOT_LOCKED","RISK_FX_COST_CARRY_LEG_BLOCKED_SESSION_ROLL_COMPLETED_BAR","BLOCKED_UPSTREAM_READINESS_NOT_RESOLVED","BLOCKED_UPSTREAM_READINESS_NOT_RESOLVED","BLOCKED_UPSTREAM_READINESS_NOT_RESOLVED","BLOCKED_UPSTREAM_READINESS_NOT_RESOLVED","BLOCKED_UPSTREAM_READINESS_NOT_RESOLVED","BLOCKED_UPSTREAM_READINESS_NOT_RESOLVED","BLOCKED_UPSTREAM_READINESS_NOT_RESOLVED","BLOCKED_UPSTREAM_READINESS_NOT_RESOLVED","BLOCKED_UPSTREAM_READINESS_NOT_RESOLVED","STATIC_READINESS_FAIL_CLOSED_NOT_READY_FOR_TINY_HISTORICAL_BAR_INTAKE","NO_MARKET_ROW_ACCESS","NO","NO","NO","FAIL_CLOSED_NO_DROP_NO_SUBSTITUTE_NO_REWEIGHT","CONTRACT_IDENTITY_STATIC_UNRESOLVED_QUOTE_UNIT_LOCK_REQUIRED;production_contract_identity_lock_status_NOT_LOCKED;SESSION_ROLL_BLOCKED_NO_COMPLETED_BAR_POLICY;BLOCKED_NO_STATIC_COMPLETED_BAR_POLICY;BLOCKED_NO_STATIC_ROLL_RULE_EVIDENCE;BLOCKED_NO_STATIC_BACK_ADJUSTMENT_POLICY;BLOCKED_STALE_BAR_POLICY_UNRESOLVED;BLOCKED_MISSING_BAR_POLICY_UNRESOLVED;BLOCKED_ALIGNMENT_POLICY_UNRESOLVED;RISK_FX_COST_CARRY_LEG_BLOCKED_SESSION_ROLL_COMPLETED_BAR;BLOCKED_UPSTREAM_READINESS_NOT_RESOLVED","Static readiness execution used current Carver static artifacts only; row is not authorized for historical bars unless final_static_readiness_status becomes STATIC_READY_FOR_TINY_HISTORICAL_BAR_INTAKE in a later authorized gate."
"APPENDIX_C_183_005","HE","Lean Hogs","Agricultural futures","SELECTED_NINJATRADER_SUPPORTED_PILOT_CANDIDATE","SOURCE_NATIVE_FUTURES","CONTRACT_IDENTITY_FAIL_CLOSED_NOT_LOCKED","CONTRACT_IDENTITY_STATIC_UNRESOLVED_QUOTE_UNIT_LOCK_REQUIRED","RESOLVED_STATIC_OFFICIAL_VENUE_PENDING_FINAL_LOCK","RESOLVED_STATIC_OFFICIAL_CURRENCY_PENDING_FINAL_LOCK","RESOLVED_STATIC_QUOTE_UNIT_EXPLAINS_NUMERIC_DIFFERENCE_PENDING_FINAL_LOCK","RESOLVED_STATIC_POINT_TICK_PENDING_FINAL_LOCK","UNRESOLVED_OFFICIAL_CURRENT_SPEC_IS_NOT_ACTIVE_TRADABILITY_LOCK","RESOLVED_STATIC_PRODUCT_FAMILY_VARIANT_PENDING_FINAL_LOCK","UNRESOLVED_DELIVERY_CYCLE_REQUIRES_FINAL_STATIC_LOCK","SESSION_ROLL_COMPLETED_BAR_FAIL_CLOSED_NOT_LOCKED","SESSION_ROLL_BLOCKED_NO_COMPLETED_BAR_POLICY","CME Commodities ETH","UNRESOLVED_PROVIDER_TRADING_HOURS_TEMPLATE_PRESENT_NOT_SESSION_CALENDAR_LOCK","UNRESOLVED_NO_STATIC_TIMEZONE_POLICY","UNRESOLVED_NO_STATIC_DAILY_CLOSE_TIME_POLICY","BLOCKED_NO_STATIC_COMPLETED_BAR_POLICY","UNRESOLVED_NO_STATIC_HOLIDAY_CALENDAR","UNRESOLVED_NO_STATIC_EARLY_CLOSE_POLICY","BLOCKED_NO_STATIC_ROLL_RULE_EVIDENCE","BLOCKED_NO_STATIC_BACK_ADJUSTMENT_POLICY","BLOCKED_STALE_BAR_POLICY_UNRESOLVED","BLOCKED_MISSING_BAR_POLICY_UNRESOLVED","BLOCKED_ALIGNMENT_POLICY_UNRESOLVED","RISK_FX_COST_CARRY_LEG_FAIL_CLOSED_NOT_LOCKED","RISK_FX_COST_CARRY_LEG_BLOCKED_SESSION_ROLL_COMPLETED_BAR","BLOCKED_UPSTREAM_READINESS_NOT_RESOLVED","BLOCKED_UPSTREAM_READINESS_NOT_RESOLVED","BLOCKED_UPSTREAM_READINESS_NOT_RESOLVED","BLOCKED_UPSTREAM_READINESS_NOT_RESOLVED","BLOCKED_UPSTREAM_READINESS_NOT_RESOLVED","BLOCKED_UPSTREAM_READINESS_NOT_RESOLVED","BLOCKED_UPSTREAM_READINESS_NOT_RESOLVED","BLOCKED_UPSTREAM_READINESS_NOT_RESOLVED","BLOCKED_UPSTREAM_READINESS_NOT_RESOLVED","STATIC_READINESS_FAIL_CLOSED_NOT_READY_FOR_TINY_HISTORICAL_BAR_INTAKE","NO_MARKET_ROW_ACCESS","NO","NO","NO","FAIL_CLOSED_NO_DROP_NO_SUBSTITUTE_NO_REWEIGHT","CONTRACT_IDENTITY_STATIC_UNRESOLVED_QUOTE_UNIT_LOCK_REQUIRED;production_contract_identity_lock_status_NOT_LOCKED;SESSION_ROLL_BLOCKED_NO_COMPLETED_BAR_POLICY;BLOCKED_NO_STATIC_COMPLETED_BAR_POLICY;BLOCKED_NO_STATIC_ROLL_RULE_EVIDENCE;BLOCKED_NO_STATIC_BACK_ADJUSTMENT_POLICY;BLOCKED_STALE_BAR_POLICY_UNRESOLVED;BLOCKED_MISSING_BAR_POLICY_UNRESOLVED;BLOCKED_ALIGNMENT_POLICY_UNRESOLVED;RISK_FX_COST_CARRY_LEG_BLOCKED_SESSION_ROLL_COMPLETED_BAR;BLOCKED_UPSTREAM_READINESS_NOT_RESOLVED","Static readiness execution used current Carver static artifacts only; row is not authorized for historical bars unless final_static_readiness_status becomes STATIC_READY_FOR_TINY_HISTORICAL_BAR_INTAKE in a later authorized gate."
"APPENDIX_C_183_006","LE","Live Cattle","Agricultural futures","SELECTED_NINJATRADER_SUPPORTED_PILOT_CANDIDATE","SOURCE_NATIVE_FUTURES","CONTRACT_IDENTITY_FAIL_CLOSED_NOT_LOCKED","CONTRACT_IDENTITY_STATIC_UNRESOLVED_QUOTE_UNIT_LOCK_REQUIRED","RESOLVED_STATIC_OFFICIAL_VENUE_PENDING_FINAL_LOCK","RESOLVED_STATIC_OFFICIAL_CURRENCY_PENDING_FINAL_LOCK","RESOLVED_STATIC_QUOTE_UNIT_EXPLAINS_NUMERIC_DIFFERENCE_PENDING_FINAL_LOCK","RESOLVED_STATIC_POINT_TICK_PENDING_FINAL_LOCK","UNRESOLVED_OFFICIAL_CURRENT_SPEC_IS_NOT_ACTIVE_TRADABILITY_LOCK","RESOLVED_STATIC_PRODUCT_FAMILY_VARIANT_PENDING_FINAL_LOCK","RESOLVED_STATIC_DELIVERY_CYCLE_PENDING_FINAL_LOCK","SESSION_ROLL_COMPLETED_BAR_FAIL_CLOSED_NOT_LOCKED","SESSION_ROLL_BLOCKED_NO_COMPLETED_BAR_POLICY","CME Commodities ETH","UNRESOLVED_PROVIDER_TRADING_HOURS_TEMPLATE_PRESENT_NOT_SESSION_CALENDAR_LOCK","UNRESOLVED_NO_STATIC_TIMEZONE_POLICY","UNRESOLVED_NO_STATIC_DAILY_CLOSE_TIME_POLICY","BLOCKED_NO_STATIC_COMPLETED_BAR_POLICY","UNRESOLVED_NO_STATIC_HOLIDAY_CALENDAR","UNRESOLVED_NO_STATIC_EARLY_CLOSE_POLICY","BLOCKED_NO_STATIC_ROLL_RULE_EVIDENCE","BLOCKED_NO_STATIC_BACK_ADJUSTMENT_POLICY","BLOCKED_STALE_BAR_POLICY_UNRESOLVED","BLOCKED_MISSING_BAR_POLICY_UNRESOLVED","BLOCKED_ALIGNMENT_POLICY_UNRESOLVED","RISK_FX_COST_CARRY_LEG_FAIL_CLOSED_NOT_LOCKED","RISK_FX_COST_CARRY_LEG_BLOCKED_SESSION_ROLL_COMPLETED_BAR","BLOCKED_UPSTREAM_READINESS_NOT_RESOLVED","BLOCKED_UPSTREAM_READINESS_NOT_RESOLVED","BLOCKED_UPSTREAM_READINESS_NOT_RESOLVED","BLOCKED_UPSTREAM_READINESS_NOT_RESOLVED","BLOCKED_UPSTREAM_READINESS_NOT_RESOLVED","BLOCKED_UPSTREAM_READINESS_NOT_RESOLVED","BLOCKED_UPSTREAM_READINESS_NOT_RESOLVED","BLOCKED_UPSTREAM_READINESS_NOT_RESOLVED","BLOCKED_UPSTREAM_READINESS_NOT_RESOLVED","STATIC_READINESS_FAIL_CLOSED_NOT_READY_FOR_TINY_HISTORICAL_BAR_INTAKE","NO_MARKET_ROW_ACCESS","NO","NO","NO","FAIL_CLOSED_NO_DROP_NO_SUBSTITUTE_NO_REWEIGHT","CONTRACT_IDENTITY_STATIC_UNRESOLVED_QUOTE_UNIT_LOCK_REQUIRED;production_contract_identity_lock_status_NOT_LOCKED;SESSION_ROLL_BLOCKED_NO_COMPLETED_BAR_POLICY;BLOCKED_NO_STATIC_COMPLETED_BAR_POLICY;BLOCKED_NO_STATIC_ROLL_RULE_EVIDENCE;BLOCKED_NO_STATIC_BACK_ADJUSTMENT_POLICY;BLOCKED_STALE_BAR_POLICY_UNRESOLVED;BLOCKED_MISSING_BAR_POLICY_UNRESOLVED;BLOCKED_ALIGNMENT_POLICY_UNRESOLVED;RISK_FX_COST_CARRY_LEG_BLOCKED_SESSION_ROLL_COMPLETED_BAR;BLOCKED_UPSTREAM_READINESS_NOT_RESOLVED","Static readiness execution used current Carver static artifacts only; row is not authorized for historical bars unless final_static_readiness_status becomes STATIC_READY_FOR_TINY_HISTORICAL_BAR_INTAKE in a later authorized gate."
