provider,dataset,schema,stype_in,provider_symbol,instrument_id,timestamp_utc,completed_trading_date,open,high,low,close,volume,quarantine_status
DATABENTO,GLBX.MDP3,ohlcv-1d,raw_symbol,LEM6,42290645,2026-05-18T00:00:00Z,2026-05-18,254.925,255.775,253.1,253.375,8450,QUARANTINE_ONLY_NOT_DIAGNOSTIC_NOT_BACKTEST
DATABENTO,GLBX.MDP3,ohlcv-1d,raw_symbol,MESM6,42005163,2026-05-18T00:00:00Z,2026-05-18,7411.0,7454.25,7372.75,7429.25,1850967,QUARANTINE_ONLY_NOT_DIAGNOSTIC_NOT_BACKTEST
DATABENTO,GLBX.MDP3,ohlcv-1d,raw_symbol,MNQM6,42004936,2026-05-18T00:00:00Z,2026-05-18,29118.0,29419.75,28814.25,29135.0,2685813,QUARANTINE_ONLY_NOT_DIAGNOSTIC_NOT_BACKTEST
DATABENTO,GLBX.MDP3,ohlcv-1d,raw_symbol,ZMN6,748931,2026-05-18T00:00:00Z,2026-05-18,337.6,340.6,334.2,334.6,55160,QUARANTINE_ONLY_NOT_DIAGNOSTIC_NOT_BACKTEST
DATABENTO,GLBX.MDP3,ohlcv-1d,raw_symbol,ZLN6,608206,2026-05-18T00:00:00Z,2026-05-18,74.25,75.84,74.19,75.55,59048,QUARANTINE_ONLY_NOT_DIAGNOSTIC_NOT_BACKTEST
DATABENTO,GLBX.MDP3,ohlcv-1d,raw_symbol,MYMM6,42002662,2026-05-18T00:00:00Z,2026-05-18,49447.0,49846.0,49152.0,49762.0,198408,QUARANTINE_ONLY_NOT_DIAGNOSTIC_NOT_BACKTEST
DATABENTO,GLBX.MDP3,ohlcv-1d,raw_symbol,ZNM6,42000661,2026-05-18T00:00:00Z,2026-05-18,109.078125,109.4375,108.9375,109.25,2703498,QUARANTINE_ONLY_NOT_DIAGNOSTIC_NOT_BACKTEST
DATABENTO,GLBX.MDP3,ohlcv-1d,raw_symbol,ZCN6,495552,2026-05-18T00:00:00Z,2026-05-18,469.0,478.0,464.0,477.25,249461,QUARANTINE_ONLY_NOT_DIAGNOSTIC_NOT_BACKTEST
DATABENTO,GLBX.MDP3,ohlcv-1d,raw_symbol,M2KM6,42002073,2026-05-18T00:00:00Z,2026-05-18,2788.3,2817.1,2762.1,2785.5,134222,QUARANTINE_ONLY_NOT_DIAGNOSTIC_NOT_BACKTEST
DATABENTO,GLBX.MDP3,ohlcv-1d,raw_symbol,QMN6,3159,2026-05-18T00:00:00Z,2026-05-18,102.45,105.25,98.625,102.375,9606,QUARANTINE_ONLY_NOT_DIAGNOSTIC_NOT_BACKTEST
DATABENTO,GLBX.MDP3,ohlcv-1d,raw_symbol,RBN6,781272,2026-05-18T00:00:00Z,2026-05-18,3.5755,3.6385,3.516,3.5581,20400,QUARANTINE_ONLY_NOT_DIAGNOSTIC_NOT_BACKTEST
DATABENTO,GLBX.MDP3,ohlcv-1d,raw_symbol,HEM6,42005488,2026-05-18T00:00:00Z,2026-05-18,99.25,100.45,98.425,98.675,7628,QUARANTINE_ONLY_NOT_DIAGNOSTIC_NOT_BACKTEST
DATABENTO,GLBX.MDP3,ohlcv-1d,raw_symbol,ZSN6,194904,2026-05-18T00:00:00Z,2026-05-18,1202.25,1218.5,1191.0,1212.0,130105,QUARANTINE_ONLY_NOT_DIAGNOSTIC_NOT_BACKTEST
DATABENTO,GLBX.MDP3,ohlcv-1d,raw_symbol,ZWN6,4121243,2026-05-18T00:00:00Z,2026-05-18,647.5,666.0,646.0,664.75,78233,QUARANTINE_ONLY_NOT_DIAGNOSTIC_NOT_BACKTEST
DATABENTO,GLBX.MDP3,ohlcv-1d,raw_symbol,ZFM6,42156042,2026-05-18T00:00:00Z,2026-05-18,106.7421875,106.9921875,106.6796875,106.890625,1667367,QUARANTINE_ONLY_NOT_DIAGNOSTIC_NOT_BACKTEST
DATABENTO,GLBX.MDP3,ohlcv-1d,raw_symbol,ZTM6,42370722,2026-05-18T00:00:00Z,2026-05-18,103.18359375,103.28125,103.16015625,103.24609375,1066860,QUARANTINE_ONLY_NOT_DIAGNOSTIC_NOT_BACKTEST
DATABENTO,GLBX.MDP3,ohlcv-1d,raw_symbol,ZLN6,608206,2026-05-19T00:00:00Z,2026-05-19,75.57,75.9,75.18,75.37,36333,QUARANTINE_ONLY_NOT_DIAGNOSTIC_NOT_BACKTEST
DATABENTO,GLBX.MDP3,ohlcv-1d,raw_symbol,ZCN6,495552,2026-05-19T00:00:00Z,2026-05-19,476.75,481.75,472.0,475.25,146810,QUARANTINE_ONLY_NOT_DIAGNOSTIC_NOT_BACKTEST
DATABENTO,GLBX.MDP3,ohlcv-1d,raw_symbol,ZTM6,42370722,2026-05-19T00:00:00Z,2026-05-19,103.24609375,103.25390625,103.08984375,103.14453125,1060135,QUARANTINE_ONLY_NOT_DIAGNOSTIC_NOT_BACKTEST
DATABENTO,GLBX.MDP3,ohlcv-1d,raw_symbol,LEM6,42290645,2026-05-19T00:00:00Z,2026-05-19,253.275,255.675,253.0,254.625,6223,QUARANTINE_ONLY_NOT_DIAGNOSTIC_NOT_BACKTEST
DATABENTO,GLBX.MDP3,ohlcv-1d,raw_symbol,HEM6,42005488,2026-05-19T00:00:00Z,2026-05-19,98.7,98.95,97.85,97.85,7495,QUARANTINE_ONLY_NOT_DIAGNOSTIC_NOT_BACKTEST
DATABENTO,GLBX.MDP3,ohlcv-1d,raw_symbol,M2KM6,42002073,2026-05-19T00:00:00Z,2026-05-19,2785.7,2794.2,2728.5,2754.4,126862,QUARANTINE_ONLY_NOT_DIAGNOSTIC_NOT_BACKTEST
DATABENTO,GLBX.MDP3,ohlcv-1d,raw_symbol,MESM6,42005163,2026-05-19T00:00:00Z,2026-05-19,7429.25,7440.75,7353.75,7382.0,1640665,QUARANTINE_ONLY_NOT_DIAGNOSTIC_NOT_BACKTEST
DATABENTO,GLBX.MDP3,ohlcv-1d,raw_symbol,MYMM6,42002662,2026-05-19T00:00:00Z,2026-05-19,49759.0,49844.0,49325.0,49487.0,168303,QUARANTINE_ONLY_NOT_DIAGNOSTIC_NOT_BACKTEST
DATABENTO,GLBX.MDP3,ohlcv-1d,raw_symbol,RBN6,781272,2026-05-19T00:00:00Z,2026-05-19,3.556,3.5889,3.526,3.5507,22894,QUARANTINE_ONLY_NOT_DIAGNOSTIC_NOT_BACKTEST
DATABENTO,GLBX.MDP3,ohlcv-1d,raw_symbol,MNQM6,42004936,2026-05-19T00:00:00Z,2026-05-19,29134.75,29190.0,28663.0,28950.5,2717620,QUARANTINE_ONLY_NOT_DIAGNOSTIC_NOT_BACKTEST
DATABENTO,GLBX.MDP3,ohlcv-1d,raw_symbol,ZWN6,4121243,2026-05-19T00:00:00Z,2026-05-19,666.0,679.5,661.0,668.0,62382,QUARANTINE_ONLY_NOT_DIAGNOSTIC_NOT_BACKTEST
DATABENTO,GLBX.MDP3,ohlcv-1d,raw_symbol,ZFM6,42156042,2026-05-19T00:00:00Z,2026-05-19,106.8828125,106.9140625,106.4140625,106.59375,1762120,QUARANTINE_ONLY_NOT_DIAGNOSTIC_NOT_BACKTEST
DATABENTO,GLBX.MDP3,ohlcv-1d,raw_symbol,QMN6,3159,2026-05-19T00:00:00Z,2026-05-19,102.325,104.85,102.225,103.95,4839,QUARANTINE_ONLY_NOT_DIAGNOSTIC_NOT_BACKTEST
DATABENTO,GLBX.MDP3,ohlcv-1d,raw_symbol,ZSN6,194904,2026-05-19T00:00:00Z,2026-05-19,1213.0,1220.75,1208.0,1210.25,70512,QUARANTINE_ONLY_NOT_DIAGNOSTIC_NOT_BACKTEST
DATABENTO,GLBX.MDP3,ohlcv-1d,raw_symbol,ZMN6,748931,2026-05-19T00:00:00Z,2026-05-19,334.5,338.2,330.7,332.3,42651,QUARANTINE_ONLY_NOT_DIAGNOSTIC_NOT_BACKTEST
DATABENTO,GLBX.MDP3,ohlcv-1d,raw_symbol,ZNM6,42000661,2026-05-19T00:00:00Z,2026-05-19,109.25,109.296875,108.5625,108.8125,2666805,QUARANTINE_ONLY_NOT_DIAGNOSTIC_NOT_BACKTEST
DATABENTO,GLBX.MDP3,ohlcv-1d,raw_symbol,MNQM6,42004936,2026-05-20T00:00:00Z,2026-05-20,28949.5,29397.0,28796.0,29192.25,2457447,QUARANTINE_ONLY_NOT_DIAGNOSTIC_NOT_BACKTEST
DATABENTO,GLBX.MDP3,ohlcv-1d,raw_symbol,M2KM6,42002073,2026-05-20T00:00:00Z,2026-05-20,2754.1,2824.0,2740.4,2810.6,140152,QUARANTINE_ONLY_NOT_DIAGNOSTIC_NOT_BACKTEST
DATABENTO,GLBX.MDP3,ohlcv-1d,raw_symbol,ZLN6,608206,2026-05-20T00:00:00Z,2026-05-20,75.45,76.32,74.51,74.67,55756,QUARANTINE_ONLY_NOT_DIAGNOSTIC_NOT_BACKTEST
DATABENTO,GLBX.MDP3,ohlcv-1d,raw_symbol,ZSN6,194904,2026-05-20T00:00:00Z,2026-05-20,1210.0,1212.0,1196.0,1199.25,77240,QUARANTINE_ONLY_NOT_DIAGNOSTIC_NOT_BACKTEST
DATABENTO,GLBX.MDP3,ohlcv-1d,raw_symbol,ZWN6,4121243,2026-05-20T00:00:00Z,2026-05-20,668.25,672.75,655.5,661.0,55555,QUARANTINE_ONLY_NOT_DIAGNOSTIC_NOT_BACKTEST
DATABENTO,GLBX.MDP3,ohlcv-1d,raw_symbol,MYMM6,42002662,2026-05-20T00:00:00Z,2026-05-20,49485.0,50159.0,49294.0,49982.0,185416,QUARANTINE_ONLY_NOT_DIAGNOSTIC_NOT_BACKTEST
DATABENTO,GLBX.MDP3,ohlcv-1d,raw_symbol,ZNM6,42000661,2026-05-20T00:00:00Z,2026-05-20,108.796875,109.5,108.609375,109.25,2835691,QUARANTINE_ONLY_NOT_DIAGNOSTIC_NOT_BACKTEST
DATABENTO,GLBX.MDP3,ohlcv-1d,raw_symbol,HEM6,42005488,2026-05-20T00:00:00Z,2026-05-20,97.65,98.225,97.125,97.2,8753,QUARANTINE_ONLY_NOT_DIAGNOSTIC_NOT_BACKTEST
DATABENTO,GLBX.MDP3,ohlcv-1d,raw_symbol,MESM6,42005163,2026-05-20T00:00:00Z,2026-05-20,7381.5,7458.0,7356.0,7420.75,1488258,QUARANTINE_ONLY_NOT_DIAGNOSTIC_NOT_BACKTEST
DATABENTO,GLBX.MDP3,ohlcv-1d,raw_symbol,ZMN6,748931,2026-05-20T00:00:00Z,2026-05-20,332.5,334.2,328.8,330.6,37627,QUARANTINE_ONLY_NOT_DIAGNOSTIC_NOT_BACKTEST
DATABENTO,GLBX.MDP3,ohlcv-1d,raw_symbol,ZFM6,42156042,2026-05-20T00:00:00Z,2026-05-20,106.59375,107.0625,106.484375,106.875,1848944,QUARANTINE_ONLY_NOT_DIAGNOSTIC_NOT_BACKTEST
DATABENTO,GLBX.MDP3,ohlcv-1d,raw_symbol,ZCN6,495552,2026-05-20T00:00:00Z,2026-05-20,475.75,477.0,462.75,465.75,186881,QUARANTINE_ONLY_NOT_DIAGNOSTIC_NOT_BACKTEST
DATABENTO,GLBX.MDP3,ohlcv-1d,raw_symbol,RBN6,781272,2026-05-20T00:00:00Z,2026-05-20,3.5527,3.5692,3.3573,3.3903,30934,QUARANTINE_ONLY_NOT_DIAGNOSTIC_NOT_BACKTEST
DATABENTO,GLBX.MDP3,ohlcv-1d,raw_symbol,LEM6,42290645,2026-05-20T00:00:00Z,2026-05-20,254.75,254.85,251.6,253.175,13018,QUARANTINE_ONLY_NOT_DIAGNOSTIC_NOT_BACKTEST
DATABENTO,GLBX.MDP3,ohlcv-1d,raw_symbol,ZTM6,42370722,2026-05-20T00:00:00Z,2026-05-20,103.14453125,103.3359375,103.11328125,103.234375,1268329,QUARANTINE_ONLY_NOT_DIAGNOSTIC_NOT_BACKTEST
DATABENTO,GLBX.MDP3,ohlcv-1d,raw_symbol,QMN6,3159,2026-05-20T00:00:00Z,2026-05-20,104.0,104.425,96.975,98.875,9967,QUARANTINE_ONLY_NOT_DIAGNOSTIC_NOT_BACKTEST
DATABENTO,GLBX.MDP3,ohlcv-1d,raw_symbol,ZLN6,608206,2026-05-21T00:00:00Z,2026-05-21,74.62,74.96,73.51,73.85,56038,QUARANTINE_ONLY_NOT_DIAGNOSTIC_NOT_BACKTEST
DATABENTO,GLBX.MDP3,ohlcv-1d,raw_symbol,HEM6,42005488,2026-05-21T00:00:00Z,2026-05-21,97.1,97.2,94.775,95.25,9113,QUARANTINE_ONLY_NOT_DIAGNOSTIC_NOT_BACKTEST
DATABENTO,GLBX.MDP3,ohlcv-1d,raw_symbol,M2KM6,42002073,2026-05-21T00:00:00Z,2026-05-21,2810.7,2858.8,2792.9,2853.6,153789,QUARANTINE_ONLY_NOT_DIAGNOSTIC_NOT_BACKTEST
DATABENTO,GLBX.MDP3,ohlcv-1d,raw_symbol,MNQM6,42004936,2026-05-21T00:00:00Z,2026-05-21,29190.5,29579.25,29127.25,29550.5,2499873,QUARANTINE_ONLY_NOT_DIAGNOSTIC_NOT_BACKTEST
DATABENTO,GLBX.MDP3,ohlcv-1d,raw_symbol,ZWN6,4121243,2026-05-21T00:00:00Z,2026-05-21,660.75,660.75,645.25,647.75,44994,QUARANTINE_ONLY_NOT_DIAGNOSTIC_NOT_BACKTEST
DATABENTO,GLBX.MDP3,ohlcv-1d,raw_symbol,ZCN6,495552,2026-05-21T00:00:00Z,2026-05-21,465.0,469.25,460.0,462.75,163177,QUARANTINE_ONLY_NOT_DIAGNOSTIC_NOT_BACKTEST
DATABENTO,GLBX.MDP3,ohlcv-1d,raw_symbol,ZNM6,42000661,2026-05-21T00:00:00Z,2026-05-21,109.265625,109.484375,108.890625,109.3125,2577404,QUARANTINE_ONLY_NOT_DIAGNOSTIC_NOT_BACKTEST
DATABENTO,GLBX.MDP3,ohlcv-1d,raw_symbol,ZFM6,42156042,2026-05-21T00:00:00Z,2026-05-21,106.875,106.9921875,106.6328125,106.8828125,1949988,QUARANTINE_ONLY_NOT_DIAGNOSTIC_NOT_BACKTEST
DATABENTO,GLBX.MDP3,ohlcv-1d,raw_symbol,LEM6,42290645,2026-05-21T00:00:00Z,2026-05-21,253.375,253.475,248.8,249.95,10241,QUARANTINE_ONLY_NOT_DIAGNOSTIC_NOT_BACKTEST
DATABENTO,GLBX.MDP3,ohlcv-1d,raw_symbol,MESM6,42005163,2026-05-21T00:00:00Z,2026-05-21,7420.5,7486.75,7407.75,7479.5,1596431,QUARANTINE_ONLY_NOT_DIAGNOSTIC_NOT_BACKTEST
DATABENTO,GLBX.MDP3,ohlcv-1d,raw_symbol,MYMM6,42002662,2026-05-21T00:00:00Z,2026-05-21,49983.0,50475.0,49773.0,50454.0,192534,QUARANTINE_ONLY_NOT_DIAGNOSTIC_NOT_BACKTEST
DATABENTO,GLBX.MDP3,ohlcv-1d,raw_symbol,QMN6,3159,2026-05-21T00:00:00Z,2026-05-21,98.8,102.625,95.775,97.725,9990,QUARANTINE_ONLY_NOT_DIAGNOSTIC_NOT_BACKTEST
DATABENTO,GLBX.MDP3,ohlcv-1d,raw_symbol,ZMN6,748931,2026-05-21T00:00:00Z,2026-05-21,330.9,331.2,327.2,327.3,40940,QUARANTINE_ONLY_NOT_DIAGNOSTIC_NOT_BACKTEST
DATABENTO,GLBX.MDP3,ohlcv-1d,raw_symbol,ZSN6,194904,2026-05-21T00:00:00Z,2026-05-21,1199.0,1204.0,1191.0,1193.5,67164,QUARANTINE_ONLY_NOT_DIAGNOSTIC_NOT_BACKTEST
DATABENTO,GLBX.MDP3,ohlcv-1d,raw_symbol,ZTM6,42370722,2026-05-21T00:00:00Z,2026-05-21,103.234375,103.265625,103.125,103.203125,1343781,QUARANTINE_ONLY_NOT_DIAGNOSTIC_NOT_BACKTEST
DATABENTO,GLBX.MDP3,ohlcv-1d,raw_symbol,RBN6,781272,2026-05-21T00:00:00Z,2026-05-21,3.3904,3.458,3.2573,3.3448,34677,QUARANTINE_ONLY_NOT_DIAGNOSTIC_NOT_BACKTEST
DATABENTO,GLBX.MDP3,ohlcv-1d,raw_symbol,ZTM6,42370722,2026-05-22T00:00:00Z,2026-05-22,103.19921875,103.26171875,103.09375,103.1640625,1071206,QUARANTINE_ONLY_NOT_DIAGNOSTIC_NOT_BACKTEST
DATABENTO,GLBX.MDP3,ohlcv-1d,raw_symbol,LEM6,42290645,2026-05-22T00:00:00Z,2026-05-22,249.425,250.575,247.475,249.35,6525,QUARANTINE_ONLY_NOT_DIAGNOSTIC_NOT_BACKTEST
DATABENTO,GLBX.MDP3,ohlcv-1d,raw_symbol,MESM6,42005163,2026-05-22T00:00:00Z,2026-05-22,7480.0,7524.0,7469.5,7484.25,1128001,QUARANTINE_ONLY_NOT_DIAGNOSTIC_NOT_BACKTEST
DATABENTO,GLBX.MDP3,ohlcv-1d,raw_symbol,ZLN6,608206,2026-05-22T00:00:00Z,2026-05-22,74.0,74.6,73.84,73.95,48000,QUARANTINE_ONLY_NOT_DIAGNOSTIC_NOT_BACKTEST
DATABENTO,GLBX.MDP3,ohlcv-1d,raw_symbol,ZFM6,42156042,2026-05-22T00:00:00Z,2026-05-22,106.8828125,107.0625,106.7109375,106.8671875,1396117,QUARANTINE_ONLY_NOT_DIAGNOSTIC_NOT_BACKTEST
DATABENTO,GLBX.MDP3,ohlcv-1d,raw_symbol,RBN6,781272,2026-05-22T00:00:00Z,2026-05-22,3.3442,3.3781,3.292,3.3545,28559,QUARANTINE_ONLY_NOT_DIAGNOSTIC_NOT_BACKTEST
DATABENTO,GLBX.MDP3,ohlcv-1d,raw_symbol,MNQM6,42004936,2026-05-22T00:00:00Z,2026-05-22,29550.5,29747.75,29437.5,29520.0,1950207,QUARANTINE_ONLY_NOT_DIAGNOSTIC_NOT_BACKTEST
DATABENTO,GLBX.MDP3,ohlcv-1d,raw_symbol,ZMN6,748931,2026-05-22T00:00:00Z,2026-05-22,327.7,333.3,326.2,332.0,43481,QUARANTINE_ONLY_NOT_DIAGNOSTIC_NOT_BACKTEST
DATABENTO,GLBX.MDP3,ohlcv-1d,raw_symbol,ZSN6,194904,2026-05-22T00:00:00Z,2026-05-22,1193.75,1201.5,1190.5,1197.25,51943,QUARANTINE_ONLY_NOT_DIAGNOSTIC_NOT_BACKTEST
DATABENTO,GLBX.MDP3,ohlcv-1d,raw_symbol,MYMM6,42002662,2026-05-22T00:00:00Z,2026-05-22,50457.0,50917.0,50435.0,50621.0,141694,QUARANTINE_ONLY_NOT_DIAGNOSTIC_NOT_BACKTEST
DATABENTO,GLBX.MDP3,ohlcv-1d,raw_symbol,ZNM6,42000661,2026-05-22T00:00:00Z,2026-05-22,109.3125,109.609375,109.15625,109.421875,1790927,QUARANTINE_ONLY_NOT_DIAGNOSTIC_NOT_BACKTEST
DATABENTO,GLBX.MDP3,ohlcv-1d,raw_symbol,QMN6,3159,2026-05-22T00:00:00Z,2026-05-22,97.725,99.4,94.725,97.075,8943,QUARANTINE_ONLY_NOT_DIAGNOSTIC_NOT_BACKTEST
DATABENTO,GLBX.MDP3,ohlcv-1d,raw_symbol,HEM6,42005488,2026-05-22T00:00:00Z,2026-05-22,95.6,95.85,94.975,95.85,4913,QUARANTINE_ONLY_NOT_DIAGNOSTIC_NOT_BACKTEST
DATABENTO,GLBX.MDP3,ohlcv-1d,raw_symbol,M2KM6,42002073,2026-05-22T00:00:00Z,2026-05-22,2853.7,2887.1,2842.6,2865.3,110203,QUARANTINE_ONLY_NOT_DIAGNOSTIC_NOT_BACKTEST
DATABENTO,GLBX.MDP3,ohlcv-1d,raw_symbol,ZWN6,4121243,2026-05-22T00:00:00Z,2026-05-22,650.0,654.0,642.25,647.0,38796,QUARANTINE_ONLY_NOT_DIAGNOSTIC_NOT_BACKTEST
DATABENTO,GLBX.MDP3,ohlcv-1d,raw_symbol,ZCN6,495552,2026-05-22T00:00:00Z,2026-05-22,462.5,467.75,461.0,463.75,128083,QUARANTINE_ONLY_NOT_DIAGNOSTIC_NOT_BACKTEST
