completed_trading_date,current_price,annual_percentage_risk,daily_price_risk_currency,source_label,source_sha256,status
2019-06-11,2882.0,0.13374565152650164,24.09093548121111,LOCAL_MACHINERY_DEV_CONTINUOUS_LINEAGE_AND_ANNUAL_RISK_DAILY_PRICE_RISK,472687826BE78705EFFB28B99FADC46EC6C21261358A5446D9CFAF4D4496057E,LOCKED_SOURCE_NATIVE_DAILY_PRICE_RISK_VALUE
2019-06-12,2882.25,0.13576361963874461,24.456543293985728,LOCAL_MACHINERY_DEV_CONTINUOUS_LINEAGE_AND_ANNUAL_RISK_DAILY_PRICE_RISK,472687826BE78705EFFB28B99FADC46EC6C21261358A5446D9CFAF4D4496057E,LOCKED_SOURCE_NATIVE_DAILY_PRICE_RISK_VALUE
2019-06-13,2888.0,0.11958391045599231,21.58489583730661,LOCAL_MACHINERY_DEV_CONTINUOUS_LINEAGE_AND_ANNUAL_RISK_DAILY_PRICE_RISK,472687826BE78705EFFB28B99FADC46EC6C21261358A5446D9CFAF4D4496057E,LOCKED_SOURCE_NATIVE_DAILY_PRICE_RISK_VALUE
2019-06-14,2888.5,0.11720522834764234,21.159206380135306,LOCAL_MACHINERY_DEV_CONTINUOUS_LINEAGE_AND_ANNUAL_RISK_DAILY_PRICE_RISK,472687826BE78705EFFB28B99FADC46EC6C21261358A5446D9CFAF4D4496057E,LOCKED_SOURCE_NATIVE_DAILY_PRICE_RISK_VALUE
2019-06-16,2892.5,0.11600956747804649,20.97235462064059,LOCAL_MACHINERY_DEV_CONTINUOUS_LINEAGE_AND_ANNUAL_RISK_DAILY_PRICE_RISK,472687826BE78705EFFB28B99FADC46EC6C21261358A5446D9CFAF4D4496057E,LOCKED_SOURCE_NATIVE_DAILY_PRICE_RISK_VALUE
2019-06-17,2889.0,0.1225205579562477,22.122618245974973,LOCAL_MACHINERY_DEV_CONTINUOUS_LINEAGE_AND_ANNUAL_RISK_DAILY_PRICE_RISK,472687826BE78705EFFB28B99FADC46EC6C21261358A5446D9CFAF4D4496057E,LOCKED_SOURCE_NATIVE_DAILY_PRICE_RISK_VALUE
2019-06-18,2921.5,0.1467293884853174,26.791869278740926,LOCAL_MACHINERY_DEV_CONTINUOUS_LINEAGE_AND_ANNUAL_RISK_DAILY_PRICE_RISK,472687826BE78705EFFB28B99FADC46EC6C21261358A5446D9CFAF4D4496057E,LOCKED_SOURCE_NATIVE_DAILY_PRICE_RISK_VALUE
2019-06-19,2933.75,0.12976689212048265,23.79397623490412,LOCAL_MACHINERY_DEV_CONTINUOUS_LINEAGE_AND_ANNUAL_RISK_DAILY_PRICE_RISK,472687826BE78705EFFB28B99FADC46EC6C21261358A5446D9CFAF4D4496057E,LOCKED_SOURCE_NATIVE_DAILY_PRICE_RISK_VALUE
2019-06-20,2950.5,0.1099596711474854,20.277250607540978,LOCAL_MACHINERY_DEV_CONTINUOUS_LINEAGE_AND_ANNUAL_RISK_DAILY_PRICE_RISK,472687826BE78705EFFB28B99FADC46EC6C21261358A5446D9CFAF4D4496057E,LOCKED_SOURCE_NATIVE_DAILY_PRICE_RISK_VALUE
2019-06-21,2941.0,0.11847118290999675,21.776484308643777,LOCAL_MACHINERY_DEV_CONTINUOUS_LINEAGE_AND_ANNUAL_RISK_DAILY_PRICE_RISK,472687826BE78705EFFB28B99FADC46EC6C21261358A5446D9CFAF4D4496057E,LOCKED_SOURCE_NATIVE_DAILY_PRICE_RISK_VALUE
2019-06-23,2948.25,0.10938550001773126,20.155987526704763,LOCAL_MACHINERY_DEV_CONTINUOUS_LINEAGE_AND_ANNUAL_RISK_DAILY_PRICE_RISK,472687826BE78705EFFB28B99FADC46EC6C21261358A5446D9CFAF4D4496057E,LOCKED_SOURCE_NATIVE_DAILY_PRICE_RISK_VALUE
2019-06-24,2945.25,0.1018997860159466,18.75752154771667,LOCAL_MACHINERY_DEV_CONTINUOUS_LINEAGE_AND_ANNUAL_RISK_DAILY_PRICE_RISK,472687826BE78705EFFB28B99FADC46EC6C21261358A5446D9CFAF4D4496057E,LOCKED_SOURCE_NATIVE_DAILY_PRICE_RISK_VALUE
2019-06-25,2913.5,0.11199955948465827,20.39441978490949,LOCAL_MACHINERY_DEV_CONTINUOUS_LINEAGE_AND_ANNUAL_RISK_DAILY_PRICE_RISK,472687826BE78705EFFB28B99FADC46EC6C21261358A5446D9CFAF4D4496057E,LOCKED_SOURCE_NATIVE_DAILY_PRICE_RISK_VALUE
2019-06-26,2911.5,0.10743388433329681,19.549609639774605,LOCAL_MACHINERY_DEV_CONTINUOUS_LINEAGE_AND_ANNUAL_RISK_DAILY_PRICE_RISK,472687826BE78705EFFB28B99FADC46EC6C21261358A5446D9CFAF4D4496057E,LOCKED_SOURCE_NATIVE_DAILY_PRICE_RISK_VALUE
2019-06-27,2928.5,0.10485257075476712,19.191297090958468,LOCAL_MACHINERY_DEV_CONTINUOUS_LINEAGE_AND_ANNUAL_RISK_DAILY_PRICE_RISK,472687826BE78705EFFB28B99FADC46EC6C21261358A5446D9CFAF4D4496057E,LOCKED_SOURCE_NATIVE_DAILY_PRICE_RISK_VALUE
2019-06-28,2946.5,0.11614669971983828,21.389140670281467,LOCAL_MACHINERY_DEV_CONTINUOUS_LINEAGE_AND_ANNUAL_RISK_DAILY_PRICE_RISK,472687826BE78705EFFB28B99FADC46EC6C21261358A5446D9CFAF4D4496057E,LOCKED_SOURCE_NATIVE_DAILY_PRICE_RISK_VALUE
2019-06-30,2964.0,0.10207637744896753,18.909648922421233,LOCAL_MACHINERY_DEV_CONTINUOUS_LINEAGE_AND_ANNUAL_RISK_DAILY_PRICE_RISK,472687826BE78705EFFB28B99FADC46EC6C21261358A5446D9CFAF4D4496057E,LOCKED_SOURCE_NATIVE_DAILY_PRICE_RISK_VALUE
2019-07-01,2956.5,0.09909438844053103,18.310784964026876,LOCAL_MACHINERY_DEV_CONTINUOUS_LINEAGE_AND_ANNUAL_RISK_DAILY_PRICE_RISK,472687826BE78705EFFB28B99FADC46EC6C21261358A5446D9CFAF4D4496057E,LOCKED_SOURCE_NATIVE_DAILY_PRICE_RISK_VALUE
2019-07-02,2970.5,0.09841554490860525,18.271461009438244,LOCAL_MACHINERY_DEV_CONTINUOUS_LINEAGE_AND_ANNUAL_RISK_DAILY_PRICE_RISK,472687826BE78705EFFB28B99FADC46EC6C21261358A5446D9CFAF4D4496057E,LOCKED_SOURCE_NATIVE_DAILY_PRICE_RISK_VALUE
2019-07-03,2992.5,0.11217512529997127,20.98025390376025,LOCAL_MACHINERY_DEV_CONTINUOUS_LINEAGE_AND_ANNUAL_RISK_DAILY_PRICE_RISK,472687826BE78705EFFB28B99FADC46EC6C21261358A5446D9CFAF4D4496057E,LOCKED_SOURCE_NATIVE_DAILY_PRICE_RISK_VALUE
2019-07-04,2995.25,0.10531259178112376,19.714846283275683,LOCAL_MACHINERY_DEV_CONTINUOUS_LINEAGE_AND_ANNUAL_RISK_DAILY_PRICE_RISK,472687826BE78705EFFB28B99FADC46EC6C21261358A5446D9CFAF4D4496057E,LOCKED_SOURCE_NATIVE_DAILY_PRICE_RISK_VALUE
2019-07-05,2984.25,0.09901299787273661,18.46747118135714,LOCAL_MACHINERY_DEV_CONTINUOUS_LINEAGE_AND_ANNUAL_RISK_DAILY_PRICE_RISK,472687826BE78705EFFB28B99FADC46EC6C21261358A5446D9CFAF4D4496057E,LOCKED_SOURCE_NATIVE_DAILY_PRICE_RISK_VALUE
2019-07-07,2981.75,0.09564479750031515,17.824304684160296,LOCAL_MACHINERY_DEV_CONTINUOUS_LINEAGE_AND_ANNUAL_RISK_DAILY_PRICE_RISK,472687826BE78705EFFB28B99FADC46EC6C21261358A5446D9CFAF4D4496057E,LOCKED_SOURCE_NATIVE_DAILY_PRICE_RISK_VALUE
2019-07-08,2968.5,0.09678675105408854,17.956966906503865,LOCAL_MACHINERY_DEV_CONTINUOUS_LINEAGE_AND_ANNUAL_RISK_DAILY_PRICE_RISK,472687826BE78705EFFB28B99FADC46EC6C21261358A5446D9CFAF4D4496057E,LOCKED_SOURCE_NATIVE_DAILY_PRICE_RISK_VALUE
2019-07-09,2974.75,0.09388133107617443,17.454593101178116,LOCAL_MACHINERY_DEV_CONTINUOUS_LINEAGE_AND_ANNUAL_RISK_DAILY_PRICE_RISK,472687826BE78705EFFB28B99FADC46EC6C21261358A5446D9CFAF4D4496057E,LOCKED_SOURCE_NATIVE_DAILY_PRICE_RISK_VALUE
2019-07-10,2989.75,0.14080964496845438,26.31160225277728,LOCAL_MACHINERY_DEV_CONTINUOUS_LINEAGE_AND_ANNUAL_RISK_DAILY_PRICE_RISK,472687826BE78705EFFB28B99FADC46EC6C21261358A5446D9CFAF4D4496057E,LOCKED_SOURCE_NATIVE_DAILY_PRICE_RISK_VALUE
2019-07-11,2998.25,0.08514462094349931,15.955303733990425,LOCAL_MACHINERY_DEV_CONTINUOUS_LINEAGE_AND_ANNUAL_RISK_DAILY_PRICE_RISK,472687826BE78705EFFB28B99FADC46EC6C21261358A5446D9CFAF4D4496057E,LOCKED_SOURCE_NATIVE_DAILY_PRICE_RISK_VALUE
2019-07-12,3007.0,0.09134403562820434,17.166969695875654,LOCAL_MACHINERY_DEV_CONTINUOUS_LINEAGE_AND_ANNUAL_RISK_DAILY_PRICE_RISK,472687826BE78705EFFB28B99FADC46EC6C21261358A5446D9CFAF4D4496057E,LOCKED_SOURCE_NATIVE_DAILY_PRICE_RISK_VALUE
2019-07-14,3006.0,0.09983658608636767,18.756798610976325,LOCAL_MACHINERY_DEV_CONTINUOUS_LINEAGE_AND_ANNUAL_RISK_DAILY_PRICE_RISK,472687826BE78705EFFB28B99FADC46EC6C21261358A5446D9CFAF4D4496057E,LOCKED_SOURCE_NATIVE_DAILY_PRICE_RISK_VALUE
2019-07-15,3012.5,0.07848223880328845,14.776734024681653,LOCAL_MACHINERY_DEV_CONTINUOUS_LINEAGE_AND_ANNUAL_RISK_DAILY_PRICE_RISK,472687826BE78705EFFB28B99FADC46EC6C21261358A5446D9CFAF4D4496057E,LOCKED_SOURCE_NATIVE_DAILY_PRICE_RISK_VALUE
2019-07-16,2999.25,0.07638975921246205,14.31949908237355,LOCAL_MACHINERY_DEV_CONTINUOUS_LINEAGE_AND_ANNUAL_RISK_DAILY_PRICE_RISK,472687826BE78705EFFB28B99FADC46EC6C21261358A5446D9CFAF4D4496057E,LOCKED_SOURCE_NATIVE_DAILY_PRICE_RISK_VALUE
2019-07-17,2974.5,0.08096075703833266,15.051110738157531,LOCAL_MACHINERY_DEV_CONTINUOUS_LINEAGE_AND_ANNUAL_RISK_DAILY_PRICE_RISK,472687826BE78705EFFB28B99FADC46EC6C21261358A5446D9CFAF4D4496057E,LOCKED_SOURCE_NATIVE_DAILY_PRICE_RISK_VALUE
2019-07-18,2993.0,0.08246071745814501,15.425307959514251,LOCAL_MACHINERY_DEV_CONTINUOUS_LINEAGE_AND_ANNUAL_RISK_DAILY_PRICE_RISK,472687826BE78705EFFB28B99FADC46EC6C21261358A5446D9CFAF4D4496057E,LOCKED_SOURCE_NATIVE_DAILY_PRICE_RISK_VALUE
2019-07-19,2963.75,0.08886376365035917,16.460623719921998,LOCAL_MACHINERY_DEV_CONTINUOUS_LINEAGE_AND_ANNUAL_RISK_DAILY_PRICE_RISK,472687826BE78705EFFB28B99FADC46EC6C21261358A5446D9CFAF4D4496057E,LOCKED_SOURCE_NATIVE_DAILY_PRICE_RISK_VALUE
2019-07-21,2972.0,0.08686573488474077,16.135310254840597,LOCAL_MACHINERY_DEV_CONTINUOUS_LINEAGE_AND_ANNUAL_RISK_DAILY_PRICE_RISK,472687826BE78705EFFB28B99FADC46EC6C21261358A5446D9CFAF4D4496057E,LOCKED_SOURCE_NATIVE_DAILY_PRICE_RISK_VALUE
2019-07-22,2982.0,0.08614212851897232,16.054739202723468,LOCAL_MACHINERY_DEV_CONTINUOUS_LINEAGE_AND_ANNUAL_RISK_DAILY_PRICE_RISK,472687826BE78705EFFB28B99FADC46EC6C21261358A5446D9CFAF4D4496057E,LOCKED_SOURCE_NATIVE_DAILY_PRICE_RISK_VALUE
2019-07-23,2998.25,0.08648474704961154,16.206430802593612,LOCAL_MACHINERY_DEV_CONTINUOUS_LINEAGE_AND_ANNUAL_RISK_DAILY_PRICE_RISK,472687826BE78705EFFB28B99FADC46EC6C21261358A5446D9CFAF4D4496057E,LOCKED_SOURCE_NATIVE_DAILY_PRICE_RISK_VALUE
2019-07-24,3013.75,0.10363834706908567,19.521254279966058,LOCAL_MACHINERY_DEV_CONTINUOUS_LINEAGE_AND_ANNUAL_RISK_DAILY_PRICE_RISK,472687826BE78705EFFB28B99FADC46EC6C21261358A5446D9CFAF4D4496057E,LOCKED_SOURCE_NATIVE_DAILY_PRICE_RISK_VALUE
2019-07-25,3001.5,0.08736093097646555,16.388364645366334,LOCAL_MACHINERY_DEV_CONTINUOUS_LINEAGE_AND_ANNUAL_RISK_DAILY_PRICE_RISK,472687826BE78705EFFB28B99FADC46EC6C21261358A5446D9CFAF4D4496057E,LOCKED_SOURCE_NATIVE_DAILY_PRICE_RISK_VALUE
2019-07-26,3015.5,0.08936956532816662,16.843370265442903,LOCAL_MACHINERY_DEV_CONTINUOUS_LINEAGE_AND_ANNUAL_RISK_DAILY_PRICE_RISK,472687826BE78705EFFB28B99FADC46EC6C21261358A5446D9CFAF4D4496057E,LOCKED_SOURCE_NATIVE_DAILY_PRICE_RISK_VALUE
2019-07-28,3016.5,0.08387032242762611,15.812176725183386,LOCAL_MACHINERY_DEV_CONTINUOUS_LINEAGE_AND_ANNUAL_RISK_DAILY_PRICE_RISK,472687826BE78705EFFB28B99FADC46EC6C21261358A5446D9CFAF4D4496057E,LOCKED_SOURCE_NATIVE_DAILY_PRICE_RISK_VALUE
2019-07-29,3017.25,0.0813317756410847,15.337393753316425,LOCAL_MACHINERY_DEV_CONTINUOUS_LINEAGE_AND_ANNUAL_RISK_DAILY_PRICE_RISK,472687826BE78705EFFB28B99FADC46EC6C21261358A5446D9CFAF4D4496057E,LOCKED_SOURCE_NATIVE_DAILY_PRICE_RISK_VALUE
2019-07-30,3008.75,0.07937073705979183,14.925419070540542,LOCAL_MACHINERY_DEV_CONTINUOUS_LINEAGE_AND_ANNUAL_RISK_DAILY_PRICE_RISK,472687826BE78705EFFB28B99FADC46EC6C21261358A5446D9CFAF4D4496057E,LOCKED_SOURCE_NATIVE_DAILY_PRICE_RISK_VALUE
2019-07-31,2965.75,0.10761477113874296,19.947406719045432,LOCAL_MACHINERY_DEV_CONTINUOUS_LINEAGE_AND_ANNUAL_RISK_DAILY_PRICE_RISK,472687826BE78705EFFB28B99FADC46EC6C21261358A5446D9CFAF4D4496057E,LOCKED_SOURCE_NATIVE_DAILY_PRICE_RISK_VALUE
2019-08-01,2938.5,0.0957466502915726,17.584470742611632,LOCAL_MACHINERY_DEV_CONTINUOUS_LINEAGE_AND_ANNUAL_RISK_DAILY_PRICE_RISK,472687826BE78705EFFB28B99FADC46EC6C21261358A5446D9CFAF4D4496057E,LOCKED_SOURCE_NATIVE_DAILY_PRICE_RISK_VALUE
2019-08-02,2927.75,0.09893122736777432,18.10286880787508,LOCAL_MACHINERY_DEV_CONTINUOUS_LINEAGE_AND_ANNUAL_RISK_DAILY_PRICE_RISK,472687826BE78705EFFB28B99FADC46EC6C21261358A5446D9CFAF4D4496057E,LOCKED_SOURCE_NATIVE_DAILY_PRICE_RISK_VALUE
2019-08-04,2920.0,0.09760612078031264,17.813117042407058,LOCAL_MACHINERY_DEV_CONTINUOUS_LINEAGE_AND_ANNUAL_RISK_DAILY_PRICE_RISK,472687826BE78705EFFB28B99FADC46EC6C21261358A5446D9CFAF4D4496057E,LOCKED_SOURCE_NATIVE_DAILY_PRICE_RISK_VALUE
2019-08-05,2774.5,0.19305195593226737,33.47641573337974,LOCAL_MACHINERY_DEV_CONTINUOUS_LINEAGE_AND_ANNUAL_RISK_DAILY_PRICE_RISK,472687826BE78705EFFB28B99FADC46EC6C21261358A5446D9CFAF4D4496057E,LOCKED_SOURCE_NATIVE_DAILY_PRICE_RISK_VALUE
2019-08-06,2862.0,0.21387045822812653,38.25607821555613,LOCAL_MACHINERY_DEV_CONTINUOUS_LINEAGE_AND_ANNUAL_RISK_DAILY_PRICE_RISK,472687826BE78705EFFB28B99FADC46EC6C21261358A5446D9CFAF4D4496057E,LOCKED_SOURCE_NATIVE_DAILY_PRICE_RISK_VALUE
2019-08-07,2867.25,0.20931143313917588,37.509262916768876,LOCAL_MACHINERY_DEV_CONTINUOUS_LINEAGE_AND_ANNUAL_RISK_DAILY_PRICE_RISK,472687826BE78705EFFB28B99FADC46EC6C21261358A5446D9CFAF4D4496057E,LOCKED_SOURCE_NATIVE_DAILY_PRICE_RISK_VALUE
2019-08-08,2927.0,0.21697230012241492,39.692370153644276,LOCAL_MACHINERY_DEV_CONTINUOUS_LINEAGE_AND_ANNUAL_RISK_DAILY_PRICE_RISK,472687826BE78705EFFB28B99FADC46EC6C21261358A5446D9CFAF4D4496057E,LOCKED_SOURCE_NATIVE_DAILY_PRICE_RISK_VALUE
2019-08-09,2916.0,0.20901470723814586,38.092930394152084,LOCAL_MACHINERY_DEV_CONTINUOUS_LINEAGE_AND_ANNUAL_RISK_DAILY_PRICE_RISK,472687826BE78705EFFB28B99FADC46EC6C21261358A5446D9CFAF4D4496057E,LOCKED_SOURCE_NATIVE_DAILY_PRICE_RISK_VALUE
2019-08-11,2907.0,0.20464460113690874,37.18136596906211,LOCAL_MACHINERY_DEV_CONTINUOUS_LINEAGE_AND_ANNUAL_RISK_DAILY_PRICE_RISK,472687826BE78705EFFB28B99FADC46EC6C21261358A5446D9CFAF4D4496057E,LOCKED_SOURCE_NATIVE_DAILY_PRICE_RISK_VALUE
2019-08-12,2879.75,0.20119173452709208,36.211368594024584,LOCAL_MACHINERY_DEV_CONTINUOUS_LINEAGE_AND_ANNUAL_RISK_DAILY_PRICE_RISK,472687826BE78705EFFB28B99FADC46EC6C21261358A5446D9CFAF4D4496057E,LOCKED_SOURCE_NATIVE_DAILY_PRICE_RISK_VALUE
2019-08-13,2925.25,0.2040472728934396,37.30558031447089,LOCAL_MACHINERY_DEV_CONTINUOUS_LINEAGE_AND_ANNUAL_RISK_DAILY_PRICE_RISK,472687826BE78705EFFB28B99FADC46EC6C21261358A5446D9CFAF4D4496057E,LOCKED_SOURCE_NATIVE_DAILY_PRICE_RISK_VALUE
2019-08-14,2839.25,0.2207139827777515,39.166385975108184,LOCAL_MACHINERY_DEV_CONTINUOUS_LINEAGE_AND_ANNUAL_RISK_DAILY_PRICE_RISK,472687826BE78705EFFB28B99FADC46EC6C21261358A5446D9CFAF4D4496057E,LOCKED_SOURCE_NATIVE_DAILY_PRICE_RISK_VALUE
2019-08-15,2847.0,0.21637356626477106,38.5009714472377,LOCAL_MACHINERY_DEV_CONTINUOUS_LINEAGE_AND_ANNUAL_RISK_DAILY_PRICE_RISK,472687826BE78705EFFB28B99FADC46EC6C21261358A5446D9CFAF4D4496057E,LOCKED_SOURCE_NATIVE_DAILY_PRICE_RISK_VALUE
2019-08-16,2884.25,0.2144318214957049,38.654686321811674,LOCAL_MACHINERY_DEV_CONTINUOUS_LINEAGE_AND_ANNUAL_RISK_DAILY_PRICE_RISK,472687826BE78705EFFB28B99FADC46EC6C21261358A5446D9CFAF4D4496057E,LOCKED_SOURCE_NATIVE_DAILY_PRICE_RISK_VALUE
2019-08-18,2898.75,0.20972531510907472,37.9963285732769,LOCAL_MACHINERY_DEV_CONTINUOUS_LINEAGE_AND_ANNUAL_RISK_DAILY_PRICE_RISK,472687826BE78705EFFB28B99FADC46EC6C21261358A5446D9CFAF4D4496057E,LOCKED_SOURCE_NATIVE_DAILY_PRICE_RISK_VALUE
2019-08-19,2911.25,0.20452237122208095,37.213484576267696,LOCAL_MACHINERY_DEV_CONTINUOUS_LINEAGE_AND_ANNUAL_RISK_DAILY_PRICE_RISK,472687826BE78705EFFB28B99FADC46EC6C21261358A5446D9CFAF4D4496057E,LOCKED_SOURCE_NATIVE_DAILY_PRICE_RISK_VALUE
2019-08-20,2891.75,0.20091921450262473,36.31300865862282,LOCAL_MACHINERY_DEV_CONTINUOUS_LINEAGE_AND_ANNUAL_RISK_DAILY_PRICE_RISK,472687826BE78705EFFB28B99FADC46EC6C21261358A5446D9CFAF4D4496057E,LOCKED_SOURCE_NATIVE_DAILY_PRICE_RISK_VALUE
2019-08-21,2927.75,0.20106419158408598,36.79160543189423,LOCAL_MACHINERY_DEV_CONTINUOUS_LINEAGE_AND_ANNUAL_RISK_DAILY_PRICE_RISK,472687826BE78705EFFB28B99FADC46EC6C21261358A5446D9CFAF4D4496057E,LOCKED_SOURCE_NATIVE_DAILY_PRICE_RISK_VALUE
2019-08-22,2914.75,0.1993837734279647,36.32211584994751,LOCAL_MACHINERY_DEV_CONTINUOUS_LINEAGE_AND_ANNUAL_RISK_DAILY_PRICE_RISK,472687826BE78705EFFB28B99FADC46EC6C21261358A5446D9CFAF4D4496057E,LOCKED_SOURCE_NATIVE_DAILY_PRICE_RISK_VALUE
2019-08-23,2843.75,0.20899333316350804,37.145299448982875,LOCAL_MACHINERY_DEV_CONTINUOUS_LINEAGE_AND_ANNUAL_RISK_DAILY_PRICE_RISK,472687826BE78705EFFB28B99FADC46EC6C21261358A5446D9CFAF4D4496057E,LOCKED_SOURCE_NATIVE_DAILY_PRICE_RISK_VALUE
2019-08-25,2817.0,0.20919952295778166,36.832191010754435,LOCAL_MACHINERY_DEV_CONTINUOUS_LINEAGE_AND_ANNUAL_RISK_DAILY_PRICE_RISK,472687826BE78705EFFB28B99FADC46EC6C21261358A5446D9CFAF4D4496057E,LOCKED_SOURCE_NATIVE_DAILY_PRICE_RISK_VALUE
2019-08-26,2869.0,0.20833333624246994,37.356771354977894,LOCAL_MACHINERY_DEV_CONTINUOUS_LINEAGE_AND_ANNUAL_RISK_DAILY_PRICE_RISK,472687826BE78705EFFB28B99FADC46EC6C21261358A5446D9CFAF4D4496057E,LOCKED_SOURCE_NATIVE_DAILY_PRICE_RISK_VALUE
2019-08-27,2866.75,0.20339514835479916,36.44269009663253,LOCAL_MACHINERY_DEV_CONTINUOUS_LINEAGE_AND_ANNUAL_RISK_DAILY_PRICE_RISK,472687826BE78705EFFB28B99FADC46EC6C21261358A5446D9CFAF4D4496057E,LOCKED_SOURCE_NATIVE_DAILY_PRICE_RISK_VALUE
2019-08-28,2877.5,0.1998169892081665,35.9358366529062,LOCAL_MACHINERY_DEV_CONTINUOUS_LINEAGE_AND_ANNUAL_RISK_DAILY_PRICE_RISK,472687826BE78705EFFB28B99FADC46EC6C21261358A5446D9CFAF4D4496057E,LOCKED_SOURCE_NATIVE_DAILY_PRICE_RISK_VALUE
2019-08-29,2916.25,0.199816030592596,36.41959370097863,LOCAL_MACHINERY_DEV_CONTINUOUS_LINEAGE_AND_ANNUAL_RISK_DAILY_PRICE_RISK,472687826BE78705EFFB28B99FADC46EC6C21261358A5446D9CFAF4D4496057E,LOCKED_SOURCE_NATIVE_DAILY_PRICE_RISK_VALUE
2019-08-30,2916.0,0.19433483888641984,35.417524387050015,LOCAL_MACHINERY_DEV_CONTINUOUS_LINEAGE_AND_ANNUAL_RISK_DAILY_PRICE_RISK,472687826BE78705EFFB28B99FADC46EC6C21261358A5446D9CFAF4D4496057E,LOCKED_SOURCE_NATIVE_DAILY_PRICE_RISK_VALUE
2019-09-01,2901.75,0.19062057161505597,34.57082773024929,LOCAL_MACHINERY_DEV_CONTINUOUS_LINEAGE_AND_ANNUAL_RISK_DAILY_PRICE_RISK,472687826BE78705EFFB28B99FADC46EC6C21261358A5446D9CFAF4D4496057E,LOCKED_SOURCE_NATIVE_DAILY_PRICE_RISK_VALUE
2019-09-02,2895.5,0.18480973277828464,33.4447863287202,LOCAL_MACHINERY_DEV_CONTINUOUS_LINEAGE_AND_ANNUAL_RISK_DAILY_PRICE_RISK,472687826BE78705EFFB28B99FADC46EC6C21261358A5446D9CFAF4D4496057E,LOCKED_SOURCE_NATIVE_DAILY_PRICE_RISK_VALUE
2019-09-03,2895.5,0.18036997203026617,32.64132837585223,LOCAL_MACHINERY_DEV_CONTINUOUS_LINEAGE_AND_ANNUAL_RISK_DAILY_PRICE_RISK,472687826BE78705EFFB28B99FADC46EC6C21261358A5446D9CFAF4D4496057E,LOCKED_SOURCE_NATIVE_DAILY_PRICE_RISK_VALUE
2019-09-04,2931.0,0.1812906424140725,33.2101795572279,LOCAL_MACHINERY_DEV_CONTINUOUS_LINEAGE_AND_ANNUAL_RISK_DAILY_PRICE_RISK,472687826BE78705EFFB28B99FADC46EC6C21261358A5446D9CFAF4D4496057E,LOCKED_SOURCE_NATIVE_DAILY_PRICE_RISK_VALUE
2019-09-05,2970.0,0.19435686156550902,36.077492428097614,LOCAL_MACHINERY_DEV_CONTINUOUS_LINEAGE_AND_ANNUAL_RISK_DAILY_PRICE_RISK,472687826BE78705EFFB28B99FADC46EC6C21261358A5446D9CFAF4D4496057E,LOCKED_SOURCE_NATIVE_DAILY_PRICE_RISK_VALUE
2019-09-06,2975.75,0.18237886963530603,33.91962008232887,LOCAL_MACHINERY_DEV_CONTINUOUS_LINEAGE_AND_ANNUAL_RISK_DAILY_PRICE_RISK,472687826BE78705EFFB28B99FADC46EC6C21261358A5446D9CFAF4D4496057E,LOCKED_SOURCE_NATIVE_DAILY_PRICE_RISK_VALUE
2019-09-08,2974.5,0.17331367412056395,32.220095229476094,LOCAL_MACHINERY_DEV_CONTINUOUS_LINEAGE_AND_ANNUAL_RISK_DAILY_PRICE_RISK,472687826BE78705EFFB28B99FADC46EC6C21261358A5446D9CFAF4D4496057E,LOCKED_SOURCE_NATIVE_DAILY_PRICE_RISK_VALUE
2019-09-09,2975.0,0.1687868890257479,31.383812178225,LOCAL_MACHINERY_DEV_CONTINUOUS_LINEAGE_AND_ANNUAL_RISK_DAILY_PRICE_RISK,472687826BE78705EFFB28B99FADC46EC6C21261358A5446D9CFAF4D4496057E,LOCKED_SOURCE_NATIVE_DAILY_PRICE_RISK_VALUE
2019-09-10,2970.0,0.2836548193869639,52.653425848705176,LOCAL_MACHINERY_DEV_CONTINUOUS_LINEAGE_AND_ANNUAL_RISK_DAILY_PRICE_RISK,472687826BE78705EFFB28B99FADC46EC6C21261358A5446D9CFAF4D4496057E,LOCKED_SOURCE_NATIVE_DAILY_PRICE_RISK_VALUE
2019-09-11,3011.0,0.21681953188763792,40.80272565710486,LOCAL_MACHINERY_DEV_CONTINUOUS_LINEAGE_AND_ANNUAL_RISK_DAILY_PRICE_RISK,472687826BE78705EFFB28B99FADC46EC6C21261358A5446D9CFAF4D4496057E,LOCKED_SOURCE_NATIVE_DAILY_PRICE_RISK_VALUE
2019-09-12,3007.75,0.14785493678998973,27.794417883130727,LOCAL_MACHINERY_DEV_CONTINUOUS_LINEAGE_AND_ANNUAL_RISK_DAILY_PRICE_RISK,472687826BE78705EFFB28B99FADC46EC6C21261358A5446D9CFAF4D4496057E,LOCKED_SOURCE_NATIVE_DAILY_PRICE_RISK_VALUE
2019-09-13,3000.0,0.17696861622971152,33.18161554307091,LOCAL_MACHINERY_DEV_CONTINUOUS_LINEAGE_AND_ANNUAL_RISK_DAILY_PRICE_RISK,472687826BE78705EFFB28B99FADC46EC6C21261358A5446D9CFAF4D4496057E,LOCKED_SOURCE_NATIVE_DAILY_PRICE_RISK_VALUE
2019-09-15,2982.5,0.14167663512949974,26.40941026710831,LOCAL_MACHINERY_DEV_CONTINUOUS_LINEAGE_AND_ANNUAL_RISK_DAILY_PRICE_RISK,472687826BE78705EFFB28B99FADC46EC6C21261358A5446D9CFAF4D4496057E,LOCKED_SOURCE_NATIVE_DAILY_PRICE_RISK_VALUE
2019-09-16,2994.25,0.1388102771121386,25.977042015188815,LOCAL_MACHINERY_DEV_CONTINUOUS_LINEAGE_AND_ANNUAL_RISK_DAILY_PRICE_RISK,472687826BE78705EFFB28B99FADC46EC6C21261358A5446D9CFAF4D4496057E,LOCKED_SOURCE_NATIVE_DAILY_PRICE_RISK_VALUE
2019-09-17,2997.5,0.14299731643357927,26.789653500603364,LOCAL_MACHINERY_DEV_CONTINUOUS_LINEAGE_AND_ANNUAL_RISK_DAILY_PRICE_RISK,472687826BE78705EFFB28B99FADC46EC6C21261358A5446D9CFAF4D4496057E,LOCKED_SOURCE_NATIVE_DAILY_PRICE_RISK_VALUE
2019-09-18,2997.25,0.15352779421196683,28.760073825113597,LOCAL_MACHINERY_DEV_CONTINUOUS_LINEAGE_AND_ANNUAL_RISK_DAILY_PRICE_RISK,472687826BE78705EFFB28B99FADC46EC6C21261358A5446D9CFAF4D4496057E,LOCKED_SOURCE_NATIVE_DAILY_PRICE_RISK_VALUE
2019-09-19,3001.0,0.19190373093989838,35.99394353441469,LOCAL_MACHINERY_DEV_CONTINUOUS_LINEAGE_AND_ANNUAL_RISK_DAILY_PRICE_RISK,472687826BE78705EFFB28B99FADC46EC6C21261358A5446D9CFAF4D4496057E,LOCKED_SOURCE_NATIVE_DAILY_PRICE_RISK_VALUE
2019-09-20,2979.5,0.12217890278591895,22.752002553165344,LOCAL_MACHINERY_DEV_CONTINUOUS_LINEAGE_AND_ANNUAL_RISK_DAILY_PRICE_RISK,472687826BE78705EFFB28B99FADC46EC6C21261358A5446D9CFAF4D4496057E,LOCKED_SOURCE_NATIVE_DAILY_PRICE_RISK_VALUE
2019-09-22,2993.75,0.13756740076546942,25.740150377601505,LOCAL_MACHINERY_DEV_CONTINUOUS_LINEAGE_AND_ANNUAL_RISK_DAILY_PRICE_RISK,472687826BE78705EFFB28B99FADC46EC6C21261358A5446D9CFAF4D4496057E,LOCKED_SOURCE_NATIVE_DAILY_PRICE_RISK_VALUE
2019-09-23,2998.5,0.11942699738548102,22.381365728772803,LOCAL_MACHINERY_DEV_CONTINUOUS_LINEAGE_AND_ANNUAL_RISK_DAILY_PRICE_RISK,472687826BE78705EFFB28B99FADC46EC6C21261358A5446D9CFAF4D4496057E,LOCKED_SOURCE_NATIVE_DAILY_PRICE_RISK_VALUE
2019-09-24,2966.5,0.1223048931854563,22.676091602166007,LOCAL_MACHINERY_DEV_CONTINUOUS_LINEAGE_AND_ANNUAL_RISK_DAILY_PRICE_RISK,472687826BE78705EFFB28B99FADC46EC6C21261358A5446D9CFAF4D4496057E,LOCKED_SOURCE_NATIVE_DAILY_PRICE_RISK_VALUE
2019-09-25,2975.75,0.12321606177612429,22.916262239393866,LOCAL_MACHINERY_DEV_CONTINUOUS_LINEAGE_AND_ANNUAL_RISK_DAILY_PRICE_RISK,472687826BE78705EFFB28B99FADC46EC6C21261358A5446D9CFAF4D4496057E,LOCKED_SOURCE_NATIVE_DAILY_PRICE_RISK_VALUE
2019-09-26,2969.25,0.13241728896179816,24.5737522031137,LOCAL_MACHINERY_DEV_CONTINUOUS_LINEAGE_AND_ANNUAL_RISK_DAILY_PRICE_RISK,472687826BE78705EFFB28B99FADC46EC6C21261358A5446D9CFAF4D4496057E,LOCKED_SOURCE_NATIVE_DAILY_PRICE_RISK_VALUE
2019-09-27,2959.0,0.11527632866389328,21.318916032278764,LOCAL_MACHINERY_DEV_CONTINUOUS_LINEAGE_AND_ANNUAL_RISK_DAILY_PRICE_RISK,472687826BE78705EFFB28B99FADC46EC6C21261358A5446D9CFAF4D4496057E,LOCKED_SOURCE_NATIVE_DAILY_PRICE_RISK_VALUE
2019-09-29,2961.75,0.16491467267351254,30.527251986923485,LOCAL_MACHINERY_DEV_CONTINUOUS_LINEAGE_AND_ANNUAL_RISK_DAILY_PRICE_RISK,472687826BE78705EFFB28B99FADC46EC6C21261358A5446D9CFAF4D4496057E,LOCKED_SOURCE_NATIVE_DAILY_PRICE_RISK_VALUE
2019-09-30,2973.75,0.11590531521384624,21.542089444823453,LOCAL_MACHINERY_DEV_CONTINUOUS_LINEAGE_AND_ANNUAL_RISK_DAILY_PRICE_RISK,472687826BE78705EFFB28B99FADC46EC6C21261358A5446D9CFAF4D4496057E,LOCKED_SOURCE_NATIVE_DAILY_PRICE_RISK_VALUE
2019-10-01,2936.75,0.14605588787082394,26.808101794040137,LOCAL_MACHINERY_DEV_CONTINUOUS_LINEAGE_AND_ANNUAL_RISK_DAILY_PRICE_RISK,472687826BE78705EFFB28B99FADC46EC6C21261358A5446D9CFAF4D4496057E,LOCKED_SOURCE_NATIVE_DAILY_PRICE_RISK_VALUE
2019-10-02,2876.75,0.12925833770019093,23.240245186189018,LOCAL_MACHINERY_DEV_CONTINUOUS_LINEAGE_AND_ANNUAL_RISK_DAILY_PRICE_RISK,472687826BE78705EFFB28B99FADC46EC6C21261358A5446D9CFAF4D4496057E,LOCKED_SOURCE_NATIVE_DAILY_PRICE_RISK_VALUE
2019-10-03,2897.5,0.130385841125028,23.61206091623554,LOCAL_MACHINERY_DEV_CONTINUOUS_LINEAGE_AND_ANNUAL_RISK_DAILY_PRICE_RISK,472687826BE78705EFFB28B99FADC46EC6C21261358A5446D9CFAF4D4496057E,LOCKED_SOURCE_NATIVE_DAILY_PRICE_RISK_VALUE
2019-10-04,2941.25,0.15232535699830427,28.0016847669539,LOCAL_MACHINERY_DEV_CONTINUOUS_LINEAGE_AND_ANNUAL_RISK_DAILY_PRICE_RISK,472687826BE78705EFFB28B99FADC46EC6C21261358A5446D9CFAF4D4496057E,LOCKED_SOURCE_NATIVE_DAILY_PRICE_RISK_VALUE
2019-10-06,2930.25,0.13330749405045245,24.41401777758364,LOCAL_MACHINERY_DEV_CONTINUOUS_LINEAGE_AND_ANNUAL_RISK_DAILY_PRICE_RISK,472687826BE78705EFFB28B99FADC46EC6C21261358A5446D9CFAF4D4496057E,LOCKED_SOURCE_NATIVE_DAILY_PRICE_RISK_VALUE
2019-10-07,2927.75,0.13283542752756852,24.30680768398992,LOCAL_MACHINERY_DEV_CONTINUOUS_LINEAGE_AND_ANNUAL_RISK_DAILY_PRICE_RISK,472687826BE78705EFFB28B99FADC46EC6C21261358A5446D9CFAF4D4496057E,LOCKED_SOURCE_NATIVE_DAILY_PRICE_RISK_VALUE
2019-10-08,2882.75,0.1387231814068576,24.994015700038673,LOCAL_MACHINERY_DEV_CONTINUOUS_LINEAGE_AND_ANNUAL_RISK_DAILY_PRICE_RISK,472687826BE78705EFFB28B99FADC46EC6C21261358A5446D9CFAF4D4496057E,LOCKED_SOURCE_NATIVE_DAILY_PRICE_RISK_VALUE
2019-10-09,2889.5,0.13550285382479715,24.47096850792196,LOCAL_MACHINERY_DEV_CONTINUOUS_LINEAGE_AND_ANNUAL_RISK_DAILY_PRICE_RISK,472687826BE78705EFFB28B99FADC46EC6C21261358A5446D9CFAF4D4496057E,LOCKED_SOURCE_NATIVE_DAILY_PRICE_RISK_VALUE
2019-10-10,2937.5,0.1566357610057923,28.75734674715718,LOCAL_MACHINERY_DEV_CONTINUOUS_LINEAGE_AND_ANNUAL_RISK_DAILY_PRICE_RISK,472687826BE78705EFFB28B99FADC46EC6C21261358A5446D9CFAF4D4496057E,LOCKED_SOURCE_NATIVE_DAILY_PRICE_RISK_VALUE
2019-10-11,2961.25,0.15753779512617258,29.15679973858616,LOCAL_MACHINERY_DEV_CONTINUOUS_LINEAGE_AND_ANNUAL_RISK_DAILY_PRICE_RISK,472687826BE78705EFFB28B99FADC46EC6C21261358A5446D9CFAF4D4496057E,LOCKED_SOURCE_NATIVE_DAILY_PRICE_RISK_VALUE
2019-10-13,2972.5,0.13995140506397533,26.000346972041665,LOCAL_MACHINERY_DEV_CONTINUOUS_LINEAGE_AND_ANNUAL_RISK_DAILY_PRICE_RISK,472687826BE78705EFFB28B99FADC46EC6C21261358A5446D9CFAF4D4496057E,LOCKED_SOURCE_NATIVE_DAILY_PRICE_RISK_VALUE
2019-10-14,2963.75,0.13693856617470224,25.36572971876711,LOCAL_MACHINERY_DEV_CONTINUOUS_LINEAGE_AND_ANNUAL_RISK_DAILY_PRICE_RISK,472687826BE78705EFFB28B99FADC46EC6C21261358A5446D9CFAF4D4496057E,LOCKED_SOURCE_NATIVE_DAILY_PRICE_RISK_VALUE
2019-10-15,2985.5,0.13634290381204797,25.440733708179327,LOCAL_MACHINERY_DEV_CONTINUOUS_LINEAGE_AND_ANNUAL_RISK_DAILY_PRICE_RISK,472687826BE78705EFFB28B99FADC46EC6C21261358A5446D9CFAF4D4496057E,LOCKED_SOURCE_NATIVE_DAILY_PRICE_RISK_VALUE
2019-10-16,2978.75,0.13389229186625548,24.926979024788032,LOCAL_MACHINERY_DEV_CONTINUOUS_LINEAGE_AND_ANNUAL_RISK_DAILY_PRICE_RISK,472687826BE78705EFFB28B99FADC46EC6C21261358A5446D9CFAF4D4496057E,LOCKED_SOURCE_NATIVE_DAILY_PRICE_RISK_VALUE
2019-10-17,2987.25,0.14826901133151854,27.682287756254922,LOCAL_MACHINERY_DEV_CONTINUOUS_LINEAGE_AND_ANNUAL_RISK_DAILY_PRICE_RISK,472687826BE78705EFFB28B99FADC46EC6C21261358A5446D9CFAF4D4496057E,LOCKED_SOURCE_NATIVE_DAILY_PRICE_RISK_VALUE
2019-10-18,2980.25,0.12751196033878476,23.751094987478954,LOCAL_MACHINERY_DEV_CONTINUOUS_LINEAGE_AND_ANNUAL_RISK_DAILY_PRICE_RISK,472687826BE78705EFFB28B99FADC46EC6C21261358A5446D9CFAF4D4496057E,LOCKED_SOURCE_NATIVE_DAILY_PRICE_RISK_VALUE
2019-10-20,2982.25,0.12542784821199382,23.37857502063866,LOCAL_MACHINERY_DEV_CONTINUOUS_LINEAGE_AND_ANNUAL_RISK_DAILY_PRICE_RISK,472687826BE78705EFFB28B99FADC46EC6C21261358A5446D9CFAF4D4496057E,LOCKED_SOURCE_NATIVE_DAILY_PRICE_RISK_VALUE
2019-10-21,2996.25,0.12680320961254443,23.74588230009914,LOCAL_MACHINERY_DEV_CONTINUOUS_LINEAGE_AND_ANNUAL_RISK_DAILY_PRICE_RISK,472687826BE78705EFFB28B99FADC46EC6C21261358A5446D9CFAF4D4496057E,LOCKED_SOURCE_NATIVE_DAILY_PRICE_RISK_VALUE
2019-10-22,2981.25,0.12339382497708698,22.991740044558785,LOCAL_MACHINERY_DEV_CONTINUOUS_LINEAGE_AND_ANNUAL_RISK_DAILY_PRICE_RISK,472687826BE78705EFFB28B99FADC46EC6C21261358A5446D9CFAF4D4496057E,LOCKED_SOURCE_NATIVE_DAILY_PRICE_RISK_VALUE
2019-10-23,2997.5,0.12076326252636645,22.624242463923963,LOCAL_MACHINERY_DEV_CONTINUOUS_LINEAGE_AND_ANNUAL_RISK_DAILY_PRICE_RISK,472687826BE78705EFFB28B99FADC46EC6C21261358A5446D9CFAF4D4496057E,LOCKED_SOURCE_NATIVE_DAILY_PRICE_RISK_VALUE
2019-10-24,2992.25,0.11830364730384016,22.124630540307233,LOCAL_MACHINERY_DEV_CONTINUOUS_LINEAGE_AND_ANNUAL_RISK_DAILY_PRICE_RISK,472687826BE78705EFFB28B99FADC46EC6C21261358A5446D9CFAF4D4496057E,LOCKED_SOURCE_NATIVE_DAILY_PRICE_RISK_VALUE
2019-10-25,3010.75,0.11814258300497245,22.2311113613888,LOCAL_MACHINERY_DEV_CONTINUOUS_LINEAGE_AND_ANNUAL_RISK_DAILY_PRICE_RISK,472687826BE78705EFFB28B99FADC46EC6C21261358A5446D9CFAF4D4496057E,LOCKED_SOURCE_NATIVE_DAILY_PRICE_RISK_VALUE
2019-10-27,3015.0,0.1215275004934216,22.900338374229133,LOCAL_MACHINERY_DEV_CONTINUOUS_LINEAGE_AND_ANNUAL_RISK_DAILY_PRICE_RISK,472687826BE78705EFFB28B99FADC46EC6C21261358A5446D9CFAF4D4496057E,LOCKED_SOURCE_NATIVE_DAILY_PRICE_RISK_VALUE
2019-10-28,3029.25,0.11692196714213277,22.136616810331606,LOCAL_MACHINERY_DEV_CONTINUOUS_LINEAGE_AND_ANNUAL_RISK_DAILY_PRICE_RISK,472687826BE78705EFFB28B99FADC46EC6C21261358A5446D9CFAF4D4496057E,LOCKED_SOURCE_NATIVE_DAILY_PRICE_RISK_VALUE
2019-10-29,3026.75,0.11208221895164655,21.202803513243513,LOCAL_MACHINERY_DEV_CONTINUOUS_LINEAGE_AND_ANNUAL_RISK_DAILY_PRICE_RISK,472687826BE78705EFFB28B99FADC46EC6C21261358A5446D9CFAF4D4496057E,LOCKED_SOURCE_NATIVE_DAILY_PRICE_RISK_VALUE
2019-10-30,3039.5,0.12379414582007861,23.51701913875806,LOCAL_MACHINERY_DEV_CONTINUOUS_LINEAGE_AND_ANNUAL_RISK_DAILY_PRICE_RISK,472687826BE78705EFFB28B99FADC46EC6C21261358A5446D9CFAF4D4496057E,LOCKED_SOURCE_NATIVE_DAILY_PRICE_RISK_VALUE
2019-10-31,3025.25,0.1100708488009666,20.811989708445264,LOCAL_MACHINERY_DEV_CONTINUOUS_LINEAGE_AND_ANNUAL_RISK_DAILY_PRICE_RISK,472687826BE78705EFFB28B99FADC46EC6C21261358A5446D9CFAF4D4496057E,LOCKED_SOURCE_NATIVE_DAILY_PRICE_RISK_VALUE
2019-11-01,3053.75,0.11250157331708632,21.471979969815774,LOCAL_MACHINERY_DEV_CONTINUOUS_LINEAGE_AND_ANNUAL_RISK_DAILY_PRICE_RISK,472687826BE78705EFFB28B99FADC46EC6C21261358A5446D9CFAF4D4496057E,LOCKED_SOURCE_NATIVE_DAILY_PRICE_RISK_VALUE
2019-11-03,3058.5,0.11129929718474466,21.275556277471345,LOCAL_MACHINERY_DEV_CONTINUOUS_LINEAGE_AND_ANNUAL_RISK_DAILY_PRICE_RISK,472687826BE78705EFFB28B99FADC46EC6C21261358A5446D9CFAF4D4496057E,LOCKED_SOURCE_NATIVE_DAILY_PRICE_RISK_VALUE
2019-11-04,3073.5,0.10908856037231665,20.9552306440197,LOCAL_MACHINERY_DEV_CONTINUOUS_LINEAGE_AND_ANNUAL_RISK_DAILY_PRICE_RISK,472687826BE78705EFFB28B99FADC46EC6C21261358A5446D9CFAF4D4496057E,LOCKED_SOURCE_NATIVE_DAILY_PRICE_RISK_VALUE
2019-11-05,3063.0,0.10968435915729913,20.99769950617545,LOCAL_MACHINERY_DEV_CONTINUOUS_LINEAGE_AND_ANNUAL_RISK_DAILY_PRICE_RISK,472687826BE78705EFFB28B99FADC46EC6C21261358A5446D9CFAF4D4496057E,LOCKED_SOURCE_NATIVE_DAILY_PRICE_RISK_VALUE
2019-11-06,3065.0,0.12380699189152296,23.71677688421987,LOCAL_MACHINERY_DEV_CONTINUOUS_LINEAGE_AND_ANNUAL_RISK_DAILY_PRICE_RISK,472687826BE78705EFFB28B99FADC46EC6C21261358A5446D9CFAF4D4496057E,LOCKED_SOURCE_NATIVE_DAILY_PRICE_RISK_VALUE
2019-11-07,3077.75,0.14656918767903385,28.19395733619665,LOCAL_MACHINERY_DEV_CONTINUOUS_LINEAGE_AND_ANNUAL_RISK_DAILY_PRICE_RISK,472687826BE78705EFFB28B99FADC46EC6C21261358A5446D9CFAF4D4496057E,LOCKED_SOURCE_NATIVE_DAILY_PRICE_RISK_VALUE
2019-11-08,3082.5,0.1050599232407349,20.240450836847835,LOCAL_MACHINERY_DEV_CONTINUOUS_LINEAGE_AND_ANNUAL_RISK_DAILY_PRICE_RISK,472687826BE78705EFFB28B99FADC46EC6C21261358A5446D9CFAF4D4496057E,LOCKED_SOURCE_NATIVE_DAILY_PRICE_RISK_VALUE
2019-11-10,3079.5,0.12424797220459152,23.913851900252475,LOCAL_MACHINERY_DEV_CONTINUOUS_LINEAGE_AND_ANNUAL_RISK_DAILY_PRICE_RISK,472687826BE78705EFFB28B99FADC46EC6C21261358A5446D9CFAF4D4496057E,LOCKED_SOURCE_NATIVE_DAILY_PRICE_RISK_VALUE
2019-11-11,3075.75,0.09361408373438182,17.995844877876554,LOCAL_MACHINERY_DEV_CONTINUOUS_LINEAGE_AND_ANNUAL_RISK_DAILY_PRICE_RISK,472687826BE78705EFFB28B99FADC46EC6C21261358A5446D9CFAF4D4496057E,LOCKED_SOURCE_NATIVE_DAILY_PRICE_RISK_VALUE
2019-11-12,3079.5,0.08969928137118019,17.264308561409337,LOCAL_MACHINERY_DEV_CONTINUOUS_LINEAGE_AND_ANNUAL_RISK_DAILY_PRICE_RISK,472687826BE78705EFFB28B99FADC46EC6C21261358A5446D9CFAF4D4496057E,LOCKED_SOURCE_NATIVE_DAILY_PRICE_RISK_VALUE
2019-11-13,3085.25,0.12073616230283135,23.281327796550652,LOCAL_MACHINERY_DEV_CONTINUOUS_LINEAGE_AND_ANNUAL_RISK_DAILY_PRICE_RISK,472687826BE78705EFFB28B99FADC46EC6C21261358A5446D9CFAF4D4496057E,LOCKED_SOURCE_NATIVE_DAILY_PRICE_RISK_VALUE
2019-11-14,3089.75,0.08522073017104331,16.456921940373817,LOCAL_MACHINERY_DEV_CONTINUOUS_LINEAGE_AND_ANNUAL_RISK_DAILY_PRICE_RISK,472687826BE78705EFFB28B99FADC46EC6C21261358A5446D9CFAF4D4496057E,LOCKED_SOURCE_NATIVE_DAILY_PRICE_RISK_VALUE
2019-11-15,3110.25,0.12397983784679495,24.100518166437123,LOCAL_MACHINERY_DEV_CONTINUOUS_LINEAGE_AND_ANNUAL_RISK_DAILY_PRICE_RISK,472687826BE78705EFFB28B99FADC46EC6C21261358A5446D9CFAF4D4496057E,LOCKED_SOURCE_NATIVE_DAILY_PRICE_RISK_VALUE
2019-11-17,3105.5,0.09412868780703532,18.26978999904676,LOCAL_MACHINERY_DEV_CONTINUOUS_LINEAGE_AND_ANNUAL_RISK_DAILY_PRICE_RISK,472687826BE78705EFFB28B99FADC46EC6C21261358A5446D9CFAF4D4496057E,LOCKED_SOURCE_NATIVE_DAILY_PRICE_RISK_VALUE
2019-11-18,3110.25,0.08310210225692105,16.154269596536793,LOCAL_MACHINERY_DEV_CONTINUOUS_LINEAGE_AND_ANNUAL_RISK_DAILY_PRICE_RISK,472687826BE78705EFFB28B99FADC46EC6C21261358A5446D9CFAF4D4496057E,LOCKED_SOURCE_NATIVE_DAILY_PRICE_RISK_VALUE
2019-11-19,3102.5,0.08108632485009298,15.723145177963342,LOCAL_MACHINERY_DEV_CONTINUOUS_LINEAGE_AND_ANNUAL_RISK_DAILY_PRICE_RISK,472687826BE78705EFFB28B99FADC46EC6C21261358A5446D9CFAF4D4496057E,LOCKED_SOURCE_NATIVE_DAILY_PRICE_RISK_VALUE
2019-11-20,3092.5,0.08969944944364533,17.337221712779574,LOCAL_MACHINERY_DEV_CONTINUOUS_LINEAGE_AND_ANNUAL_RISK_DAILY_PRICE_RISK,472687826BE78705EFFB28B99FADC46EC6C21261358A5446D9CFAF4D4496057E,LOCKED_SOURCE_NATIVE_DAILY_PRICE_RISK_VALUE
2019-11-21,3092.0,0.07805495612322974,15.084120270814147,LOCAL_MACHINERY_DEV_CONTINUOUS_LINEAGE_AND_ANNUAL_RISK_DAILY_PRICE_RISK,472687826BE78705EFFB28B99FADC46EC6C21261358A5446D9CFAF4D4496057E,LOCKED_SOURCE_NATIVE_DAILY_PRICE_RISK_VALUE
2019-11-22,3102.5,0.0787769555255545,15.275344032377053,LOCAL_MACHINERY_DEV_CONTINUOUS_LINEAGE_AND_ANNUAL_RISK_DAILY_PRICE_RISK,472687826BE78705EFFB28B99FADC46EC6C21261358A5446D9CFAF4D4496057E,LOCKED_SOURCE_NATIVE_DAILY_PRICE_RISK_VALUE
2019-11-24,3109.75,0.07748085705353105,15.059130951388637,LOCAL_MACHINERY_DEV_CONTINUOUS_LINEAGE_AND_ANNUAL_RISK_DAILY_PRICE_RISK,472687826BE78705EFFB28B99FADC46EC6C21261358A5446D9CFAF4D4496057E,LOCKED_SOURCE_NATIVE_DAILY_PRICE_RISK_VALUE
2019-11-25,3123.25,0.07711633386613949,15.05334935921376,LOCAL_MACHINERY_DEV_CONTINUOUS_LINEAGE_AND_ANNUAL_RISK_DAILY_PRICE_RISK,472687826BE78705EFFB28B99FADC46EC6C21261358A5446D9CFAF4D4496057E,LOCKED_SOURCE_NATIVE_DAILY_PRICE_RISK_VALUE
2019-11-26,3134.0,0.08202586734271763,16.066816765754815,LOCAL_MACHINERY_DEV_CONTINUOUS_LINEAGE_AND_ANNUAL_RISK_DAILY_PRICE_RISK,472687826BE78705EFFB28B99FADC46EC6C21261358A5446D9CFAF4D4496057E,LOCKED_SOURCE_NATIVE_DAILY_PRICE_RISK_VALUE
2019-11-27,3135.25,0.08132782485272078,15.9364414293433,LOCAL_MACHINERY_DEV_CONTINUOUS_LINEAGE_AND_ANNUAL_RISK_DAILY_PRICE_RISK,472687826BE78705EFFB28B99FADC46EC6C21261358A5446D9CFAF4D4496057E,LOCKED_SOURCE_NATIVE_DAILY_PRICE_RISK_VALUE
2019-11-28,3142.0,0.08144044676421049,15.992867733321834,LOCAL_MACHINERY_DEV_CONTINUOUS_LINEAGE_AND_ANNUAL_RISK_DAILY_PRICE_RISK,472687826BE78705EFFB28B99FADC46EC6C21261358A5446D9CFAF4D4496057E,LOCKED_SOURCE_NATIVE_DAILY_PRICE_RISK_VALUE
2019-11-29,3134.25,0.07447177744691175,14.588323028936447,LOCAL_MACHINERY_DEV_CONTINUOUS_LINEAGE_AND_ANNUAL_RISK_DAILY_PRICE_RISK,472687826BE78705EFFB28B99FADC46EC6C21261358A5446D9CFAF4D4496057E,LOCKED_SOURCE_NATIVE_DAILY_PRICE_RISK_VALUE
2019-12-01,3138.25,0.08170247206090178,16.025173934070313,LOCAL_MACHINERY_DEV_CONTINUOUS_LINEAGE_AND_ANNUAL_RISK_DAILY_PRICE_RISK,472687826BE78705EFFB28B99FADC46EC6C21261358A5446D9CFAF4D4496057E,LOCKED_SOURCE_NATIVE_DAILY_PRICE_RISK_VALUE
2019-12-02,3103.0,0.08469523767216872,16.42558265604622,LOCAL_MACHINERY_DEV_CONTINUOUS_LINEAGE_AND_ANNUAL_RISK_DAILY_PRICE_RISK,472687826BE78705EFFB28B99FADC46EC6C21261358A5446D9CFAF4D4496057E,LOCKED_SOURCE_NATIVE_DAILY_PRICE_RISK_VALUE
2019-12-03,3085.25,0.08983297212390495,17.32232357782986,LOCAL_MACHINERY_DEV_CONTINUOUS_LINEAGE_AND_ANNUAL_RISK_DAILY_PRICE_RISK,472687826BE78705EFFB28B99FADC46EC6C21261358A5446D9CFAF4D4496057E,LOCKED_SOURCE_NATIVE_DAILY_PRICE_RISK_VALUE
2019-12-04,3100.25,0.08622529848401737,16.70749885156718,LOCAL_MACHINERY_DEV_CONTINUOUS_LINEAGE_AND_ANNUAL_RISK_DAILY_PRICE_RISK,472687826BE78705EFFB28B99FADC46EC6C21261358A5446D9CFAF4D4496057E,LOCKED_SOURCE_NATIVE_DAILY_PRICE_RISK_VALUE
2019-12-05,3109.5,0.08864379414789816,17.227367368930583,LOCAL_MACHINERY_DEV_CONTINUOUS_LINEAGE_AND_ANNUAL_RISK_DAILY_PRICE_RISK,472687826BE78705EFFB28B99FADC46EC6C21261358A5446D9CFAF4D4496057E,LOCKED_SOURCE_NATIVE_DAILY_PRICE_RISK_VALUE
2019-12-06,3137.5,0.0941181584679268,18.455982637070022,LOCAL_MACHINERY_DEV_CONTINUOUS_LINEAGE_AND_ANNUAL_RISK_DAILY_PRICE_RISK,472687826BE78705EFFB28B99FADC46EC6C21261358A5446D9CFAF4D4496057E,LOCKED_SOURCE_NATIVE_DAILY_PRICE_RISK_VALUE
2019-12-08,3136.75,0.10239939054069147,20.075080517407123,LOCAL_MACHINERY_DEV_CONTINUOUS_LINEAGE_AND_ANNUAL_RISK_DAILY_PRICE_RISK,472687826BE78705EFFB28B99FADC46EC6C21261358A5446D9CFAF4D4496057E,LOCKED_SOURCE_NATIVE_DAILY_PRICE_RISK_VALUE
2019-12-09,3125.75,0.08752468364498997,17.09876749395796,LOCAL_MACHINERY_DEV_CONTINUOUS_LINEAGE_AND_ANNUAL_RISK_DAILY_PRICE_RISK,472687826BE78705EFFB28B99FADC46EC6C21261358A5446D9CFAF4D4496057E,LOCKED_SOURCE_NATIVE_DAILY_PRICE_RISK_VALUE
2019-12-10,3125.0,0.0898664889507508,17.552048623193517,LOCAL_MACHINERY_DEV_CONTINUOUS_LINEAGE_AND_ANNUAL_RISK_DAILY_PRICE_RISK,472687826BE78705EFFB28B99FADC46EC6C21261358A5446D9CFAF4D4496057E,LOCKED_SOURCE_NATIVE_DAILY_PRICE_RISK_VALUE
2019-12-11,3136.75,0.08717784808643023,17.090944686569376,LOCAL_MACHINERY_DEV_CONTINUOUS_LINEAGE_AND_ANNUAL_RISK_DAILY_PRICE_RISK,472687826BE78705EFFB28B99FADC46EC6C21261358A5446D9CFAF4D4496057E,LOCKED_SOURCE_NATIVE_DAILY_PRICE_RISK_VALUE
2019-12-12,3171.5,0.09340318202825731,18.51426198766363,LOCAL_MACHINERY_DEV_CONTINUOUS_LINEAGE_AND_ANNUAL_RISK_DAILY_PRICE_RISK,472687826BE78705EFFB28B99FADC46EC6C21261358A5446D9CFAF4D4496057E,LOCKED_SOURCE_NATIVE_DAILY_PRICE_RISK_VALUE
2019-12-13,3162.5,0.09497934007429916,18.773260186560695,LOCAL_MACHINERY_DEV_CONTINUOUS_LINEAGE_AND_ANNUAL_RISK_DAILY_PRICE_RISK,472687826BE78705EFFB28B99FADC46EC6C21261358A5446D9CFAF4D4496057E,LOCKED_SOURCE_NATIVE_DAILY_PRICE_RISK_VALUE
2019-12-15,3166.5,0.090864496057319,17.982651672843787,LOCAL_MACHINERY_DEV_CONTINUOUS_LINEAGE_AND_ANNUAL_RISK_DAILY_PRICE_RISK,472687826BE78705EFFB28B99FADC46EC6C21261358A5446D9CFAF4D4496057E,LOCKED_SOURCE_NATIVE_DAILY_PRICE_RISK_VALUE
2019-12-16,3182.75,0.09101578267832545,18.10503014496502,LOCAL_MACHINERY_DEV_CONTINUOUS_LINEAGE_AND_ANNUAL_RISK_DAILY_PRICE_RISK,472687826BE78705EFFB28B99FADC46EC6C21261358A5446D9CFAF4D4496057E,LOCKED_SOURCE_NATIVE_DAILY_PRICE_RISK_VALUE
2019-12-17,3182.5,0.0894468455067333,17.79153661407367,LOCAL_MACHINERY_DEV_CONTINUOUS_LINEAGE_AND_ANNUAL_RISK_DAILY_PRICE_RISK,472687826BE78705EFFB28B99FADC46EC6C21261358A5446D9CFAF4D4496057E,LOCKED_SOURCE_NATIVE_DAILY_PRICE_RISK_VALUE
2019-12-18,3187.0,0.08799361735321769,17.527228656544047,LOCAL_MACHINERY_DEV_CONTINUOUS_LINEAGE_AND_ANNUAL_RISK_DAILY_PRICE_RISK,472687826BE78705EFFB28B99FADC46EC6C21261358A5446D9CFAF4D4496057E,LOCKED_SOURCE_NATIVE_DAILY_PRICE_RISK_VALUE
2019-12-19,3201.0,0.08835848840692931,17.677220086911294,LOCAL_MACHINERY_DEV_CONTINUOUS_LINEAGE_AND_ANNUAL_RISK_DAILY_PRICE_RISK,472687826BE78705EFFB28B99FADC46EC6C21261358A5446D9CFAF4D4496057E,LOCKED_SOURCE_NATIVE_DAILY_PRICE_RISK_VALUE
2019-12-20,3212.5,0.08758694809255381,17.58581692170807,LOCAL_MACHINERY_DEV_CONTINUOUS_LINEAGE_AND_ANNUAL_RISK_DAILY_PRICE_RISK,472687826BE78705EFFB28B99FADC46EC6C21261358A5446D9CFAF4D4496057E,LOCKED_SOURCE_NATIVE_DAILY_PRICE_RISK_VALUE
2019-12-22,3216.25,0.09327750014825222,18.750234990738512,LOCAL_MACHINERY_DEV_CONTINUOUS_LINEAGE_AND_ANNUAL_RISK_DAILY_PRICE_RISK,472687826BE78705EFFB28B99FADC46EC6C21261358A5446D9CFAF4D4496057E,LOCKED_SOURCE_NATIVE_DAILY_PRICE_RISK_VALUE
2019-12-23,3216.5,0.08417053151474452,16.920907163573485,LOCAL_MACHINERY_DEV_CONTINUOUS_LINEAGE_AND_ANNUAL_RISK_DAILY_PRICE_RISK,472687826BE78705EFFB28B99FADC46EC6C21261358A5446D9CFAF4D4496057E,LOCKED_SOURCE_NATIVE_DAILY_PRICE_RISK_VALUE
2019-12-24,3214.5,0.08274264159326394,16.623513837596683,LOCAL_MACHINERY_DEV_CONTINUOUS_LINEAGE_AND_ANNUAL_RISK_DAILY_PRICE_RISK,472687826BE78705EFFB28B99FADC46EC6C21261358A5446D9CFAF4D4496057E,LOCKED_SOURCE_NATIVE_DAILY_PRICE_RISK_VALUE
2019-12-25,3215.5,0.08210926410626007,16.501396170854953,LOCAL_MACHINERY_DEV_CONTINUOUS_LINEAGE_AND_ANNUAL_RISK_DAILY_PRICE_RISK,472687826BE78705EFFB28B99FADC46EC6C21261358A5446D9CFAF4D4496057E,LOCKED_SOURCE_NATIVE_DAILY_PRICE_RISK_VALUE
2019-12-26,3231.25,0.08370868896715707,16.90523132657039,LOCAL_MACHINERY_DEV_CONTINUOUS_LINEAGE_AND_ANNUAL_RISK_DAILY_PRICE_RISK,472687826BE78705EFFB28B99FADC46EC6C21261358A5446D9CFAF4D4496057E,LOCKED_SOURCE_NATIVE_DAILY_PRICE_RISK_VALUE
2019-12-27,3224.5,0.08055794571975282,16.234943498333934,LOCAL_MACHINERY_DEV_CONTINUOUS_LINEAGE_AND_ANNUAL_RISK_DAILY_PRICE_RISK,472687826BE78705EFFB28B99FADC46EC6C21261358A5446D9CFAF4D4496057E,LOCKED_SOURCE_NATIVE_DAILY_PRICE_RISK_VALUE
2019-12-29,3229.0,0.0817556281454097,16.499307705095493,LOCAL_MACHINERY_DEV_CONTINUOUS_LINEAGE_AND_ANNUAL_RISK_DAILY_PRICE_RISK,472687826BE78705EFFB28B99FADC46EC6C21261358A5446D9CFAF4D4496057E,LOCKED_SOURCE_NATIVE_DAILY_PRICE_RISK_VALUE
2019-12-30,3212.75,0.08146818178561299,16.35855631448301,LOCAL_MACHINERY_DEV_CONTINUOUS_LINEAGE_AND_ANNUAL_RISK_DAILY_PRICE_RISK,472687826BE78705EFFB28B99FADC46EC6C21261358A5446D9CFAF4D4496057E,LOCKED_SOURCE_NATIVE_DAILY_PRICE_RISK_VALUE
2019-12-31,3224.0,0.08384281609757155,16.894327443660668,LOCAL_MACHINERY_DEV_CONTINUOUS_LINEAGE_AND_ANNUAL_RISK_DAILY_PRICE_RISK,472687826BE78705EFFB28B99FADC46EC6C21261358A5446D9CFAF4D4496057E,LOCKED_SOURCE_NATIVE_DAILY_PRICE_RISK_VALUE
2020-01-01,3225.75,0.08100642452612186,16.3316546196961,LOCAL_MACHINERY_DEV_CONTINUOUS_LINEAGE_AND_ANNUAL_RISK_DAILY_PRICE_RISK,472687826BE78705EFFB28B99FADC46EC6C21261358A5446D9CFAF4D4496057E,LOCKED_SOURCE_NATIVE_DAILY_PRICE_RISK_VALUE
2020-01-02,3249.0,0.08205387472431588,16.662064936206395,LOCAL_MACHINERY_DEV_CONTINUOUS_LINEAGE_AND_ANNUAL_RISK_DAILY_PRICE_RISK,472687826BE78705EFFB28B99FADC46EC6C21261358A5446D9CFAF4D4496057E,LOCKED_SOURCE_NATIVE_DAILY_PRICE_RISK_VALUE
2020-01-03,3223.5,0.08682210163111914,17.491940287994534,LOCAL_MACHINERY_DEV_CONTINUOUS_LINEAGE_AND_ANNUAL_RISK_DAILY_PRICE_RISK,472687826BE78705EFFB28B99FADC46EC6C21261358A5446D9CFAF4D4496057E,LOCKED_SOURCE_NATIVE_DAILY_PRICE_RISK_VALUE
2020-01-05,3211.75,0.08661899107548934,17.38740903666893,LOCAL_MACHINERY_DEV_CONTINUOUS_LINEAGE_AND_ANNUAL_RISK_DAILY_PRICE_RISK,472687826BE78705EFFB28B99FADC46EC6C21261358A5446D9CFAF4D4496057E,LOCKED_SOURCE_NATIVE_DAILY_PRICE_RISK_VALUE
2020-01-06,3230.5,0.08705965587343098,17.577888643694923,LOCAL_MACHINERY_DEV_CONTINUOUS_LINEAGE_AND_ANNUAL_RISK_DAILY_PRICE_RISK,472687826BE78705EFFB28B99FADC46EC6C21261358A5446D9CFAF4D4496057E,LOCKED_SOURCE_NATIVE_DAILY_PRICE_RISK_VALUE
2020-01-07,3191.25,0.11263631114795739,22.465664246932437,LOCAL_MACHINERY_DEV_CONTINUOUS_LINEAGE_AND_ANNUAL_RISK_DAILY_PRICE_RISK,472687826BE78705EFFB28B99FADC46EC6C21261358A5446D9CFAF4D4496057E,LOCKED_SOURCE_NATIVE_DAILY_PRICE_RISK_VALUE
2020-01-08,3249.75,0.11725080997339657,23.814738731940345,LOCAL_MACHINERY_DEV_CONTINUOUS_LINEAGE_AND_ANNUAL_RISK_DAILY_PRICE_RISK,472687826BE78705EFFB28B99FADC46EC6C21261358A5446D9CFAF4D4496057E,LOCKED_SOURCE_NATIVE_DAILY_PRICE_RISK_VALUE
2020-01-09,3266.0,0.11503791426882903,23.482114250124727,LOCAL_MACHINERY_DEV_CONTINUOUS_LINEAGE_AND_ANNUAL_RISK_DAILY_PRICE_RISK,472687826BE78705EFFB28B99FADC46EC6C21261358A5446D9CFAF4D4496057E,LOCKED_SOURCE_NATIVE_DAILY_PRICE_RISK_VALUE
2020-01-10,3251.5,0.1119596749258065,22.75230518882874,LOCAL_MACHINERY_DEV_CONTINUOUS_LINEAGE_AND_ANNUAL_RISK_DAILY_PRICE_RISK,472687826BE78705EFFB28B99FADC46EC6C21261358A5446D9CFAF4D4496057E,LOCKED_SOURCE_NATIVE_DAILY_PRICE_RISK_VALUE
2020-01-12,3255.5,0.11793265740793143,23.99561038697005,LOCAL_MACHINERY_DEV_CONTINUOUS_LINEAGE_AND_ANNUAL_RISK_DAILY_PRICE_RISK,472687826BE78705EFFB28B99FADC46EC6C21261358A5446D9CFAF4D4496057E,LOCKED_SOURCE_NATIVE_DAILY_PRICE_RISK_VALUE
2020-01-13,3281.75,0.10949774340749077,22.459013714220802,LOCAL_MACHINERY_DEV_CONTINUOUS_LINEAGE_AND_ANNUAL_RISK_DAILY_PRICE_RISK,472687826BE78705EFFB28B99FADC46EC6C21261358A5446D9CFAF4D4496057E,LOCKED_SOURCE_NATIVE_DAILY_PRICE_RISK_VALUE
2020-01-14,3267.0,0.10987806913081766,22.43572824064883,LOCAL_MACHINERY_DEV_CONTINUOUS_LINEAGE_AND_ANNUAL_RISK_DAILY_PRICE_RISK,472687826BE78705EFFB28B99FADC46EC6C21261358A5446D9CFAF4D4496057E,LOCKED_SOURCE_NATIVE_DAILY_PRICE_RISK_VALUE
2020-01-15,3285.0,0.10782319197947673,22.13744910328632,LOCAL_MACHINERY_DEV_CONTINUOUS_LINEAGE_AND_ANNUAL_RISK_DAILY_PRICE_RISK,472687826BE78705EFFB28B99FADC46EC6C21261358A5446D9CFAF4D4496057E,LOCKED_SOURCE_NATIVE_DAILY_PRICE_RISK_VALUE
2020-01-16,3307.75,0.11007547020856223,22.756383536398232,LOCAL_MACHINERY_DEV_CONTINUOUS_LINEAGE_AND_ANNUAL_RISK_DAILY_PRICE_RISK,472687826BE78705EFFB28B99FADC46EC6C21261358A5446D9CFAF4D4496057E,LOCKED_SOURCE_NATIVE_DAILY_PRICE_RISK_VALUE
2020-01-17,3311.25,0.12015697652351996,24.86686178209409,LOCAL_MACHINERY_DEV_CONTINUOUS_LINEAGE_AND_ANNUAL_RISK_DAILY_PRICE_RISK,472687826BE78705EFFB28B99FADC46EC6C21261358A5446D9CFAF4D4496057E,LOCKED_SOURCE_NATIVE_DAILY_PRICE_RISK_VALUE
2020-01-19,3316.0,0.10415332697729862,21.58577701604514,LOCAL_MACHINERY_DEV_CONTINUOUS_LINEAGE_AND_ANNUAL_RISK_DAILY_PRICE_RISK,472687826BE78705EFFB28B99FADC46EC6C21261358A5446D9CFAF4D4496057E,LOCKED_SOURCE_NATIVE_DAILY_PRICE_RISK_VALUE
2020-01-20,3311.0,0.10132888739826654,20.968746635978782,LOCAL_MACHINERY_DEV_CONTINUOUS_LINEAGE_AND_ANNUAL_RISK_DAILY_PRICE_RISK,472687826BE78705EFFB28B99FADC46EC6C21261358A5446D9CFAF4D4496057E,LOCKED_SOURCE_NATIVE_DAILY_PRICE_RISK_VALUE
2020-01-21,3308.5,0.10272817928506287,21.242261322789407,LOCAL_MACHINERY_DEV_CONTINUOUS_LINEAGE_AND_ANNUAL_RISK_DAILY_PRICE_RISK,472687826BE78705EFFB28B99FADC46EC6C21261358A5446D9CFAF4D4496057E,LOCKED_SOURCE_NATIVE_DAILY_PRICE_RISK_VALUE
2020-01-22,3302.25,0.09719533430736849,20.060205794781723,LOCAL_MACHINERY_DEV_CONTINUOUS_LINEAGE_AND_ANNUAL_RISK_DAILY_PRICE_RISK,472687826BE78705EFFB28B99FADC46EC6C21261358A5446D9CFAF4D4496057E,LOCKED_SOURCE_NATIVE_DAILY_PRICE_RISK_VALUE
2020-01-23,3318.25,0.09718382230990565,20.155013648740276,LOCAL_MACHINERY_DEV_CONTINUOUS_LINEAGE_AND_ANNUAL_RISK_DAILY_PRICE_RISK,472687826BE78705EFFB28B99FADC46EC6C21261358A5446D9CFAF4D4496057E,LOCKED_SOURCE_NATIVE_DAILY_PRICE_RISK_VALUE
2020-01-24,3278.75,0.10649821340244532,21.823813574579226,LOCAL_MACHINERY_DEV_CONTINUOUS_LINEAGE_AND_ANNUAL_RISK_DAILY_PRICE_RISK,472687826BE78705EFFB28B99FADC46EC6C21261358A5446D9CFAF4D4496057E,LOCKED_SOURCE_NATIVE_DAILY_PRICE_RISK_VALUE
2020-01-26,3247.0,0.10890390126491692,22.100685462949077,LOCAL_MACHINERY_DEV_CONTINUOUS_LINEAGE_AND_ANNUAL_RISK_DAILY_PRICE_RISK,472687826BE78705EFFB28B99FADC46EC6C21261358A5446D9CFAF4D4496057E,LOCKED_SOURCE_NATIVE_DAILY_PRICE_RISK_VALUE
2020-01-27,3235.0,0.10599881260022724,21.431634922608445,LOCAL_MACHINERY_DEV_CONTINUOUS_LINEAGE_AND_ANNUAL_RISK_DAILY_PRICE_RISK,472687826BE78705EFFB28B99FADC46EC6C21261358A5446D9CFAF4D4496057E,LOCKED_SOURCE_NATIVE_DAILY_PRICE_RISK_VALUE
2020-01-28,3263.25,0.10808176450605753,22.043613626524515,LOCAL_MACHINERY_DEV_CONTINUOUS_LINEAGE_AND_ANNUAL_RISK_DAILY_PRICE_RISK,472687826BE78705EFFB28B99FADC46EC6C21261358A5446D9CFAF4D4496057E,LOCKED_SOURCE_NATIVE_DAILY_PRICE_RISK_VALUE
2020-01-29,3261.25,0.10593379733165081,21.59228728424039,LOCAL_MACHINERY_DEV_CONTINUOUS_LINEAGE_AND_ANNUAL_RISK_DAILY_PRICE_RISK,472687826BE78705EFFB28B99FADC46EC6C21261358A5446D9CFAF4D4496057E,LOCKED_SOURCE_NATIVE_DAILY_PRICE_RISK_VALUE
2020-01-30,3277.25,0.10516279655605101,21.540298438332385,LOCAL_MACHINERY_DEV_CONTINUOUS_LINEAGE_AND_ANNUAL_RISK_DAILY_PRICE_RISK,472687826BE78705EFFB28B99FADC46EC6C21261358A5446D9CFAF4D4496057E,LOCKED_SOURCE_NATIVE_DAILY_PRICE_RISK_VALUE
2020-01-31,3215.0,0.12448230937932916,25.013164040908954,LOCAL_MACHINERY_DEV_CONTINUOUS_LINEAGE_AND_ANNUAL_RISK_DAILY_PRICE_RISK,472687826BE78705EFFB28B99FADC46EC6C21261358A5446D9CFAF4D4496057E,LOCKED_SOURCE_NATIVE_DAILY_PRICE_RISK_VALUE
2020-02-02,3220.25,0.11986209997324501,24.12412046492764,LOCAL_MACHINERY_DEV_CONTINUOUS_LINEAGE_AND_ANNUAL_RISK_DAILY_PRICE_RISK,472687826BE78705EFFB28B99FADC46EC6C21261358A5446D9CFAF4D4496057E,LOCKED_SOURCE_NATIVE_DAILY_PRICE_RISK_VALUE
2020-02-03,3229.5,0.11743669055941214,23.703862010101343,LOCAL_MACHINERY_DEV_CONTINUOUS_LINEAGE_AND_ANNUAL_RISK_DAILY_PRICE_RISK,472687826BE78705EFFB28B99FADC46EC6C21261358A5446D9CFAF4D4496057E,LOCKED_SOURCE_NATIVE_DAILY_PRICE_RISK_VALUE
2020-02-04,3282.25,0.12980036595925096,26.627328198109467,LOCAL_MACHINERY_DEV_CONTINUOUS_LINEAGE_AND_ANNUAL_RISK_DAILY_PRICE_RISK,472687826BE78705EFFB28B99FADC46EC6C21261358A5446D9CFAF4D4496057E,LOCKED_SOURCE_NATIVE_DAILY_PRICE_RISK_VALUE
2020-02-05,3322.25,0.13212844035539523,27.43523193566949,LOCAL_MACHINERY_DEV_CONTINUOUS_LINEAGE_AND_ANNUAL_RISK_DAILY_PRICE_RISK,472687826BE78705EFFB28B99FADC46EC6C21261358A5446D9CFAF4D4496057E,LOCKED_SOURCE_NATIVE_DAILY_PRICE_RISK_VALUE
2020-02-06,3337.25,0.1289439367470311,26.89488455681435,LOCAL_MACHINERY_DEV_CONTINUOUS_LINEAGE_AND_ANNUAL_RISK_DAILY_PRICE_RISK,472687826BE78705EFFB28B99FADC46EC6C21261358A5446D9CFAF4D4496057E,LOCKED_SOURCE_NATIVE_DAILY_PRICE_RISK_VALUE
2020-02-07,3310.75,0.13364315894731904,27.653693030302282,LOCAL_MACHINERY_DEV_CONTINUOUS_LINEAGE_AND_ANNUAL_RISK_DAILY_PRICE_RISK,472687826BE78705EFFB28B99FADC46EC6C21261358A5446D9CFAF4D4496057E,LOCKED_SOURCE_NATIVE_DAILY_PRICE_RISK_VALUE
2020-02-09,3299.25,0.13205156775078472,27.22944593136103,LOCAL_MACHINERY_DEV_CONTINUOUS_LINEAGE_AND_ANNUAL_RISK_DAILY_PRICE_RISK,472687826BE78705EFFB28B99FADC46EC6C21261358A5446D9CFAF4D4496057E,LOCKED_SOURCE_NATIVE_DAILY_PRICE_RISK_VALUE
2020-02-10,3339.5,0.1310045368365823,27.343103172860413,LOCAL_MACHINERY_DEV_CONTINUOUS_LINEAGE_AND_ANNUAL_RISK_DAILY_PRICE_RISK,472687826BE78705EFFB28B99FADC46EC6C21261358A5446D9CFAF4D4496057E,LOCKED_SOURCE_NATIVE_DAILY_PRICE_RISK_VALUE
2020-02-11,3349.0,0.1304046287107243,27.295318847013483,LOCAL_MACHINERY_DEV_CONTINUOUS_LINEAGE_AND_ANNUAL_RISK_DAILY_PRICE_RISK,472687826BE78705EFFB28B99FADC46EC6C21261358A5446D9CFAF4D4496057E,LOCKED_SOURCE_NATIVE_DAILY_PRICE_RISK_VALUE
2020-02-12,3355.75,0.13796012715474487,28.934981043720946,LOCAL_MACHINERY_DEV_CONTINUOUS_LINEAGE_AND_ANNUAL_RISK_DAILY_PRICE_RISK,472687826BE78705EFFB28B99FADC46EC6C21261358A5446D9CFAF4D4496057E,LOCKED_SOURCE_NATIVE_DAILY_PRICE_RISK_VALUE
2020-02-13,3362.0,0.1503843331934482,31.599508012273304,LOCAL_MACHINERY_DEV_CONTINUOUS_LINEAGE_AND_ANNUAL_RISK_DAILY_PRICE_RISK,472687826BE78705EFFB28B99FADC46EC6C21261358A5446D9CFAF4D4496057E,LOCKED_SOURCE_NATIVE_DAILY_PRICE_RISK_VALUE
2020-02-14,3368.75,0.11899444405174027,25.053908337456253,LOCAL_MACHINERY_DEV_CONTINUOUS_LINEAGE_AND_ANNUAL_RISK_DAILY_PRICE_RISK,472687826BE78705EFFB28B99FADC46EC6C21261358A5446D9CFAF4D4496057E,LOCKED_SOURCE_NATIVE_DAILY_PRICE_RISK_VALUE
2020-02-16,3375.75,0.11608692754333855,24.49252785340157,LOCAL_MACHINERY_DEV_CONTINUOUS_LINEAGE_AND_ANNUAL_RISK_DAILY_PRICE_RISK,472687826BE78705EFFB28B99FADC46EC6C21261358A5446D9CFAF4D4496057E,LOCKED_SOURCE_NATIVE_DAILY_PRICE_RISK_VALUE
2020-02-17,3364.0,0.11218410067793246,23.586707167535298,LOCAL_MACHINERY_DEV_CONTINUOUS_LINEAGE_AND_ANNUAL_RISK_DAILY_PRICE_RISK,472687826BE78705EFFB28B99FADC46EC6C21261358A5446D9CFAF4D4496057E,LOCKED_SOURCE_NATIVE_DAILY_PRICE_RISK_VALUE
2020-02-18,3366.0,0.117065221405018,24.62759595308066,LOCAL_MACHINERY_DEV_CONTINUOUS_LINEAGE_AND_ANNUAL_RISK_DAILY_PRICE_RISK,472687826BE78705EFFB28B99FADC46EC6C21261358A5446D9CFAF4D4496057E,LOCKED_SOURCE_NATIVE_DAILY_PRICE_RISK_VALUE
2020-02-19,3379.75,0.11030572842735473,23.30036160327201,LOCAL_MACHINERY_DEV_CONTINUOUS_LINEAGE_AND_ANNUAL_RISK_DAILY_PRICE_RISK,472687826BE78705EFFB28B99FADC46EC6C21261358A5446D9CFAF4D4496057E,LOCKED_SOURCE_NATIVE_DAILY_PRICE_RISK_VALUE
2020-02-20,3343.75,0.1152407301984218,24.08351197506081,LOCAL_MACHINERY_DEV_CONTINUOUS_LINEAGE_AND_ANNUAL_RISK_DAILY_PRICE_RISK,472687826BE78705EFFB28B99FADC46EC6C21261358A5446D9CFAF4D4496057E,LOCKED_SOURCE_NATIVE_DAILY_PRICE_RISK_VALUE
2020-02-21,3326.25,0.11617864770227188,24.152451682480113,LOCAL_MACHINERY_DEV_CONTINUOUS_LINEAGE_AND_ANNUAL_RISK_DAILY_PRICE_RISK,472687826BE78705EFFB28B99FADC46EC6C21261358A5446D9CFAF4D4496057E,LOCKED_SOURCE_NATIVE_DAILY_PRICE_RISK_VALUE
2020-02-23,3286.25,0.11588589130358838,23.80187564352608,LOCAL_MACHINERY_DEV_CONTINUOUS_LINEAGE_AND_ANNUAL_RISK_DAILY_PRICE_RISK,472687826BE78705EFFB28B99FADC46EC6C21261358A5446D9CFAF4D4496057E,LOCKED_SOURCE_NATIVE_DAILY_PRICE_RISK_VALUE
2020-02-24,3227.75,0.1285598493795146,25.934940864670512,LOCAL_MACHINERY_DEV_CONTINUOUS_LINEAGE_AND_ANNUAL_RISK_DAILY_PRICE_RISK,472687826BE78705EFFB28B99FADC46EC6C21261358A5446D9CFAF4D4496057E,LOCKED_SOURCE_NATIVE_DAILY_PRICE_RISK_VALUE
2020-02-25,3139.5,0.15476981683418115,30.368739996931982,LOCAL_MACHINERY_DEV_CONTINUOUS_LINEAGE_AND_ANNUAL_RISK_DAILY_PRICE_RISK,472687826BE78705EFFB28B99FADC46EC6C21261358A5446D9CFAF4D4496057E,LOCKED_SOURCE_NATIVE_DAILY_PRICE_RISK_VALUE
2020-02-26,3091.5,0.15900312699847258,30.722385444736123,LOCAL_MACHINERY_DEV_CONTINUOUS_LINEAGE_AND_ANNUAL_RISK_DAILY_PRICE_RISK,472687826BE78705EFFB28B99FADC46EC6C21261358A5446D9CFAF4D4496057E,LOCKED_SOURCE_NATIVE_DAILY_PRICE_RISK_VALUE
2020-03-01,2907.0,0.24481913924871437,44.48057736225079,LOCAL_MACHINERY_DEV_CONTINUOUS_LINEAGE_AND_ANNUAL_RISK_DAILY_PRICE_RISK,472687826BE78705EFFB28B99FADC46EC6C21261358A5446D9CFAF4D4496057E,LOCKED_SOURCE_NATIVE_DAILY_PRICE_RISK_VALUE
2020-03-02,3072.5,0.29778305426118784,57.18365213859373,LOCAL_MACHINERY_DEV_CONTINUOUS_LINEAGE_AND_ANNUAL_RISK_DAILY_PRICE_RISK,472687826BE78705EFFB28B99FADC46EC6C21261358A5446D9CFAF4D4496057E,LOCKED_SOURCE_NATIVE_DAILY_PRICE_RISK_VALUE
2020-03-03,2979.0,0.30878149536552785,57.491254668369216,LOCAL_MACHINERY_DEV_CONTINUOUS_LINEAGE_AND_ANNUAL_RISK_DAILY_PRICE_RISK,472687826BE78705EFFB28B99FADC46EC6C21261358A5446D9CFAF4D4496057E,LOCKED_SOURCE_NATIVE_DAILY_PRICE_RISK_VALUE
2020-03-04,3095.0,0.3223976319509171,62.36379193050552,LOCAL_MACHINERY_DEV_CONTINUOUS_LINEAGE_AND_ANNUAL_RISK_DAILY_PRICE_RISK,472687826BE78705EFFB28B99FADC46EC6C21261358A5446D9CFAF4D4496057E,LOCKED_SOURCE_NATIVE_DAILY_PRICE_RISK_VALUE
2020-03-05,3014.75,0.32147968629276635,60.57380526569484,LOCAL_MACHINERY_DEV_CONTINUOUS_LINEAGE_AND_ANNUAL_RISK_DAILY_PRICE_RISK,472687826BE78705EFFB28B99FADC46EC6C21261358A5446D9CFAF4D4496057E,LOCKED_SOURCE_NATIVE_DAILY_PRICE_RISK_VALUE
2020-03-06,2951.75,0.3215849998855391,59.32740771325876,LOCAL_MACHINERY_DEV_CONTINUOUS_LINEAGE_AND_ANNUAL_RISK_DAILY_PRICE_RISK,472687826BE78705EFFB28B99FADC46EC6C21261358A5446D9CFAF4D4496057E,LOCKED_SOURCE_NATIVE_DAILY_PRICE_RISK_VALUE
2020-03-08,2810.75,0.34399828957448564,60.430824526342846,LOCAL_MACHINERY_DEV_CONTINUOUS_LINEAGE_AND_ANNUAL_RISK_DAILY_PRICE_RISK,472687826BE78705EFFB28B99FADC46EC6C21261358A5446D9CFAF4D4496057E,LOCKED_SOURCE_NATIVE_DAILY_PRICE_RISK_VALUE
2020-03-09,2783.5,0.336945277836993,58.61794880370438,LOCAL_MACHINERY_DEV_CONTINUOUS_LINEAGE_AND_ANNUAL_RISK_DAILY_PRICE_RISK,472687826BE78705EFFB28B99FADC46EC6C21261358A5446D9CFAF4D4496057E,LOCKED_SOURCE_NATIVE_DAILY_PRICE_RISK_VALUE
2020-03-10,2815.0,0.3400099976094772,59.82050895441739,LOCAL_MACHINERY_DEV_CONTINUOUS_LINEAGE_AND_ANNUAL_RISK_DAILY_PRICE_RISK,472687826BE78705EFFB28B99FADC46EC6C21261358A5446D9CFAF4D4496057E,LOCKED_SOURCE_NATIVE_DAILY_PRICE_RISK_VALUE
2020-03-11,2720.75,0.3363170394873352,57.18966157407296,LOCAL_MACHINERY_DEV_CONTINUOUS_LINEAGE_AND_ANNUAL_RISK_DAILY_PRICE_RISK,472687826BE78705EFFB28B99FADC46EC6C21261358A5446D9CFAF4D4496057E,LOCKED_SOURCE_NATIVE_DAILY_PRICE_RISK_VALUE
2020-03-12,2428.0,0.465920572519026,70.7034468797622,LOCAL_MACHINERY_DEV_CONTINUOUS_LINEAGE_AND_ANNUAL_RISK_DAILY_PRICE_RISK,472687826BE78705EFFB28B99FADC46EC6C21261358A5446D9CFAF4D4496057E,LOCKED_SOURCE_NATIVE_DAILY_PRICE_RISK_VALUE
2020-03-13,2654.75,0.5408437957803716,89.73781667799634,LOCAL_MACHINERY_DEV_CONTINUOUS_LINEAGE_AND_ANNUAL_RISK_DAILY_PRICE_RISK,472687826BE78705EFFB28B99FADC46EC6C21261358A5446D9CFAF4D4496057E,LOCKED_SOURCE_NATIVE_DAILY_PRICE_RISK_VALUE
2020-03-15,2555.5,0.5363164137728945,85.6597872122895,LOCAL_MACHINERY_DEV_CONTINUOUS_LINEAGE_AND_ANNUAL_RISK_DAILY_PRICE_RISK,472687826BE78705EFFB28B99FADC46EC6C21261358A5446D9CFAF4D4496057E,LOCKED_SOURCE_NATIVE_DAILY_PRICE_RISK_VALUE
2020-03-16,2432.25,0.5399924318504475,82.08728702301569,LOCAL_MACHINERY_DEV_CONTINUOUS_LINEAGE_AND_ANNUAL_RISK_DAILY_PRICE_RISK,472687826BE78705EFFB28B99FADC46EC6C21261358A5446D9CFAF4D4496057E,LOCKED_SOURCE_NATIVE_DAILY_PRICE_RISK_VALUE
2020-03-17,2411.5,0.5268127599400629,79.40056066221636,LOCAL_MACHINERY_DEV_CONTINUOUS_LINEAGE_AND_ANNUAL_RISK_DAILY_PRICE_RISK,472687826BE78705EFFB28B99FADC46EC6C21261358A5446D9CFAF4D4496057E,LOCKED_SOURCE_NATIVE_DAILY_PRICE_RISK_VALUE
2020-03-18,2443.5,0.5132367765944564,78.38087897553464,LOCAL_MACHINERY_DEV_CONTINUOUS_LINEAGE_AND_ANNUAL_RISK_DAILY_PRICE_RISK,472687826BE78705EFFB28B99FADC46EC6C21261358A5446D9CFAF4D4496057E,LOCKED_SOURCE_NATIVE_DAILY_PRICE_RISK_VALUE
2020-03-19,2356.25,0.5139471281815934,75.68674504861747,LOCAL_MACHINERY_DEV_CONTINUOUS_LINEAGE_AND_ANNUAL_RISK_DAILY_PRICE_RISK,472687826BE78705EFFB28B99FADC46EC6C21261358A5446D9CFAF4D4496057E,LOCKED_SOURCE_NATIVE_DAILY_PRICE_RISK_VALUE
2020-03-20,2265.5,0.5112395061191304,72.38831881955562,LOCAL_MACHINERY_DEV_CONTINUOUS_LINEAGE_AND_ANNUAL_RISK_DAILY_PRICE_RISK,472687826BE78705EFFB28B99FADC46EC6C21261358A5446D9CFAF4D4496057E,LOCKED_SOURCE_NATIVE_DAILY_PRICE_RISK_VALUE
2020-03-22,2190.5,0.507758392310861,69.51529739730881,LOCAL_MACHINERY_DEV_CONTINUOUS_LINEAGE_AND_ANNUAL_RISK_DAILY_PRICE_RISK,472687826BE78705EFFB28B99FADC46EC6C21261358A5446D9CFAF4D4496057E,LOCKED_SOURCE_NATIVE_DAILY_PRICE_RISK_VALUE
2020-03-23,2253.25,0.501961052125247,70.6902337938258,LOCAL_MACHINERY_DEV_CONTINUOUS_LINEAGE_AND_ANNUAL_RISK_DAILY_PRICE_RISK,472687826BE78705EFFB28B99FADC46EC6C21261358A5446D9CFAF4D4496057E,LOCKED_SOURCE_NATIVE_DAILY_PRICE_RISK_VALUE
2020-03-24,2421.75,0.5399409833018504,81.7251297694535,LOCAL_MACHINERY_DEV_CONTINUOUS_LINEAGE_AND_ANNUAL_RISK_DAILY_PRICE_RISK,472687826BE78705EFFB28B99FADC46EC6C21261358A5446D9CFAF4D4496057E,LOCKED_SOURCE_NATIVE_DAILY_PRICE_RISK_VALUE
2020-03-25,2468.75,0.5288547511983974,81.60063543881523,LOCAL_MACHINERY_DEV_CONTINUOUS_LINEAGE_AND_ANNUAL_RISK_DAILY_PRICE_RISK,472687826BE78705EFFB28B99FADC46EC6C21261358A5446D9CFAF4D4496057E,LOCKED_SOURCE_NATIVE_DAILY_PRICE_RISK_VALUE
2020-03-26,2629.25,0.5522753633969093,90.75437495070774,LOCAL_MACHINERY_DEV_CONTINUOUS_LINEAGE_AND_ANNUAL_RISK_DAILY_PRICE_RISK,472687826BE78705EFFB28B99FADC46EC6C21261358A5446D9CFAF4D4496057E,LOCKED_SOURCE_NATIVE_DAILY_PRICE_RISK_VALUE
2020-03-27,2519.0,0.5525082341313923,86.98551511106108,LOCAL_MACHINERY_DEV_CONTINUOUS_LINEAGE_AND_ANNUAL_RISK_DAILY_PRICE_RISK,472687826BE78705EFFB28B99FADC46EC6C21261358A5446D9CFAF4D4496057E,LOCKED_SOURCE_NATIVE_DAILY_PRICE_RISK_VALUE
2020-03-29,2487.25,0.5394420062331037,83.85794562520545,LOCAL_MACHINERY_DEV_CONTINUOUS_LINEAGE_AND_ANNUAL_RISK_DAILY_PRICE_RISK,472687826BE78705EFFB28B99FADC46EC6C21261358A5446D9CFAF4D4496057E,LOCKED_SOURCE_NATIVE_DAILY_PRICE_RISK_VALUE
2020-03-30,2616.5,0.5506067826341654,90.04141542264337,LOCAL_MACHINERY_DEV_CONTINUOUS_LINEAGE_AND_ANNUAL_RISK_DAILY_PRICE_RISK,472687826BE78705EFFB28B99FADC46EC6C21261358A5446D9CFAF4D4496057E,LOCKED_SOURCE_NATIVE_DAILY_PRICE_RISK_VALUE
2020-03-31,2539.0,0.5420562162055175,86.01754580911306,LOCAL_MACHINERY_DEV_CONTINUOUS_LINEAGE_AND_ANNUAL_RISK_DAILY_PRICE_RISK,472687826BE78705EFFB28B99FADC46EC6C21261358A5446D9CFAF4D4496057E,LOCKED_SOURCE_NATIVE_DAILY_PRICE_RISK_VALUE
2020-04-01,2470.75,0.5362949061901424,82.8156649668309,LOCAL_MACHINERY_DEV_CONTINUOUS_LINEAGE_AND_ANNUAL_RISK_DAILY_PRICE_RISK,472687826BE78705EFFB28B99FADC46EC6C21261358A5446D9CFAF4D4496057E,LOCKED_SOURCE_NATIVE_DAILY_PRICE_RISK_VALUE
2020-04-02,2504.5,0.5270554883782965,82.50065441521522,LOCAL_MACHINERY_DEV_CONTINUOUS_LINEAGE_AND_ANNUAL_RISK_DAILY_PRICE_RISK,472687826BE78705EFFB28B99FADC46EC6C21261358A5446D9CFAF4D4496057E,LOCKED_SOURCE_NATIVE_DAILY_PRICE_RISK_VALUE
2020-04-03,2479.5,0.5223720301025603,80.95134053995613,LOCAL_MACHINERY_DEV_CONTINUOUS_LINEAGE_AND_ANNUAL_RISK_DAILY_PRICE_RISK,472687826BE78705EFFB28B99FADC46EC6C21261358A5446D9CFAF4D4496057E,LOCKED_SOURCE_NATIVE_DAILY_PRICE_RISK_VALUE
2020-04-05,2518.5,0.500686659986342,78.81120957347514,LOCAL_MACHINERY_DEV_CONTINUOUS_LINEAGE_AND_ANNUAL_RISK_DAILY_PRICE_RISK,472687826BE78705EFFB28B99FADC46EC6C21261358A5446D9CFAF4D4496057E,LOCKED_SOURCE_NATIVE_DAILY_PRICE_RISK_VALUE
