row_id,provider_symbol,local_contract,timestamp_utc,completed_trading_date,open,high,low,close,volume,trading_hours_template,helper_timestamp_policy
APPENDIX_C_174_006,MES,MES 06-26,2025-05-30T21:00:00Z,2025-05-30,6131.5,6151.25,6071.5,6134.5,1403817,CME US Index Futures ETH,HELPER_RAW_OUTPUT_WITH_TEMPLATE_DERIVED_UTC_SESSION_END_TIMESTAMPS_NOT_PROVIDER_VERBATIM_TIME0
APPENDIX_C_174_006,MES,MES 06-26,2025-06-02T21:00:00Z,2025-06-02,6117,6174,6086,6165.75,957430,CME US Index Futures ETH,HELPER_RAW_OUTPUT_WITH_TEMPLATE_DERIVED_UTC_SESSION_END_TIMESTAMPS_NOT_PROVIDER_VERBATIM_TIME0
APPENDIX_C_174_006,MES,MES 06-26,2025-06-03T21:00:00Z,2025-06-03,6167.75,6209.75,6127.5,6200,902121,CME US Index Futures ETH,HELPER_RAW_OUTPUT_WITH_TEMPLATE_DERIVED_UTC_SESSION_END_TIMESTAMPS_NOT_PROVIDER_VERBATIM_TIME0
APPENDIX_C_174_006,MES,MES 06-26,2025-06-04T21:00:00Z,2025-06-04,6198.5,6217.5,6192.5,6199.5,873952,CME US Index Futures ETH,HELPER_RAW_OUTPUT_WITH_TEMPLATE_DERIVED_UTC_SESSION_END_TIMESTAMPS_NOT_PROVIDER_VERBATIM_TIME0
APPENDIX_C_174_006,MES,MES 06-26,2025-06-05T21:00:00Z,2025-06-05,6195,6234.5,6147.25,6164.5,1607508,CME US Index Futures ETH,HELPER_RAW_OUTPUT_WITH_TEMPLATE_DERIVED_UTC_SESSION_END_TIMESTAMPS_NOT_PROVIDER_VERBATIM_TIME0
APPENDIX_C_174_006,MES,MES 06-26,2025-06-06T21:00:00Z,2025-06-06,6152.5,6243.5,6148.5,6225.25,1065518,CME US Index Futures ETH,HELPER_RAW_OUTPUT_WITH_TEMPLATE_DERIVED_UTC_SESSION_END_TIMESTAMPS_NOT_PROVIDER_VERBATIM_TIME0
APPENDIX_C_174_006,MES,MES 06-26,2025-06-09T21:00:00Z,2025-06-09,6219,6246.25,6210.75,6228.75,829024,CME US Index Futures ETH,HELPER_RAW_OUTPUT_WITH_TEMPLATE_DERIVED_UTC_SESSION_END_TIMESTAMPS_NOT_PROVIDER_VERBATIM_TIME0
APPENDIX_C_174_006,MES,MES 06-26,2025-06-10T21:00:00Z,2025-06-10,6232,6267.75,6209.5,6263.5,1028132,CME US Index Futures ETH,HELPER_RAW_OUTPUT_WITH_TEMPLATE_DERIVED_UTC_SESSION_END_TIMESTAMPS_NOT_PROVIDER_VERBATIM_TIME0
APPENDIX_C_174_006,MES,MES 06-26,2025-06-11T21:00:00Z,2025-06-11,6257.75,6293.25,6224.75,6247.5,1418642,CME US Index Futures ETH,HELPER_RAW_OUTPUT_WITH_TEMPLATE_DERIVED_UTC_SESSION_END_TIMESTAMPS_NOT_PROVIDER_VERBATIM_TIME0
APPENDIX_C_174_006,MES,MES 06-26,2025-06-12T21:00:00Z,2025-06-12,6246.5,6269.5,6200.25,6268,1183060,CME US Index Futures ETH,HELPER_RAW_OUTPUT_WITH_TEMPLATE_DERIVED_UTC_SESSION_END_TIMESTAMPS_NOT_PROVIDER_VERBATIM_TIME0
APPENDIX_C_174_006,MES,MES 06-26,2025-06-13T21:00:00Z,2025-06-13,6262,6262.75,6143.5,6197.75,1422215,CME US Index Futures ETH,HELPER_RAW_OUTPUT_WITH_TEMPLATE_DERIVED_UTC_SESSION_END_TIMESTAMPS_NOT_PROVIDER_VERBATIM_TIME0
APPENDIX_C_174_006,MES,MES 06-26,2025-06-16T21:00:00Z,2025-06-16,6168,6274.25,6161.75,6255.5,662724,CME US Index Futures ETH,HELPER_RAW_OUTPUT_WITH_TEMPLATE_DERIVED_UTC_SESSION_END_TIMESTAMPS_NOT_PROVIDER_VERBATIM_TIME0
APPENDIX_C_174_006,MES,MES 06-26,2025-06-17T21:00:00Z,2025-06-17,6258.5,6259.75,6195.75,6204.25,1034484,CME US Index Futures ETH,HELPER_RAW_OUTPUT_WITH_TEMPLATE_DERIVED_UTC_SESSION_END_TIMESTAMPS_NOT_PROVIDER_VERBATIM_TIME0
APPENDIX_C_174_006,MES,MES 06-26,2025-06-18T21:00:00Z,2025-06-18,6201.25,6239.5,6183.25,6200,999774,CME US Index Futures ETH,HELPER_RAW_OUTPUT_WITH_TEMPLATE_DERIVED_UTC_SESSION_END_TIMESTAMPS_NOT_PROVIDER_VERBATIM_TIME0
APPENDIX_C_174_006,MES,MES 06-26,2025-06-19T21:00:00Z,2025-06-19,6202.75,6203.75,6133.75,6143.75,282576,CME US Index Futures ETH,HELPER_RAW_OUTPUT_WITH_TEMPLATE_DERIVED_UTC_SESSION_END_TIMESTAMPS_NOT_PROVIDER_VERBATIM_TIME0
APPENDIX_C_174_006,MES,MES 06-26,2025-06-20T21:00:00Z,2025-06-20,6154.5,6236.75,6153.25,6183.75,1160559,CME US Index Futures ETH,HELPER_RAW_OUTPUT_WITH_TEMPLATE_DERIVED_UTC_SESSION_END_TIMESTAMPS_NOT_PROVIDER_VERBATIM_TIME0
APPENDIX_C_174_006,MES,MES 06-26,2025-06-23T21:00:00Z,2025-06-23,6130,6247.25,6114.75,6242.75,1227740,CME US Index Futures ETH,HELPER_RAW_OUTPUT_WITH_TEMPLATE_DERIVED_UTC_SESSION_END_TIMESTAMPS_NOT_PROVIDER_VERBATIM_TIME0
APPENDIX_C_174_006,MES,MES 06-26,2025-06-24T21:00:00Z,2025-06-24,6243.5,6321,6241,6312,857051,CME US Index Futures ETH,HELPER_RAW_OUTPUT_WITH_TEMPLATE_DERIVED_UTC_SESSION_END_TIMESTAMPS_NOT_PROVIDER_VERBATIM_TIME0
APPENDIX_C_174_006,MES,MES 06-26,2025-06-25T21:00:00Z,2025-06-25,6309.5,6326,6296.5,6312.75,733651,CME US Index Futures ETH,HELPER_RAW_OUTPUT_WITH_TEMPLATE_DERIVED_UTC_SESSION_END_TIMESTAMPS_NOT_PROVIDER_VERBATIM_TIME0
APPENDIX_C_174_006,MES,MES 06-26,2025-06-26T21:00:00Z,2025-06-26,6310.25,6365.75,6307,6360.75,703871,CME US Index Futures ETH,HELPER_RAW_OUTPUT_WITH_TEMPLATE_DERIVED_UTC_SESSION_END_TIMESTAMPS_NOT_PROVIDER_VERBATIM_TIME0
APPENDIX_C_174_006,MES,MES 06-26,2025-06-27T21:00:00Z,2025-06-27,6364.75,6404.75,6349.25,6389.5,944538,CME US Index Futures ETH,HELPER_RAW_OUTPUT_WITH_TEMPLATE_DERIVED_UTC_SESSION_END_TIMESTAMPS_NOT_PROVIDER_VERBATIM_TIME0
APPENDIX_C_174_006,MES,MES 06-26,2025-06-30T21:00:00Z,2025-06-30,6389,6431.25,6389,6419.5,960379,CME US Index Futures ETH,HELPER_RAW_OUTPUT_WITH_TEMPLATE_DERIVED_UTC_SESSION_END_TIMESTAMPS_NOT_PROVIDER_VERBATIM_TIME0
APPENDIX_C_174_006,MES,MES 06-26,2025-07-01T21:00:00Z,2025-07-01,6411.25,6427.25,6393,6414.5,981328,CME US Index Futures ETH,HELPER_RAW_OUTPUT_WITH_TEMPLATE_DERIVED_UTC_SESSION_END_TIMESTAMPS_NOT_PROVIDER_VERBATIM_TIME0
APPENDIX_C_174_006,MES,MES 06-26,2025-07-02T21:00:00Z,2025-07-02,6414,6445,6401.25,6440.75,725798,CME US Index Futures ETH,HELPER_RAW_OUTPUT_WITH_TEMPLATE_DERIVED_UTC_SESSION_END_TIMESTAMPS_NOT_PROVIDER_VERBATIM_TIME0
APPENDIX_C_174_006,MES,MES 06-26,2025-07-03T21:00:00Z,2025-07-03,6442.5,6499.25,6436,6490,498385,CME US Index Futures ETH,HELPER_RAW_OUTPUT_WITH_TEMPLATE_DERIVED_UTC_SESSION_END_TIMESTAMPS_NOT_PROVIDER_VERBATIM_TIME0
APPENDIX_C_174_006,MES,MES 06-26,2025-07-04T21:00:00Z,2025-07-04,6487.75,6489.25,6441.75,6449.25,139510,CME US Index Futures ETH,HELPER_RAW_OUTPUT_WITH_TEMPLATE_DERIVED_UTC_SESSION_END_TIMESTAMPS_NOT_PROVIDER_VERBATIM_TIME0
APPENDIX_C_174_006,MES,MES 06-26,2025-07-07T21:00:00Z,2025-07-07,6473,6481,6412,6441.75,1109109,CME US Index Futures ETH,HELPER_RAW_OUTPUT_WITH_TEMPLATE_DERIVED_UTC_SESSION_END_TIMESTAMPS_NOT_PROVIDER_VERBATIM_TIME0
APPENDIX_C_174_006,MES,MES 06-26,2025-07-08T21:00:00Z,2025-07-08,6429.25,6455,6420.25,6437.75,906857,CME US Index Futures ETH,HELPER_RAW_OUTPUT_WITH_TEMPLATE_DERIVED_UTC_SESSION_END_TIMESTAMPS_NOT_PROVIDER_VERBATIM_TIME0
APPENDIX_C_174_006,MES,MES 06-26,2025-07-09T21:00:00Z,2025-07-09,6437.5,6481,6425.5,6473,957370,CME US Index Futures ETH,HELPER_RAW_OUTPUT_WITH_TEMPLATE_DERIVED_UTC_SESSION_END_TIMESTAMPS_NOT_PROVIDER_VERBATIM_TIME0
APPENDIX_C_174_006,MES,MES 06-26,2025-07-10T21:00:00Z,2025-07-10,6472.25,6501.25,6453.25,6490,804908,CME US Index Futures ETH,HELPER_RAW_OUTPUT_WITH_TEMPLATE_DERIVED_UTC_SESSION_END_TIMESTAMPS_NOT_PROVIDER_VERBATIM_TIME0
APPENDIX_C_174_006,MES,MES 06-26,2025-07-11T21:00:00Z,2025-07-11,6488.25,6496.25,6442.25,6465.75,931878,CME US Index Futures ETH,HELPER_RAW_OUTPUT_WITH_TEMPLATE_DERIVED_UTC_SESSION_END_TIMESTAMPS_NOT_PROVIDER_VERBATIM_TIME0
APPENDIX_C_174_006,MES,MES 06-26,2025-07-14T21:00:00Z,2025-07-14,6440,6480.75,6424,6476.75,750090,CME US Index Futures ETH,HELPER_RAW_OUTPUT_WITH_TEMPLATE_DERIVED_UTC_SESSION_END_TIMESTAMPS_NOT_PROVIDER_VERBATIM_TIME0
APPENDIX_C_174_006,MES,MES 06-26,2025-07-15T21:00:00Z,2025-07-15,6474.75,6514.75,6438.25,6449.75,1096321,CME US Index Futures ETH,HELPER_RAW_OUTPUT_WITH_TEMPLATE_DERIVED_UTC_SESSION_END_TIMESTAMPS_NOT_PROVIDER_VERBATIM_TIME0
APPENDIX_C_174_006,MES,MES 06-26,2025-07-16T21:00:00Z,2025-07-16,6439.5,6474.25,6406.5,6469,1245142,CME US Index Futures ETH,HELPER_RAW_OUTPUT_WITH_TEMPLATE_DERIVED_UTC_SESSION_END_TIMESTAMPS_NOT_PROVIDER_VERBATIM_TIME0
APPENDIX_C_174_006,MES,MES 06-26,2025-07-17T21:00:00Z,2025-07-17,6465.25,6511.25,6454,6506.25,775695,CME US Index Futures ETH,HELPER_RAW_OUTPUT_WITH_TEMPLATE_DERIVED_UTC_SESSION_END_TIMESTAMPS_NOT_PROVIDER_VERBATIM_TIME0
APPENDIX_C_174_006,MES,MES 06-26,2025-07-18T21:00:00Z,2025-07-18,6508,6522.75,6487.75,6500.5,758818,CME US Index Futures ETH,HELPER_RAW_OUTPUT_WITH_TEMPLATE_DERIVED_UTC_SESSION_END_TIMESTAMPS_NOT_PROVIDER_VERBATIM_TIME0
APPENDIX_C_174_006,MES,MES 06-26,2025-07-21T21:00:00Z,2025-07-21,6501.25,6539.75,6495.5,6510.5,722864,CME US Index Futures ETH,HELPER_RAW_OUTPUT_WITH_TEMPLATE_DERIVED_UTC_SESSION_END_TIMESTAMPS_NOT_PROVIDER_VERBATIM_TIME0
APPENDIX_C_174_006,MES,MES 06-26,2025-07-22T21:00:00Z,2025-07-22,6513.5,6519.5,6484.25,6512.5,871871,CME US Index Futures ETH,HELPER_RAW_OUTPUT_WITH_TEMPLATE_DERIVED_UTC_SESSION_END_TIMESTAMPS_NOT_PROVIDER_VERBATIM_TIME0
APPENDIX_C_174_006,MES,MES 06-26,2025-07-23T21:00:00Z,2025-07-23,6512.75,6573.25,6508.25,6562,909827,CME US Index Futures ETH,HELPER_RAW_OUTPUT_WITH_TEMPLATE_DERIVED_UTC_SESSION_END_TIMESTAMPS_NOT_PROVIDER_VERBATIM_TIME0
APPENDIX_C_174_006,MES,MES 06-26,2025-07-24T21:00:00Z,2025-07-24,6570.5,6584,6557,6567.25,743340,CME US Index Futures ETH,HELPER_RAW_OUTPUT_WITH_TEMPLATE_DERIVED_UTC_SESSION_END_TIMESTAMPS_NOT_PROVIDER_VERBATIM_TIME0
APPENDIX_C_174_006,MES,MES 06-26,2025-07-25T21:00:00Z,2025-07-25,6572.25,6596.75,6567,6590.75,604673,CME US Index Futures ETH,HELPER_RAW_OUTPUT_WITH_TEMPLATE_DERIVED_UTC_SESSION_END_TIMESTAMPS_NOT_PROVIDER_VERBATIM_TIME0
APPENDIX_C_174_006,MES,MES 06-26,2025-07-28T21:00:00Z,2025-07-28,6612.75,6623.5,6574.75,6588.5,746793,CME US Index Futures ETH,HELPER_RAW_OUTPUT_WITH_TEMPLATE_DERIVED_UTC_SESSION_END_TIMESTAMPS_NOT_PROVIDER_VERBATIM_TIME0
APPENDIX_C_174_006,MES,MES 06-26,2025-07-29T21:00:00Z,2025-07-29,6590.25,6608.25,6562,6571.75,803495,CME US Index Futures ETH,HELPER_RAW_OUTPUT_WITH_TEMPLATE_DERIVED_UTC_SESSION_END_TIMESTAMPS_NOT_PROVIDER_VERBATIM_TIME0
APPENDIX_C_174_006,MES,MES 06-26,2025-07-30T21:00:00Z,2025-07-30,6570,6601,6532.5,6562,854155,CME US Index Futures ETH,HELPER_RAW_OUTPUT_WITH_TEMPLATE_DERIVED_UTC_SESSION_END_TIMESTAMPS_NOT_PROVIDER_VERBATIM_TIME0
APPENDIX_C_174_006,MES,MES 06-26,2025-07-31T21:00:00Z,2025-07-31,6600.75,6634.25,6524,6540,1485681,CME US Index Futures ETH,HELPER_RAW_OUTPUT_WITH_TEMPLATE_DERIVED_UTC_SESSION_END_TIMESTAMPS_NOT_PROVIDER_VERBATIM_TIME0
APPENDIX_C_174_006,MES,MES 06-26,2025-08-01T21:00:00Z,2025-08-01,6527.25,6538.75,6405.25,6430.25,1798520,CME US Index Futures ETH,HELPER_RAW_OUTPUT_WITH_TEMPLATE_DERIVED_UTC_SESSION_END_TIMESTAMPS_NOT_PROVIDER_VERBATIM_TIME0
APPENDIX_C_174_006,MES,MES 06-26,2025-08-04T21:00:00Z,2025-08-04,6422.5,6536,6417,6521.75,951117,CME US Index Futures ETH,HELPER_RAW_OUTPUT_WITH_TEMPLATE_DERIVED_UTC_SESSION_END_TIMESTAMPS_NOT_PROVIDER_VERBATIM_TIME0
APPENDIX_C_174_006,MES,MES 06-26,2025-08-05T21:00:00Z,2025-08-05,6535.25,6543.25,6481.5,6491,1217491,CME US Index Futures ETH,HELPER_RAW_OUTPUT_WITH_TEMPLATE_DERIVED_UTC_SESSION_END_TIMESTAMPS_NOT_PROVIDER_VERBATIM_TIME0
APPENDIX_C_174_006,MES,MES 06-26,2025-08-06T21:00:00Z,2025-08-06,6489.25,6545.25,6478.75,6536.75,1045368,CME US Index Futures ETH,HELPER_RAW_OUTPUT_WITH_TEMPLATE_DERIVED_UTC_SESSION_END_TIMESTAMPS_NOT_PROVIDER_VERBATIM_TIME0
APPENDIX_C_174_006,MES,MES 06-26,2025-08-07T21:00:00Z,2025-08-07,6536.5,6592.5,6500,6532.25,1328625,CME US Index Futures ETH,HELPER_RAW_OUTPUT_WITH_TEMPLATE_DERIVED_UTC_SESSION_END_TIMESTAMPS_NOT_PROVIDER_VERBATIM_TIME0
APPENDIX_C_174_006,MES,MES 06-26,2025-08-08T21:00:00Z,2025-08-08,6539,6591.5,6534.75,6579.25,872305,CME US Index Futures ETH,HELPER_RAW_OUTPUT_WITH_TEMPLATE_DERIVED_UTC_SESSION_END_TIMESTAMPS_NOT_PROVIDER_VERBATIM_TIME0
APPENDIX_C_174_006,MES,MES 06-26,2025-08-11T21:00:00Z,2025-08-11,6590.25,6597,6553.5,6565.5,778050,CME US Index Futures ETH,HELPER_RAW_OUTPUT_WITH_TEMPLATE_DERIVED_UTC_SESSION_END_TIMESTAMPS_NOT_PROVIDER_VERBATIM_TIME0
APPENDIX_C_174_006,MES,MES 06-26,2025-08-12T21:00:00Z,2025-08-12,6563.75,6636,6557,6634.25,876740,CME US Index Futures ETH,HELPER_RAW_OUTPUT_WITH_TEMPLATE_DERIVED_UTC_SESSION_END_TIMESTAMPS_NOT_PROVIDER_VERBATIM_TIME0
APPENDIX_C_174_006,MES,MES 06-26,2025-08-13T21:00:00Z,2025-08-13,6634.25,6668.25,6626.75,6654.5,800945,CME US Index Futures ETH,HELPER_RAW_OUTPUT_WITH_TEMPLATE_DERIVED_UTC_SESSION_END_TIMESTAMPS_NOT_PROVIDER_VERBATIM_TIME0
APPENDIX_C_174_006,MES,MES 06-26,2025-08-14T21:00:00Z,2025-08-14,6651.75,6662,6618.75,6656.25,879330,CME US Index Futures ETH,HELPER_RAW_OUTPUT_WITH_TEMPLATE_DERIVED_UTC_SESSION_END_TIMESTAMPS_NOT_PROVIDER_VERBATIM_TIME0
APPENDIX_C_174_006,MES,MES 06-26,2025-08-15T21:00:00Z,2025-08-15,6654.25,6674.75,6627.25,6637.25,801731,CME US Index Futures ETH,HELPER_RAW_OUTPUT_WITH_TEMPLATE_DERIVED_UTC_SESSION_END_TIMESTAMPS_NOT_PROVIDER_VERBATIM_TIME0
APPENDIX_C_174_006,MES,MES 06-26,2025-08-18T21:00:00Z,2025-08-18,6632.75,6650.25,6621.5,6635,661136,CME US Index Futures ETH,HELPER_RAW_OUTPUT_WITH_TEMPLATE_DERIVED_UTC_SESSION_END_TIMESTAMPS_NOT_PROVIDER_VERBATIM_TIME0
APPENDIX_C_174_006,MES,MES 06-26,2025-08-19T21:00:00Z,2025-08-19,6633.75,6643.25,6585,6598.25,916407,CME US Index Futures ETH,HELPER_RAW_OUTPUT_WITH_TEMPLATE_DERIVED_UTC_SESSION_END_TIMESTAMPS_NOT_PROVIDER_VERBATIM_TIME0
APPENDIX_C_174_006,MES,MES 06-26,2025-08-20T21:00:00Z,2025-08-20,6599.75,6603.5,6528.5,6579,1335684,CME US Index Futures ETH,HELPER_RAW_OUTPUT_WITH_TEMPLATE_DERIVED_UTC_SESSION_END_TIMESTAMPS_NOT_PROVIDER_VERBATIM_TIME0
APPENDIX_C_174_006,MES,MES 06-26,2025-08-21T21:00:00Z,2025-08-21,6580.25,6584.75,6536,6554,1017785,CME US Index Futures ETH,HELPER_RAW_OUTPUT_WITH_TEMPLATE_DERIVED_UTC_SESSION_END_TIMESTAMPS_NOT_PROVIDER_VERBATIM_TIME0
APPENDIX_C_174_006,MES,MES 06-26,2025-08-22T21:00:00Z,2025-08-22,6558.25,6662,6529.5,6649,948977,CME US Index Futures ETH,HELPER_RAW_OUTPUT_WITH_TEMPLATE_DERIVED_UTC_SESSION_END_TIMESTAMPS_NOT_PROVIDER_VERBATIM_TIME0
APPENDIX_C_174_006,MES,MES 06-26,2025-08-25T21:00:00Z,2025-08-25,6658.75,6659.25,6618.75,6621.25,622405,CME US Index Futures ETH,HELPER_RAW_OUTPUT_WITH_TEMPLATE_DERIVED_UTC_SESSION_END_TIMESTAMPS_NOT_PROVIDER_VERBATIM_TIME0
APPENDIX_C_174_006,MES,MES 06-26,2025-08-26T21:00:00Z,2025-08-26,6627,6653.25,6596.25,6648.25,768997,CME US Index Futures ETH,HELPER_RAW_OUTPUT_WITH_TEMPLATE_DERIVED_UTC_SESSION_END_TIMESTAMPS_NOT_PROVIDER_VERBATIM_TIME0
APPENDIX_C_174_006,MES,MES 06-26,2025-08-27T21:00:00Z,2025-08-27,6652.5,6672.75,6624.75,6661.75,660772,CME US Index Futures ETH,HELPER_RAW_OUTPUT_WITH_TEMPLATE_DERIVED_UTC_SESSION_END_TIMESTAMPS_NOT_PROVIDER_VERBATIM_TIME0
APPENDIX_C_174_006,MES,MES 06-26,2025-08-28T21:00:00Z,2025-08-28,6650.75,6688.75,6636.75,6683.25,767813,CME US Index Futures ETH,HELPER_RAW_OUTPUT_WITH_TEMPLATE_DERIVED_UTC_SESSION_END_TIMESTAMPS_NOT_PROVIDER_VERBATIM_TIME0
APPENDIX_C_174_006,MES,MES 06-26,2025-08-29T21:00:00Z,2025-08-29,6682.25,6683.75,6621,6639.5,850988,CME US Index Futures ETH,HELPER_RAW_OUTPUT_WITH_TEMPLATE_DERIVED_UTC_SESSION_END_TIMESTAMPS_NOT_PROVIDER_VERBATIM_TIME0
APPENDIX_C_174_006,MES,MES 06-26,2025-09-01T21:00:00Z,2025-09-01,6645,6657.25,6625,6648.75,153927,CME US Index Futures ETH,HELPER_RAW_OUTPUT_WITH_TEMPLATE_DERIVED_UTC_SESSION_END_TIMESTAMPS_NOT_PROVIDER_VERBATIM_TIME0
APPENDIX_C_174_006,MES,MES 06-26,2025-09-02T21:00:00Z,2025-09-02,6645.75,6648.75,6537.25,6591.25,1173876,CME US Index Futures ETH,HELPER_RAW_OUTPUT_WITH_TEMPLATE_DERIVED_UTC_SESSION_END_TIMESTAMPS_NOT_PROVIDER_VERBATIM_TIME0
APPENDIX_C_174_006,MES,MES 06-26,2025-09-03T21:00:00Z,2025-09-03,6614.75,6630.25,6591.25,6623,925015,CME US Index Futures ETH,HELPER_RAW_OUTPUT_WITH_TEMPLATE_DERIVED_UTC_SESSION_END_TIMESTAMPS_NOT_PROVIDER_VERBATIM_TIME0
APPENDIX_C_174_006,MES,MES 06-26,2025-09-04T21:00:00Z,2025-09-04,6626,6682.5,6620.25,6676.5,851648,CME US Index Futures ETH,HELPER_RAW_OUTPUT_WITH_TEMPLATE_DERIVED_UTC_SESSION_END_TIMESTAMPS_NOT_PROVIDER_VERBATIM_TIME0
APPENDIX_C_174_006,MES,MES 06-26,2025-09-05T21:00:00Z,2025-09-05,6680,6707.5,6617.75,6655.5,1349432,CME US Index Futures ETH,HELPER_RAW_OUTPUT_WITH_TEMPLATE_DERIVED_UTC_SESSION_END_TIMESTAMPS_NOT_PROVIDER_VERBATIM_TIME0
APPENDIX_C_174_006,MES,MES 06-26,2025-09-08T21:00:00Z,2025-09-08,6649.75,6682.25,6645.75,6671.75,829956,CME US Index Futures ETH,HELPER_RAW_OUTPUT_WITH_TEMPLATE_DERIVED_UTC_SESSION_END_TIMESTAMPS_NOT_PROVIDER_VERBATIM_TIME0
APPENDIX_C_174_006,MES,MES 06-26,2025-09-09T21:00:00Z,2025-09-09,6673.75,6702,6654.5,6687.5,858207,CME US Index Futures ETH,HELPER_RAW_OUTPUT_WITH_TEMPLATE_DERIVED_UTC_SESSION_END_TIMESTAMPS_NOT_PROVIDER_VERBATIM_TIME0
APPENDIX_C_174_006,MES,MES 06-26,2025-09-10T21:00:00Z,2025-09-10,6698.75,6730.75,6688.25,6705.5,963921,CME US Index Futures ETH,HELPER_RAW_OUTPUT_WITH_TEMPLATE_DERIVED_UTC_SESSION_END_TIMESTAMPS_NOT_PROVIDER_VERBATIM_TIME0
APPENDIX_C_174_006,MES,MES 06-26,2025-09-11T21:00:00Z,2025-09-11,6702.5,6765.75,6701,6758.25,947834,CME US Index Futures ETH,HELPER_RAW_OUTPUT_WITH_TEMPLATE_DERIVED_UTC_SESSION_END_TIMESTAMPS_NOT_PROVIDER_VERBATIM_TIME0
APPENDIX_C_174_006,MES,MES 06-26,2025-09-12T21:00:00Z,2025-09-12,6760.5,6771.5,6741.75,6754,785035,CME US Index Futures ETH,HELPER_RAW_OUTPUT_WITH_TEMPLATE_DERIVED_UTC_SESSION_END_TIMESTAMPS_NOT_PROVIDER_VERBATIM_TIME0
APPENDIX_C_174_006,MES,MES 06-26,2025-09-15T21:00:00Z,2025-09-15,6754.25,6790.25,6750.5,6788.25,524114,CME US Index Futures ETH,HELPER_RAW_OUTPUT_WITH_TEMPLATE_DERIVED_UTC_SESSION_END_TIMESTAMPS_NOT_PROVIDER_VERBATIM_TIME0
APPENDIX_C_174_006,MES,MES 06-26,2025-09-16T21:00:00Z,2025-09-16,6783.5,6806,6770.5,6776.5,649522,CME US Index Futures ETH,HELPER_RAW_OUTPUT_WITH_TEMPLATE_DERIVED_UTC_SESSION_END_TIMESTAMPS_NOT_PROVIDER_VERBATIM_TIME0
APPENDIX_C_174_006,MES,MES 06-26,2025-09-17T21:00:00Z,2025-09-17,6778.75,6795.75,6720,6767.75,1099110,CME US Index Futures ETH,HELPER_RAW_OUTPUT_WITH_TEMPLATE_DERIVED_UTC_SESSION_END_TIMESTAMPS_NOT_PROVIDER_VERBATIM_TIME0
APPENDIX_C_174_006,MES,MES 06-26,2025-09-18T21:00:00Z,2025-09-18,6774.75,6828.75,6773,6802.5,1135465,CME US Index Futures ETH,HELPER_RAW_OUTPUT_WITH_TEMPLATE_DERIVED_UTC_SESSION_END_TIMESTAMPS_NOT_PROVIDER_VERBATIM_TIME0
APPENDIX_C_174_006,MES,MES 06-26,2025-09-19T21:00:00Z,2025-09-19,6808,6840.5,6788.5,6831.5,783462,CME US Index Futures ETH,HELPER_RAW_OUTPUT_WITH_TEMPLATE_DERIVED_UTC_SESSION_END_TIMESTAMPS_NOT_PROVIDER_VERBATIM_TIME0
APPENDIX_C_174_006,MES,MES 06-26,2025-09-22T21:00:00Z,2025-09-22,6825.25,6865.75,6804,6861.5,751771,CME US Index Futures ETH,HELPER_RAW_OUTPUT_WITH_TEMPLATE_DERIVED_UTC_SESSION_END_TIMESTAMPS_NOT_PROVIDER_VERBATIM_TIME0
APPENDIX_C_174_006,MES,MES 06-26,2025-09-23T21:00:00Z,2025-09-23,6859,6865.5,6810.5,6824,947310,CME US Index Futures ETH,HELPER_RAW_OUTPUT_WITH_TEMPLATE_DERIVED_UTC_SESSION_END_TIMESTAMPS_NOT_PROVIDER_VERBATIM_TIME0
APPENDIX_C_174_006,MES,MES 06-26,2025-09-24T21:00:00Z,2025-09-24,6825.75,6837.5,6787,6801.25,950584,CME US Index Futures ETH,HELPER_RAW_OUTPUT_WITH_TEMPLATE_DERIVED_UTC_SESSION_END_TIMESTAMPS_NOT_PROVIDER_VERBATIM_TIME0
APPENDIX_C_174_006,MES,MES 06-26,2025-09-25T21:00:00Z,2025-09-25,6806,6814.5,6733.25,6768.75,1283481,CME US Index Futures ETH,HELPER_RAW_OUTPUT_WITH_TEMPLATE_DERIVED_UTC_SESSION_END_TIMESTAMPS_NOT_PROVIDER_VERBATIM_TIME0
APPENDIX_C_174_006,MES,MES 06-26,2025-09-26T21:00:00Z,2025-09-26,6772.75,6812,6762,6805.5,1080227,CME US Index Futures ETH,HELPER_RAW_OUTPUT_WITH_TEMPLATE_DERIVED_UTC_SESSION_END_TIMESTAMPS_NOT_PROVIDER_VERBATIM_TIME0
APPENDIX_C_174_006,MES,MES 06-26,2025-09-29T21:00:00Z,2025-09-29,6806.25,6845.25,6805.25,6822.5,944822,CME US Index Futures ETH,HELPER_RAW_OUTPUT_WITH_TEMPLATE_DERIVED_UTC_SESSION_END_TIMESTAMPS_NOT_PROVIDER_VERBATIM_TIME0
APPENDIX_C_174_006,MES,MES 06-26,2025-09-30T21:00:00Z,2025-09-30,6817.25,6852.75,6801.75,6847.75,1033137,CME US Index Futures ETH,HELPER_RAW_OUTPUT_WITH_TEMPLATE_DERIVED_UTC_SESSION_END_TIMESTAMPS_NOT_PROVIDER_VERBATIM_TIME0
APPENDIX_C_174_006,MES,MES 06-26,2025-10-01T21:00:00Z,2025-10-01,6834,6878.25,6789,6870.5,913622,CME US Index Futures ETH,HELPER_RAW_OUTPUT_WITH_TEMPLATE_DERIVED_UTC_SESSION_END_TIMESTAMPS_NOT_PROVIDER_VERBATIM_TIME0
APPENDIX_C_174_006,MES,MES 06-26,2025-10-02T21:00:00Z,2025-10-02,6866.25,6891.25,6850.5,6875.75,876119,CME US Index Futures ETH,HELPER_RAW_OUTPUT_WITH_TEMPLATE_DERIVED_UTC_SESSION_END_TIMESTAMPS_NOT_PROVIDER_VERBATIM_TIME0
APPENDIX_C_174_006,MES,MES 06-26,2025-10-03T21:00:00Z,2025-10-03,6873,6909,6863,6873,1011884,CME US Index Futures ETH,HELPER_RAW_OUTPUT_WITH_TEMPLATE_DERIVED_UTC_SESSION_END_TIMESTAMPS_NOT_PROVIDER_VERBATIM_TIME0
APPENDIX_C_174_006,MES,MES 06-26,2025-10-06T21:00:00Z,2025-10-06,6877,6906.5,6875.25,6897.75,815313,CME US Index Futures ETH,HELPER_RAW_OUTPUT_WITH_TEMPLATE_DERIVED_UTC_SESSION_END_TIMESTAMPS_NOT_PROVIDER_VERBATIM_TIME0
APPENDIX_C_174_006,MES,MES 06-26,2025-10-07T21:00:00Z,2025-10-07,6899,6911.75,6856.25,6870.5,1142062,CME US Index Futures ETH,HELPER_RAW_OUTPUT_WITH_TEMPLATE_DERIVED_UTC_SESSION_END_TIMESTAMPS_NOT_PROVIDER_VERBATIM_TIME0
APPENDIX_C_174_006,MES,MES 06-26,2025-10-08T21:00:00Z,2025-10-08,6875,6916.75,6867,6910.25,751294,CME US Index Futures ETH,HELPER_RAW_OUTPUT_WITH_TEMPLATE_DERIVED_UTC_SESSION_END_TIMESTAMPS_NOT_PROVIDER_VERBATIM_TIME0
APPENDIX_C_174_006,MES,MES 06-26,2025-10-09T21:00:00Z,2025-10-09,6912.25,6921.25,6869.75,6888.25,988541,CME US Index Futures ETH,HELPER_RAW_OUTPUT_WITH_TEMPLATE_DERIVED_UTC_SESSION_END_TIMESTAMPS_NOT_PROVIDER_VERBATIM_TIME0
APPENDIX_C_174_006,MES,MES 06-26,2025-10-10T21:00:00Z,2025-10-10,6888.75,6915.5,6649.25,6704.25,1877325,CME US Index Futures ETH,HELPER_RAW_OUTPUT_WITH_TEMPLATE_DERIVED_UTC_SESSION_END_TIMESTAMPS_NOT_PROVIDER_VERBATIM_TIME0
APPENDIX_C_174_006,MES,MES 06-26,2025-10-13T21:00:00Z,2025-10-13,6740.5,6820.5,6739,6803.75,1377599,CME US Index Futures ETH,HELPER_RAW_OUTPUT_WITH_TEMPLATE_DERIVED_UTC_SESSION_END_TIMESTAMPS_NOT_PROVIDER_VERBATIM_TIME0
APPENDIX_C_174_006,MES,MES 06-26,2025-10-14T21:00:00Z,2025-10-14,6799.5,6831.75,6702.5,6795.5,1679138,CME US Index Futures ETH,HELPER_RAW_OUTPUT_WITH_TEMPLATE_DERIVED_UTC_SESSION_END_TIMESTAMPS_NOT_PROVIDER_VERBATIM_TIME0
APPENDIX_C_174_006,MES,MES 06-26,2025-10-15T21:00:00Z,2025-10-15,6793.75,6875.75,6760.5,6824,1669114,CME US Index Futures ETH,HELPER_RAW_OUTPUT_WITH_TEMPLATE_DERIVED_UTC_SESSION_END_TIMESTAMPS_NOT_PROVIDER_VERBATIM_TIME0
APPENDIX_C_174_006,MES,MES 06-26,2025-10-16T21:00:00Z,2025-10-16,6823.5,6859.5,6741,6777.75,2010104,CME US Index Futures ETH,HELPER_RAW_OUTPUT_WITH_TEMPLATE_DERIVED_UTC_SESSION_END_TIMESTAMPS_NOT_PROVIDER_VERBATIM_TIME0
APPENDIX_C_174_006,MES,MES 06-26,2025-10-17T21:00:00Z,2025-10-17,6768.5,6827,6680.25,6811.5,1917812,CME US Index Futures ETH,HELPER_RAW_OUTPUT_WITH_TEMPLATE_DERIVED_UTC_SESSION_END_TIMESTAMPS_NOT_PROVIDER_VERBATIM_TIME0
APPENDIX_C_174_006,MES,MES 06-26,2025-10-20T21:00:00Z,2025-10-20,6829.75,6892.25,6802.75,6882.75,899315,CME US Index Futures ETH,HELPER_RAW_OUTPUT_WITH_TEMPLATE_DERIVED_UTC_SESSION_END_TIMESTAMPS_NOT_PROVIDER_VERBATIM_TIME0
APPENDIX_C_174_006,MES,MES 06-26,2025-10-21T21:00:00Z,2025-10-21,6888,6899,6868,6882.25,991268,CME US Index Futures ETH,HELPER_RAW_OUTPUT_WITH_TEMPLATE_DERIVED_UTC_SESSION_END_TIMESTAMPS_NOT_PROVIDER_VERBATIM_TIME0
APPENDIX_C_174_006,MES,MES 06-26,2025-10-22T21:00:00Z,2025-10-22,6882.25,6897.75,6799.75,6846,1562329,CME US Index Futures ETH,HELPER_RAW_OUTPUT_WITH_TEMPLATE_DERIVED_UTC_SESSION_END_TIMESTAMPS_NOT_PROVIDER_VERBATIM_TIME0
APPENDIX_C_174_006,MES,MES 06-26,2025-10-23T21:00:00Z,2025-10-23,6843,6894.75,6826.25,6884,1053105,CME US Index Futures ETH,HELPER_RAW_OUTPUT_WITH_TEMPLATE_DERIVED_UTC_SESSION_END_TIMESTAMPS_NOT_PROVIDER_VERBATIM_TIME0
APPENDIX_C_174_006,MES,MES 06-26,2025-10-24T21:00:00Z,2025-10-24,6887,6950.75,6885.5,6936,809879,CME US Index Futures ETH,HELPER_RAW_OUTPUT_WITH_TEMPLATE_DERIVED_UTC_SESSION_END_TIMESTAMPS_NOT_PROVIDER_VERBATIM_TIME0
APPENDIX_C_174_006,MES,MES 06-26,2025-10-27T21:00:00Z,2025-10-27,6984,7025.5,6974.75,7017.25,678403,CME US Index Futures ETH,HELPER_RAW_OUTPUT_WITH_TEMPLATE_DERIVED_UTC_SESSION_END_TIMESTAMPS_NOT_PROVIDER_VERBATIM_TIME0
APPENDIX_C_174_006,MES,MES 06-26,2025-10-28T21:00:00Z,2025-10-28,7022.75,7053.75,7010.5,7034.75,771720,CME US Index Futures ETH,HELPER_RAW_OUTPUT_WITH_TEMPLATE_DERIVED_UTC_SESSION_END_TIMESTAMPS_NOT_PROVIDER_VERBATIM_TIME0
APPENDIX_C_174_006,MES,MES 06-26,2025-10-29T21:00:00Z,2025-10-29,7037.75,7061,6991.5,7031.75,936391,CME US Index Futures ETH,HELPER_RAW_OUTPUT_WITH_TEMPLATE_DERIVED_UTC_SESSION_END_TIMESTAMPS_NOT_PROVIDER_VERBATIM_TIME0
APPENDIX_C_174_006,MES,MES 06-26,2025-10-30T21:00:00Z,2025-10-30,7017,7064,6959.75,6964.5,1346274,CME US Index Futures ETH,HELPER_RAW_OUTPUT_WITH_TEMPLATE_DERIVED_UTC_SESSION_END_TIMESTAMPS_NOT_PROVIDER_VERBATIM_TIME0
APPENDIX_C_174_006,MES,MES 06-26,2025-10-31T21:00:00Z,2025-10-31,7005.5,7027.5,6952.5,6983,1189600,CME US Index Futures ETH,HELPER_RAW_OUTPUT_WITH_TEMPLATE_DERIVED_UTC_SESSION_END_TIMESTAMPS_NOT_PROVIDER_VERBATIM_TIME0
APPENDIX_C_174_006,MES,MES 06-26,2025-11-03T22:00:00Z,2025-11-03,6986.5,7018.5,6958.5,6991.75,947184,CME US Index Futures ETH,HELPER_RAW_OUTPUT_WITH_TEMPLATE_DERIVED_UTC_SESSION_END_TIMESTAMPS_NOT_PROVIDER_VERBATIM_TIME0
APPENDIX_C_174_006,MES,MES 06-26,2025-11-04T22:00:00Z,2025-11-04,6993.5,6993.5,6895.25,6910.75,1383955,CME US Index Futures ETH,HELPER_RAW_OUTPUT_WITH_TEMPLATE_DERIVED_UTC_SESSION_END_TIMESTAMPS_NOT_PROVIDER_VERBATIM_TIME0
APPENDIX_C_174_006,MES,MES 06-26,2025-11-05T22:00:00Z,2025-11-05,6912,6966.5,6857.5,6934.25,1145793,CME US Index Futures ETH,HELPER_RAW_OUTPUT_WITH_TEMPLATE_DERIVED_UTC_SESSION_END_TIMESTAMPS_NOT_PROVIDER_VERBATIM_TIME0
APPENDIX_C_174_006,MES,MES 06-26,2025-11-06T22:00:00Z,2025-11-06,6938.25,6952.75,6842.5,6856.5,1717355,CME US Index Futures ETH,HELPER_RAW_OUTPUT_WITH_TEMPLATE_DERIVED_UTC_SESSION_END_TIMESTAMPS_NOT_PROVIDER_VERBATIM_TIME0
APPENDIX_C_174_006,MES,MES 06-26,2025-11-07T22:00:00Z,2025-11-07,6873,6880.75,6764.5,6862.75,2002306,CME US Index Futures ETH,HELPER_RAW_OUTPUT_WITH_TEMPLATE_DERIVED_UTC_SESSION_END_TIMESTAMPS_NOT_PROVIDER_VERBATIM_TIME0
APPENDIX_C_174_006,MES,MES 06-26,2025-11-10T22:00:00Z,2025-11-10,6895.25,6975,6881,6965.75,1220035,CME US Index Futures ETH,HELPER_RAW_OUTPUT_WITH_TEMPLATE_DERIVED_UTC_SESSION_END_TIMESTAMPS_NOT_PROVIDER_VERBATIM_TIME0
APPENDIX_C_174_006,MES,MES 06-26,2025-11-11T22:00:00Z,2025-11-11,6966.5,6989.25,6939,6980.5,1034340,CME US Index Futures ETH,HELPER_RAW_OUTPUT_WITH_TEMPLATE_DERIVED_UTC_SESSION_END_TIMESTAMPS_NOT_PROVIDER_VERBATIM_TIME0
APPENDIX_C_174_006,MES,MES 06-26,2025-11-12T22:00:00Z,2025-11-12,6982.75,7009.5,6961,6984.75,1119894,CME US Index Futures ETH,HELPER_RAW_OUTPUT_WITH_TEMPLATE_DERIVED_UTC_SESSION_END_TIMESTAMPS_NOT_PROVIDER_VERBATIM_TIME0
APPENDIX_C_174_006,MES,MES 06-26,2025-11-13T22:00:00Z,2025-11-13,6983,7001.25,6855,6869,1929376,CME US Index Futures ETH,HELPER_RAW_OUTPUT_WITH_TEMPLATE_DERIVED_UTC_SESSION_END_TIMESTAMPS_NOT_PROVIDER_VERBATIM_TIME0
APPENDIX_C_174_006,MES,MES 06-26,2025-11-14T22:00:00Z,2025-11-14,6873.75,6904.5,6779.5,6864.25,2151595,CME US Index Futures ETH,HELPER_RAW_OUTPUT_WITH_TEMPLATE_DERIVED_UTC_SESSION_END_TIMESTAMPS_NOT_PROVIDER_VERBATIM_TIME0
APPENDIX_C_174_006,MES,MES 06-26,2025-11-17T22:00:00Z,2025-11-17,6873.5,6910.5,6767.25,6801,1818759,CME US Index Futures ETH,HELPER_RAW_OUTPUT_WITH_TEMPLATE_DERIVED_UTC_SESSION_END_TIMESTAMPS_NOT_PROVIDER_VERBATIM_TIME0
APPENDIX_C_174_006,MES,MES 06-26,2025-11-18T22:00:00Z,2025-11-18,6806,6817.75,6703,6748.75,2308236,CME US Index Futures ETH,HELPER_RAW_OUTPUT_WITH_TEMPLATE_DERIVED_UTC_SESSION_END_TIMESTAMPS_NOT_PROVIDER_VERBATIM_TIME0
APPENDIX_C_174_006,MES,MES 06-26,2025-11-19T22:00:00Z,2025-11-19,6739,6818,6721.75,6770.5,1886036,CME US Index Futures ETH,HELPER_RAW_OUTPUT_WITH_TEMPLATE_DERIVED_UTC_SESSION_END_TIMESTAMPS_NOT_PROVIDER_VERBATIM_TIME0
APPENDIX_C_174_006,MES,MES 06-26,2025-11-20T22:00:00Z,2025-11-20,6808.75,6900.25,6659.25,6666.5,2529376,CME US Index Futures ETH,HELPER_RAW_OUTPUT_WITH_TEMPLATE_DERIVED_UTC_SESSION_END_TIMESTAMPS_NOT_PROVIDER_VERBATIM_TIME0
APPENDIX_C_174_006,MES,MES 06-26,2025-11-21T22:00:00Z,2025-11-21,6669,6786.75,6633.75,6729.25,2342974,CME US Index Futures ETH,HELPER_RAW_OUTPUT_WITH_TEMPLATE_DERIVED_UTC_SESSION_END_TIMESTAMPS_NOT_PROVIDER_VERBATIM_TIME0
APPENDIX_C_174_006,MES,MES 06-26,2025-11-24T22:00:00Z,2025-11-24,6763.5,6840.75,6734.25,6830.25,1455746,CME US Index Futures ETH,HELPER_RAW_OUTPUT_WITH_TEMPLATE_DERIVED_UTC_SESSION_END_TIMESTAMPS_NOT_PROVIDER_VERBATIM_TIME0
APPENDIX_C_174_006,MES,MES 06-26,2025-11-25T22:00:00Z,2025-11-25,6834.25,6901.5,6783.5,6890.5,1459299,CME US Index Futures ETH,HELPER_RAW_OUTPUT_WITH_TEMPLATE_DERIVED_UTC_SESSION_END_TIMESTAMPS_NOT_PROVIDER_VERBATIM_TIME0
APPENDIX_C_174_006,MES,MES 06-26,2025-11-26T22:00:00Z,2025-11-26,6889.75,6955.5,6887,6937,1144369,CME US Index Futures ETH,HELPER_RAW_OUTPUT_WITH_TEMPLATE_DERIVED_UTC_SESSION_END_TIMESTAMPS_NOT_PROVIDER_VERBATIM_TIME0
APPENDIX_C_174_006,MES,MES 06-26,2025-11-27T22:00:00Z,2025-11-27,6939,6943,6933.25,6937,89238,CME US Index Futures ETH,HELPER_RAW_OUTPUT_WITH_TEMPLATE_DERIVED_UTC_SESSION_END_TIMESTAMPS_NOT_PROVIDER_VERBATIM_TIME0
APPENDIX_C_174_006,MES,MES 06-26,2025-11-28T22:00:00Z,2025-11-28,6937.75,6972.75,6937.75,6968.5,221753,CME US Index Futures ETH,HELPER_RAW_OUTPUT_WITH_TEMPLATE_DERIVED_UTC_SESSION_END_TIMESTAMPS_NOT_PROVIDER_VERBATIM_TIME0
APPENDIX_C_174_006,MES,MES 06-26,2025-12-01T22:00:00Z,2025-12-01,6964,6973.5,6911,6935.75,1261294,CME US Index Futures ETH,HELPER_RAW_OUTPUT_WITH_TEMPLATE_DERIVED_UTC_SESSION_END_TIMESTAMPS_NOT_PROVIDER_VERBATIM_TIME0
APPENDIX_C_174_006,MES,MES 06-26,2025-12-02T22:00:00Z,2025-12-02,6939,6972.5,6921.25,6949.25,1259344,CME US Index Futures ETH,HELPER_RAW_OUTPUT_WITH_TEMPLATE_DERIVED_UTC_SESSION_END_TIMESTAMPS_NOT_PROVIDER_VERBATIM_TIME0
APPENDIX_C_174_006,MES,MES 06-26,2025-12-03T22:00:00Z,2025-12-03,6951.5,6982.25,6926.5,6971,1112779,CME US Index Futures ETH,HELPER_RAW_OUTPUT_WITH_TEMPLATE_DERIVED_UTC_SESSION_END_TIMESTAMPS_NOT_PROVIDER_VERBATIM_TIME0
APPENDIX_C_174_006,MES,MES 06-26,2025-12-04T22:00:00Z,2025-12-04,6974.75,6989.75,6945.25,6975.75,1152092,CME US Index Futures ETH,HELPER_RAW_OUTPUT_WITH_TEMPLATE_DERIVED_UTC_SESSION_END_TIMESTAMPS_NOT_PROVIDER_VERBATIM_TIME0
APPENDIX_C_174_006,MES,MES 06-26,2025-12-05T22:00:00Z,2025-12-05,6974.75,7014,6965.5,6987.25,1162432,CME US Index Futures ETH,HELPER_RAW_OUTPUT_WITH_TEMPLATE_DERIVED_UTC_SESSION_END_TIMESTAMPS_NOT_PROVIDER_VERBATIM_TIME0
APPENDIX_C_174_006,MES,MES 06-26,2025-12-08T22:00:00Z,2025-12-08,6991.75,7003,6944.25,6964.75,885767,CME US Index Futures ETH,HELPER_RAW_OUTPUT_WITH_TEMPLATE_DERIVED_UTC_SESSION_END_TIMESTAMPS_NOT_PROVIDER_VERBATIM_TIME0
APPENDIX_C_174_006,MES,MES 06-26,2025-12-09T22:00:00Z,2025-12-09,6974,6982,6952.75,6957.25,918520,CME US Index Futures ETH,HELPER_RAW_OUTPUT_WITH_TEMPLATE_DERIVED_UTC_SESSION_END_TIMESTAMPS_NOT_PROVIDER_VERBATIM_TIME0
APPENDIX_C_174_006,MES,MES 06-26,2025-12-10T22:00:00Z,2025-12-10,6955.5,7017,6939.75,7000.75,1232217,CME US Index Futures ETH,HELPER_RAW_OUTPUT_WITH_TEMPLATE_DERIVED_UTC_SESSION_END_TIMESTAMPS_NOT_PROVIDER_VERBATIM_TIME0
APPENDIX_C_174_006,MES,MES 06-26,2025-12-11T22:00:00Z,2025-12-11,6997,7038,6926.25,7016.25,1366938,CME US Index Futures ETH,HELPER_RAW_OUTPUT_WITH_TEMPLATE_DERIVED_UTC_SESSION_END_TIMESTAMPS_NOT_PROVIDER_VERBATIM_TIME0
APPENDIX_C_174_006,MES,MES 06-26,2025-12-12T22:00:00Z,2025-12-12,7024,7024.75,6914,6939.75,1732388,CME US Index Futures ETH,HELPER_RAW_OUTPUT_WITH_TEMPLATE_DERIVED_UTC_SESSION_END_TIMESTAMPS_NOT_PROVIDER_VERBATIM_TIME0
APPENDIX_C_174_006,MES,MES 06-26,2025-12-15T22:00:00Z,2025-12-15,6940.75,6981.5,6913.5,6930.25,942708,CME US Index Futures ETH,HELPER_RAW_OUTPUT_WITH_TEMPLATE_DERIVED_UTC_SESSION_END_TIMESTAMPS_NOT_PROVIDER_VERBATIM_TIME0
APPENDIX_C_174_006,MES,MES 06-26,2025-12-16T22:00:00Z,2025-12-16,6933.75,6940.75,6866.5,6905.5,1493091,CME US Index Futures ETH,HELPER_RAW_OUTPUT_WITH_TEMPLATE_DERIVED_UTC_SESSION_END_TIMESTAMPS_NOT_PROVIDER_VERBATIM_TIME0
APPENDIX_C_174_006,MES,MES 06-26,2025-12-17T22:00:00Z,2025-12-17,6900.5,6932,6824.75,6827.75,1394110,CME US Index Futures ETH,HELPER_RAW_OUTPUT_WITH_TEMPLATE_DERIVED_UTC_SESSION_END_TIMESTAMPS_NOT_PROVIDER_VERBATIM_TIME0
APPENDIX_C_174_006,MES,MES 06-26,2025-12-18T22:00:00Z,2025-12-18,6839,6921.5,6820.5,6879.75,1629718,CME US Index Futures ETH,HELPER_RAW_OUTPUT_WITH_TEMPLATE_DERIVED_UTC_SESSION_END_TIMESTAMPS_NOT_PROVIDER_VERBATIM_TIME0
APPENDIX_C_174_006,MES,MES 06-26,2025-12-19T22:00:00Z,2025-12-19,6874.25,6944.5,6868.75,6936.5,872925,CME US Index Futures ETH,HELPER_RAW_OUTPUT_WITH_TEMPLATE_DERIVED_UTC_SESSION_END_TIMESTAMPS_NOT_PROVIDER_VERBATIM_TIME0
APPENDIX_C_174_006,MES,MES 06-26,2025-12-22T22:00:00Z,2025-12-22,6955,6985.75,6949.5,6979.5,749772,CME US Index Futures ETH,HELPER_RAW_OUTPUT_WITH_TEMPLATE_DERIVED_UTC_SESSION_END_TIMESTAMPS_NOT_PROVIDER_VERBATIM_TIME0
APPENDIX_C_174_006,MES,MES 06-26,2025-12-23T22:00:00Z,2025-12-23,6980.25,7013,6962.5,7010.25,622754,CME US Index Futures ETH,HELPER_RAW_OUTPUT_WITH_TEMPLATE_DERIVED_UTC_SESSION_END_TIMESTAMPS_NOT_PROVIDER_VERBATIM_TIME0
APPENDIX_C_174_006,MES,MES 06-26,2025-12-24T22:00:00Z,2025-12-24,7007.75,7037.25,7001.75,7031.75,295140,CME US Index Futures ETH,HELPER_RAW_OUTPUT_WITH_TEMPLATE_DERIVED_UTC_SESSION_END_TIMESTAMPS_NOT_PROVIDER_VERBATIM_TIME0
APPENDIX_C_174_006,MES,MES 06-26,2025-12-26T22:00:00Z,2025-12-26,7030.25,7044.25,7018.25,7028.5,520072,CME US Index Futures ETH,HELPER_RAW_OUTPUT_WITH_TEMPLATE_DERIVED_UTC_SESSION_END_TIMESTAMPS_NOT_PROVIDER_VERBATIM_TIME0
APPENDIX_C_174_006,MES,MES 06-26,2025-12-29T22:00:00Z,2025-12-29,7029.25,7034.25,6985.5,7004.25,751166,CME US Index Futures ETH,HELPER_RAW_OUTPUT_WITH_TEMPLATE_DERIVED_UTC_SESSION_END_TIMESTAMPS_NOT_PROVIDER_VERBATIM_TIME0
APPENDIX_C_174_006,MES,MES 06-26,2025-12-30T22:00:00Z,2025-12-30,7006.25,7010.75,6989.75,6993.5,556346,CME US Index Futures ETH,HELPER_RAW_OUTPUT_WITH_TEMPLATE_DERIVED_UTC_SESSION_END_TIMESTAMPS_NOT_PROVIDER_VERBATIM_TIME0
APPENDIX_C_174_006,MES,MES 06-26,2025-12-31T22:00:00Z,2025-12-31,6994.25,7000.75,6939.25,6941.75,721790,CME US Index Futures ETH,HELPER_RAW_OUTPUT_WITH_TEMPLATE_DERIVED_UTC_SESSION_END_TIMESTAMPS_NOT_PROVIDER_VERBATIM_TIME0
APPENDIX_C_174_006,MES,MES 06-26,2026-01-02T22:00:00Z,2026-01-02,6950.25,6989,6915.75,6949.75,1276490,CME US Index Futures ETH,HELPER_RAW_OUTPUT_WITH_TEMPLATE_DERIVED_UTC_SESSION_END_TIMESTAMPS_NOT_PROVIDER_VERBATIM_TIME0
APPENDIX_C_174_006,MES,MES 06-26,2026-01-05T22:00:00Z,2026-01-05,6960.5,7012.75,6948.5,6993,912378,CME US Index Futures ETH,HELPER_RAW_OUTPUT_WITH_TEMPLATE_DERIVED_UTC_SESSION_END_TIMESTAMPS_NOT_PROVIDER_VERBATIM_TIME0
APPENDIX_C_174_006,MES,MES 06-26,2026-01-06T22:00:00Z,2026-01-06,6994.25,7041,6980.25,7037,774033,CME US Index Futures ETH,HELPER_RAW_OUTPUT_WITH_TEMPLATE_DERIVED_UTC_SESSION_END_TIMESTAMPS_NOT_PROVIDER_VERBATIM_TIME0
APPENDIX_C_174_006,MES,MES 06-26,2026-01-07T22:00:00Z,2026-01-07,7038.25,7056,7007,7012.5,947525,CME US Index Futures ETH,HELPER_RAW_OUTPUT_WITH_TEMPLATE_DERIVED_UTC_SESSION_END_TIMESTAMPS_NOT_PROVIDER_VERBATIM_TIME0
APPENDIX_C_174_006,MES,MES 06-26,2026-01-08T22:00:00Z,2026-01-08,7016.5,7027,6984.5,7011.25,1128329,CME US Index Futures ETH,HELPER_RAW_OUTPUT_WITH_TEMPLATE_DERIVED_UTC_SESSION_END_TIMESTAMPS_NOT_PROVIDER_VERBATIM_TIME0
APPENDIX_C_174_006,MES,MES 06-26,2026-01-09T22:00:00Z,2026-01-09,7021.75,7067,7003.5,7054.25,1020012,CME US Index Futures ETH,HELPER_RAW_OUTPUT_WITH_TEMPLATE_DERIVED_UTC_SESSION_END_TIMESTAMPS_NOT_PROVIDER_VERBATIM_TIME0
APPENDIX_C_174_006,MES,MES 06-26,2026-01-12T22:00:00Z,2026-01-12,7056,7074.5,6998.5,7065.75,832506,CME US Index Futures ETH,HELPER_RAW_OUTPUT_WITH_TEMPLATE_DERIVED_UTC_SESSION_END_TIMESTAMPS_NOT_PROVIDER_VERBATIM_TIME0
APPENDIX_C_174_006,MES,MES 06-26,2026-01-13T22:00:00Z,2026-01-13,7061.75,7085.75,7026,7051,1147268,CME US Index Futures ETH,HELPER_RAW_OUTPUT_WITH_TEMPLATE_DERIVED_UTC_SESSION_END_TIMESTAMPS_NOT_PROVIDER_VERBATIM_TIME0
APPENDIX_C_174_006,MES,MES 06-26,2026-01-14T22:00:00Z,2026-01-14,7048,7052,6972.25,7015.5,1401597,CME US Index Futures ETH,HELPER_RAW_OUTPUT_WITH_TEMPLATE_DERIVED_UTC_SESSION_END_TIMESTAMPS_NOT_PROVIDER_VERBATIM_TIME0
APPENDIX_C_174_006,MES,MES 06-26,2026-01-15T22:00:00Z,2026-01-15,7006.5,7066.5,6998.75,7031,1121018,CME US Index Futures ETH,HELPER_RAW_OUTPUT_WITH_TEMPLATE_DERIVED_UTC_SESSION_END_TIMESTAMPS_NOT_PROVIDER_VERBATIM_TIME0
APPENDIX_C_174_006,MES,MES 06-26,2026-01-16T22:00:00Z,2026-01-16,7034.5,7056,7009.75,7026,1147444,CME US Index Futures ETH,HELPER_RAW_OUTPUT_WITH_TEMPLATE_DERIVED_UTC_SESSION_END_TIMESTAMPS_NOT_PROVIDER_VERBATIM_TIME0
APPENDIX_C_174_006,MES,MES 06-26,2026-01-19T22:00:00Z,2026-01-19,6990.25,6990.25,6936.5,6962.5,370386,CME US Index Futures ETH,HELPER_RAW_OUTPUT_WITH_TEMPLATE_DERIVED_UTC_SESSION_END_TIMESTAMPS_NOT_PROVIDER_VERBATIM_TIME0
APPENDIX_C_174_006,MES,MES 06-26,2026-01-20T22:00:00Z,2026-01-20,6962.75,6966,6871.75,6878.75,1438583,CME US Index Futures ETH,HELPER_RAW_OUTPUT_WITH_TEMPLATE_DERIVED_UTC_SESSION_END_TIMESTAMPS_NOT_PROVIDER_VERBATIM_TIME0
APPENDIX_C_174_006,MES,MES 06-26,2026-01-21T22:00:00Z,2026-01-21,6888.25,6994.5,6863.75,6959.25,1745972,CME US Index Futures ETH,HELPER_RAW_OUTPUT_WITH_TEMPLATE_DERIVED_UTC_SESSION_END_TIMESTAMPS_NOT_PROVIDER_VERBATIM_TIME0
APPENDIX_C_174_006,MES,MES 06-26,2026-01-22T22:00:00Z,2026-01-22,6967,7018,6960.25,6994.25,1061260,CME US Index Futures ETH,HELPER_RAW_OUTPUT_WITH_TEMPLATE_DERIVED_UTC_SESSION_END_TIMESTAMPS_NOT_PROVIDER_VERBATIM_TIME0
APPENDIX_C_174_006,MES,MES 06-26,2026-01-23T22:00:00Z,2026-01-23,6988.5,7013.25,6974,6995,994828,CME US Index Futures ETH,HELPER_RAW_OUTPUT_WITH_TEMPLATE_DERIVED_UTC_SESSION_END_TIMESTAMPS_NOT_PROVIDER_VERBATIM_TIME0
APPENDIX_C_174_006,MES,MES 06-26,2026-01-26T22:00:00Z,2026-01-26,6958.5,7044.5,6929.5,7030.5,848015,CME US Index Futures ETH,HELPER_RAW_OUTPUT_WITH_TEMPLATE_DERIVED_UTC_SESSION_END_TIMESTAMPS_NOT_PROVIDER_VERBATIM_TIME0
APPENDIX_C_174_006,MES,MES 06-26,2026-01-27T22:00:00Z,2026-01-27,7026.25,7068,7021.5,7057.75,676194,CME US Index Futures ETH,HELPER_RAW_OUTPUT_WITH_TEMPLATE_DERIVED_UTC_SESSION_END_TIMESTAMPS_NOT_PROVIDER_VERBATIM_TIME0
APPENDIX_C_174_006,MES,MES 06-26,2026-01-28T22:00:00Z,2026-01-28,7058.75,7092.5,7026.5,7056.5,847025,CME US Index Futures ETH,HELPER_RAW_OUTPUT_WITH_TEMPLATE_DERIVED_UTC_SESSION_END_TIMESTAMPS_NOT_PROVIDER_VERBATIM_TIME0
APPENDIX_C_174_006,MES,MES 06-26,2026-01-29T22:00:00Z,2026-01-29,7069.25,7078.75,6947.25,7042,1381927,CME US Index Futures ETH,HELPER_RAW_OUTPUT_WITH_TEMPLATE_DERIVED_UTC_SESSION_END_TIMESTAMPS_NOT_PROVIDER_VERBATIM_TIME0
APPENDIX_C_174_006,MES,MES 06-26,2026-01-30T22:00:00Z,2026-01-30,7040.75,7044.25,6966.75,7015,1329613,CME US Index Futures ETH,HELPER_RAW_OUTPUT_WITH_TEMPLATE_DERIVED_UTC_SESSION_END_TIMESTAMPS_NOT_PROVIDER_VERBATIM_TIME0
APPENDIX_C_174_006,MES,MES 06-26,2026-02-02T22:00:00Z,2026-02-02,6988.75,7066.75,6913.5,7051.75,1113906,CME US Index Futures ETH,HELPER_RAW_OUTPUT_WITH_TEMPLATE_DERIVED_UTC_SESSION_END_TIMESTAMPS_NOT_PROVIDER_VERBATIM_TIME0
APPENDIX_C_174_006,MES,MES 06-26,2026-02-03T22:00:00Z,2026-02-03,7053.5,7076.5,6935.5,6991,1453185,CME US Index Futures ETH,HELPER_RAW_OUTPUT_WITH_TEMPLATE_DERIVED_UTC_SESSION_END_TIMESTAMPS_NOT_PROVIDER_VERBATIM_TIME0
APPENDIX_C_174_006,MES,MES 06-26,2026-02-04T22:00:00Z,2026-02-04,6985,7014.75,6911.75,6955.5,1536527,CME US Index Futures ETH,HELPER_RAW_OUTPUT_WITH_TEMPLATE_DERIVED_UTC_SESSION_END_TIMESTAMPS_NOT_PROVIDER_VERBATIM_TIME0
APPENDIX_C_174_006,MES,MES 06-26,2026-02-05T22:00:00Z,2026-02-05,6966,6984.25,6834.25,6870,1446405,CME US Index Futures ETH,HELPER_RAW_OUTPUT_WITH_TEMPLATE_DERIVED_UTC_SESSION_END_TIMESTAMPS_NOT_PROVIDER_VERBATIM_TIME0
APPENDIX_C_174_006,MES,MES 06-26,2026-02-06T22:00:00Z,2026-02-06,6836,7014.75,6800.75,7002,1114080,CME US Index Futures ETH,HELPER_RAW_OUTPUT_WITH_TEMPLATE_DERIVED_UTC_SESSION_END_TIMESTAMPS_NOT_PROVIDER_VERBATIM_TIME0
APPENDIX_C_174_006,MES,MES 06-26,2026-02-09T22:00:00Z,2026-02-09,7009.25,7049.75,6970.25,7032.5,918074,CME US Index Futures ETH,HELPER_RAW_OUTPUT_WITH_TEMPLATE_DERIVED_UTC_SESSION_END_TIMESTAMPS_NOT_PROVIDER_VERBATIM_TIME0
APPENDIX_C_174_006,MES,MES 06-26,2026-02-10T22:00:00Z,2026-02-10,7033.5,7055.5,7006.25,7010.75,1064294,CME US Index Futures ETH,HELPER_RAW_OUTPUT_WITH_TEMPLATE_DERIVED_UTC_SESSION_END_TIMESTAMPS_NOT_PROVIDER_VERBATIM_TIME0
APPENDIX_C_174_006,MES,MES 06-26,2026-02-11T22:00:00Z,2026-02-11,7020.25,7060.75,6980.25,7009.75,1328646,CME US Index Futures ETH,HELPER_RAW_OUTPUT_WITH_TEMPLATE_DERIVED_UTC_SESSION_END_TIMESTAMPS_NOT_PROVIDER_VERBATIM_TIME0
APPENDIX_C_174_006,MES,MES 06-26,2026-02-12T22:00:00Z,2026-02-12,7012.75,7042,6891,6900.25,1602213,CME US Index Futures ETH,HELPER_RAW_OUTPUT_WITH_TEMPLATE_DERIVED_UTC_SESSION_END_TIMESTAMPS_NOT_PROVIDER_VERBATIM_TIME0
APPENDIX_C_174_006,MES,MES 06-26,2026-02-13T22:00:00Z,2026-02-13,6915.25,6947,6858.5,6899.75,1512623,CME US Index Futures ETH,HELPER_RAW_OUTPUT_WITH_TEMPLATE_DERIVED_UTC_SESSION_END_TIMESTAMPS_NOT_PROVIDER_VERBATIM_TIME0
APPENDIX_C_174_006,MES,MES 06-26,2026-02-16T22:00:00Z,2026-02-16,6901.25,6934.75,6890.25,6904,322618,CME US Index Futures ETH,HELPER_RAW_OUTPUT_WITH_TEMPLATE_DERIVED_UTC_SESSION_END_TIMESTAMPS_NOT_PROVIDER_VERBATIM_TIME0
APPENDIX_C_174_006,MES,MES 06-26,2026-02-17T22:00:00Z,2026-02-17,6904.75,6933,6840.25,6911.5,1762195,CME US Index Futures ETH,HELPER_RAW_OUTPUT_WITH_TEMPLATE_DERIVED_UTC_SESSION_END_TIMESTAMPS_NOT_PROVIDER_VERBATIM_TIME0
APPENDIX_C_174_006,MES,MES 06-26,2026-02-18T22:00:00Z,2026-02-18,6911.5,6975,6898.25,6943.5,1199593,CME US Index Futures ETH,HELPER_RAW_OUTPUT_WITH_TEMPLATE_DERIVED_UTC_SESSION_END_TIMESTAMPS_NOT_PROVIDER_VERBATIM_TIME0
APPENDIX_C_174_006,MES,MES 06-26,2026-02-19T22:00:00Z,2026-02-19,6941,6961.75,6896.75,6926.25,1379102,CME US Index Futures ETH,HELPER_RAW_OUTPUT_WITH_TEMPLATE_DERIVED_UTC_SESSION_END_TIMESTAMPS_NOT_PROVIDER_VERBATIM_TIME0
APPENDIX_C_174_006,MES,MES 06-26,2026-02-20T22:00:00Z,2026-02-20,6922.75,6980.25,6896.5,6972.5,1740124,CME US Index Futures ETH,HELPER_RAW_OUTPUT_WITH_TEMPLATE_DERIVED_UTC_SESSION_END_TIMESTAMPS_NOT_PROVIDER_VERBATIM_TIME0
APPENDIX_C_174_006,MES,MES 06-26,2026-02-23T22:00:00Z,2026-02-23,6967.5,6979.75,6882.25,6900.75,1721131,CME US Index Futures ETH,HELPER_RAW_OUTPUT_WITH_TEMPLATE_DERIVED_UTC_SESSION_END_TIMESTAMPS_NOT_PROVIDER_VERBATIM_TIME0
APPENDIX_C_174_006,MES,MES 06-26,2026-02-24T22:00:00Z,2026-02-24,6905.75,6962,6877.75,6953,1437971,CME US Index Futures ETH,HELPER_RAW_OUTPUT_WITH_TEMPLATE_DERIVED_UTC_SESSION_END_TIMESTAMPS_NOT_PROVIDER_VERBATIM_TIME0
APPENDIX_C_174_006,MES,MES 06-26,2026-02-25T22:00:00Z,2026-02-25,6949.5,7037.25,6941.75,7009,1103893,CME US Index Futures ETH,HELPER_RAW_OUTPUT_WITH_TEMPLATE_DERIVED_UTC_SESSION_END_TIMESTAMPS_NOT_PROVIDER_VERBATIM_TIME0
APPENDIX_C_174_006,MES,MES 06-26,2026-02-26T22:00:00Z,2026-02-26,7015.5,7019.75,6920,6969.25,1837588,CME US Index Futures ETH,HELPER_RAW_OUTPUT_WITH_TEMPLATE_DERIVED_UTC_SESSION_END_TIMESTAMPS_NOT_PROVIDER_VERBATIM_TIME0
APPENDIX_C_174_006,MES,MES 06-26,2026-02-27T22:00:00Z,2026-02-27,6949.5,6965,6890.75,6938.25,1859138,CME US Index Futures ETH,HELPER_RAW_OUTPUT_WITH_TEMPLATE_DERIVED_UTC_SESSION_END_TIMESTAMPS_NOT_PROVIDER_VERBATIM_TIME0
APPENDIX_C_174_006,MES,MES 06-26,2026-03-02T22:00:00Z,2026-03-02,6878.25,6960.25,6817.75,6937.5,1838258,CME US Index Futures ETH,HELPER_RAW_OUTPUT_WITH_TEMPLATE_DERIVED_UTC_SESSION_END_TIMESTAMPS_NOT_PROVIDER_VERBATIM_TIME0
APPENDIX_C_174_006,MES,MES 06-26,2026-03-03T22:00:00Z,2026-03-03,6931.5,6935.5,6768,6874,2351713,CME US Index Futures ETH,HELPER_RAW_OUTPUT_WITH_TEMPLATE_DERIVED_UTC_SESSION_END_TIMESTAMPS_NOT_PROVIDER_VERBATIM_TIME0
APPENDIX_C_174_006,MES,MES 06-26,2026-03-04T22:00:00Z,2026-03-04,6860.75,6943.75,6822.75,6925.25,1733689,CME US Index Futures ETH,HELPER_RAW_OUTPUT_WITH_TEMPLATE_DERIVED_UTC_SESSION_END_TIMESTAMPS_NOT_PROVIDER_VERBATIM_TIME0
APPENDIX_C_174_006,MES,MES 06-26,2026-03-05T22:00:00Z,2026-03-05,6931.75,6950,6826.25,6884.5,2348781,CME US Index Futures ETH,HELPER_RAW_OUTPUT_WITH_TEMPLATE_DERIVED_UTC_SESSION_END_TIMESTAMPS_NOT_PROVIDER_VERBATIM_TIME0
APPENDIX_C_174_006,MES,MES 06-26,2026-03-06T22:00:00Z,2026-03-06,6873.25,6903.25,6764.5,6789,2270581,CME US Index Futures ETH,HELPER_RAW_OUTPUT_WITH_TEMPLATE_DERIVED_UTC_SESSION_END_TIMESTAMPS_NOT_PROVIDER_VERBATIM_TIME0
APPENDIX_C_174_006,MES,MES 06-26,2026-03-09T21:00:00Z,2026-03-09,6748,6867.5,6633.75,6850.25,2295318,CME US Index Futures ETH,HELPER_RAW_OUTPUT_WITH_TEMPLATE_DERIVED_UTC_SESSION_END_TIMESTAMPS_NOT_PROVIDER_VERBATIM_TIME0
APPENDIX_C_174_006,MES,MES 06-26,2026-03-10T21:00:00Z,2026-03-10,6848.5,6901.25,6811.5,6836.5,2313911,CME US Index Futures ETH,HELPER_RAW_OUTPUT_WITH_TEMPLATE_DERIVED_UTC_SESSION_END_TIMESTAMPS_NOT_PROVIDER_VERBATIM_TIME0
APPENDIX_C_174_006,MES,MES 06-26,2026-03-11T21:00:00Z,2026-03-11,6846.25,6872,6799,6828.75,1884896,CME US Index Futures ETH,HELPER_RAW_OUTPUT_WITH_TEMPLATE_DERIVED_UTC_SESSION_END_TIMESTAMPS_NOT_PROVIDER_VERBATIM_TIME0
APPENDIX_C_174_006,MES,MES 06-26,2026-03-12T21:00:00Z,2026-03-12,6817.25,6819.5,6721,6726.75,2301531,CME US Index Futures ETH,HELPER_RAW_OUTPUT_WITH_TEMPLATE_DERIVED_UTC_SESSION_END_TIMESTAMPS_NOT_PROVIDER_VERBATIM_TIME0
APPENDIX_C_174_006,MES,MES 06-26,2026-03-13T21:00:00Z,2026-03-13,6734.5,6786.75,6674.25,6685.25,2339590,CME US Index Futures ETH,HELPER_RAW_OUTPUT_WITH_TEMPLATE_DERIVED_UTC_SESSION_END_TIMESTAMPS_NOT_PROVIDER_VERBATIM_TIME0
APPENDIX_C_174_006,MES,MES 06-26,2026-03-16T21:00:00Z,2026-03-16,6661.25,6784.75,6658,6750.25,1134641,CME US Index Futures ETH,HELPER_RAW_OUTPUT_WITH_TEMPLATE_DERIVED_UTC_SESSION_END_TIMESTAMPS_NOT_PROVIDER_VERBATIM_TIME0
APPENDIX_C_174_006,MES,MES 06-26,2026-03-17T21:00:00Z,2026-03-17,6750.25,6808.5,6715.75,6773.25,1223205,CME US Index Futures ETH,HELPER_RAW_OUTPUT_WITH_TEMPLATE_DERIVED_UTC_SESSION_END_TIMESTAMPS_NOT_PROVIDER_VERBATIM_TIME0
APPENDIX_C_174_006,MES,MES 06-26,2026-03-18T21:00:00Z,2026-03-18,6774.75,6813.75,6654.5,6677,1748828,CME US Index Futures ETH,HELPER_RAW_OUTPUT_WITH_TEMPLATE_DERIVED_UTC_SESSION_END_TIMESTAMPS_NOT_PROVIDER_VERBATIM_TIME0
APPENDIX_C_174_006,MES,MES 06-26,2026-03-19T21:00:00Z,2026-03-19,6671.25,6695,6611.5,6660,2152921,CME US Index Futures ETH,HELPER_RAW_OUTPUT_WITH_TEMPLATE_DERIVED_UTC_SESSION_END_TIMESTAMPS_NOT_PROVIDER_VERBATIM_TIME0
APPENDIX_C_174_006,MES,MES 06-26,2026-03-20T21:00:00Z,2026-03-20,6672.5,6685.75,6523.75,6559,1879041,CME US Index Futures ETH,HELPER_RAW_OUTPUT_WITH_TEMPLATE_DERIVED_UTC_SESSION_END_TIMESTAMPS_NOT_PROVIDER_VERBATIM_TIME0
APPENDIX_C_174_006,MES,MES 06-26,2026-03-23T21:00:00Z,2026-03-23,6520.25,6748,6482.75,6634.75,2092723,CME US Index Futures ETH,HELPER_RAW_OUTPUT_WITH_TEMPLATE_DERIVED_UTC_SESSION_END_TIMESTAMPS_NOT_PROVIDER_VERBATIM_TIME0
APPENDIX_C_174_006,MES,MES 06-26,2026-03-24T21:00:00Z,2026-03-24,6633.25,6679.25,6573.5,6606,1878842,CME US Index Futures ETH,HELPER_RAW_OUTPUT_WITH_TEMPLATE_DERIVED_UTC_SESSION_END_TIMESTAMPS_NOT_PROVIDER_VERBATIM_TIME0
APPENDIX_C_174_006,MES,MES 06-26,2026-03-25T21:00:00Z,2026-03-25,6647.25,6684.75,6616.5,6640.75,1452940,CME US Index Futures ETH,HELPER_RAW_OUTPUT_WITH_TEMPLATE_DERIVED_UTC_SESSION_END_TIMESTAMPS_NOT_PROVIDER_VERBATIM_TIME0
APPENDIX_C_174_006,MES,MES 06-26,2026-03-26T21:00:00Z,2026-03-26,6641,6647,6517,6525,1499995,CME US Index Futures ETH,HELPER_RAW_OUTPUT_WITH_TEMPLATE_DERIVED_UTC_SESSION_END_TIMESTAMPS_NOT_PROVIDER_VERBATIM_TIME0
APPENDIX_C_174_006,MES,MES 06-26,2026-03-27T21:00:00Z,2026-03-27,6540,6568.5,6389,6412.25,1327373,CME US Index Futures ETH,HELPER_RAW_OUTPUT_WITH_TEMPLATE_DERIVED_UTC_SESSION_END_TIMESTAMPS_NOT_PROVIDER_VERBATIM_TIME0
APPENDIX_C_174_006,MES,MES 06-26,2026-03-30T21:00:00Z,2026-03-30,6379.75,6482,6359.5,6388.25,1465635,CME US Index Futures ETH,HELPER_RAW_OUTPUT_WITH_TEMPLATE_DERIVED_UTC_SESSION_END_TIMESTAMPS_NOT_PROVIDER_VERBATIM_TIME0
APPENDIX_C_174_006,MES,MES 06-26,2026-03-31T21:00:00Z,2026-03-31,6384.5,6583,6352,6570.75,1700001,CME US Index Futures ETH,HELPER_RAW_OUTPUT_WITH_TEMPLATE_DERIVED_UTC_SESSION_END_TIMESTAMPS_NOT_PROVIDER_VERBATIM_TIME0
APPENDIX_C_174_006,MES,MES 06-26,2026-04-01T21:00:00Z,2026-04-01,6563,6654.75,6560.75,6617.75,1315830,CME US Index Futures ETH,HELPER_RAW_OUTPUT_WITH_TEMPLATE_DERIVED_UTC_SESSION_END_TIMESTAMPS_NOT_PROVIDER_VERBATIM_TIME0
APPENDIX_C_174_006,MES,MES 06-26,2026-04-02T21:00:00Z,2026-04-02,6616.75,6644.5,6503.5,6622.25,1587361,CME US Index Futures ETH,HELPER_RAW_OUTPUT_WITH_TEMPLATE_DERIVED_UTC_SESSION_END_TIMESTAMPS_NOT_PROVIDER_VERBATIM_TIME0
APPENDIX_C_174_006,MES,MES 06-26,2026-04-03T21:00:00Z,2026-04-03,6623.75,6638,6598.25,6603.75,104844,CME US Index Futures ETH,HELPER_RAW_OUTPUT_WITH_TEMPLATE_DERIVED_UTC_SESSION_END_TIMESTAMPS_NOT_PROVIDER_VERBATIM_TIME0
APPENDIX_C_174_006,MES,MES 06-26,2026-04-06T21:00:00Z,2026-04-06,6590.25,6662.5,6566.75,6651,1270543,CME US Index Futures ETH,HELPER_RAW_OUTPUT_WITH_TEMPLATE_DERIVED_UTC_SESSION_END_TIMESTAMPS_NOT_PROVIDER_VERBATIM_TIME0
APPENDIX_C_174_006,MES,MES 06-26,2026-04-07T21:00:00Z,2026-04-07,6650.75,6673.75,6572.75,6656.75,1872751,CME US Index Futures ETH,HELPER_RAW_OUTPUT_WITH_TEMPLATE_DERIVED_UTC_SESSION_END_TIMESTAMPS_NOT_PROVIDER_VERBATIM_TIME0
APPENDIX_C_174_006,MES,MES 06-26,2026-04-08T21:00:00Z,2026-04-08,6677.25,6847.25,6675,6823.75,1562687,CME US Index Futures ETH,HELPER_RAW_OUTPUT_WITH_TEMPLATE_DERIVED_UTC_SESSION_END_TIMESTAMPS_NOT_PROVIDER_VERBATIM_TIME0
APPENDIX_C_174_006,MES,MES 06-26,2026-04-09T21:00:00Z,2026-04-09,6815.25,6876,6792.5,6863.25,1360183,CME US Index Futures ETH,HELPER_RAW_OUTPUT_WITH_TEMPLATE_DERIVED_UTC_SESSION_END_TIMESTAMPS_NOT_PROVIDER_VERBATIM_TIME0
APPENDIX_C_174_006,MES,MES 06-26,2026-04-10T21:00:00Z,2026-04-10,6860,6890,6846.25,6855.25,1161592,CME US Index Futures ETH,HELPER_RAW_OUTPUT_WITH_TEMPLATE_DERIVED_UTC_SESSION_END_TIMESTAMPS_NOT_PROVIDER_VERBATIM_TIME0
APPENDIX_C_174_006,MES,MES 06-26,2026-04-13T21:00:00Z,2026-04-13,6793.5,6929.25,6767.25,6922.75,1296577,CME US Index Futures ETH,HELPER_RAW_OUTPUT_WITH_TEMPLATE_DERIVED_UTC_SESSION_END_TIMESTAMPS_NOT_PROVIDER_VERBATIM_TIME0
APPENDIX_C_174_006,MES,MES 06-26,2026-04-14T21:00:00Z,2026-04-14,6925.25,7008.25,6920.25,7004.75,990718,CME US Index Futures ETH,HELPER_RAW_OUTPUT_WITH_TEMPLATE_DERIVED_UTC_SESSION_END_TIMESTAMPS_NOT_PROVIDER_VERBATIM_TIME0
APPENDIX_C_174_006,MES,MES 06-26,2026-04-15T21:00:00Z,2026-04-15,7003.75,7064.5,6992,7060.5,1096925,CME US Index Futures ETH,HELPER_RAW_OUTPUT_WITH_TEMPLATE_DERIVED_UTC_SESSION_END_TIMESTAMPS_NOT_PROVIDER_VERBATIM_TIME0
APPENDIX_C_174_006,MES,MES 06-26,2026-04-16T21:00:00Z,2026-04-16,7057.75,7089,7046.25,7077,1197151,CME US Index Futures ETH,HELPER_RAW_OUTPUT_WITH_TEMPLATE_DERIVED_UTC_SESSION_END_TIMESTAMPS_NOT_PROVIDER_VERBATIM_TIME0
APPENDIX_C_174_006,MES,MES 06-26,2026-04-17T21:00:00Z,2026-04-17,7077.75,7185.75,7075.25,7164,1326747,CME US Index Futures ETH,HELPER_RAW_OUTPUT_WITH_TEMPLATE_DERIVED_UTC_SESSION_END_TIMESTAMPS_NOT_PROVIDER_VERBATIM_TIME0
APPENDIX_C_174_006,MES,MES 06-26,2026-04-20T21:00:00Z,2026-04-20,7103.25,7160.5,7085.25,7148,1167273,CME US Index Futures ETH,HELPER_RAW_OUTPUT_WITH_TEMPLATE_DERIVED_UTC_SESSION_END_TIMESTAMPS_NOT_PROVIDER_VERBATIM_TIME0
APPENDIX_C_174_006,MES,MES 06-26,2026-04-21T21:00:00Z,2026-04-21,7152,7183,7085,7100,1599321,CME US Index Futures ETH,HELPER_RAW_OUTPUT_WITH_TEMPLATE_DERIVED_UTC_SESSION_END_TIMESTAMPS_NOT_PROVIDER_VERBATIM_TIME0
APPENDIX_C_174_006,MES,MES 06-26,2026-04-22T21:00:00Z,2026-04-22,7126.25,7173,7122.5,7171.25,1053957,CME US Index Futures ETH,HELPER_RAW_OUTPUT_WITH_TEMPLATE_DERIVED_UTC_SESSION_END_TIMESTAMPS_NOT_PROVIDER_VERBATIM_TIME0
APPENDIX_C_174_006,MES,MES 06-26,2026-04-23T21:00:00Z,2026-04-23,7163.5,7181.5,7079.75,7143.5,1810922,CME US Index Futures ETH,HELPER_RAW_OUTPUT_WITH_TEMPLATE_DERIVED_UTC_SESSION_END_TIMESTAMPS_NOT_PROVIDER_VERBATIM_TIME0
APPENDIX_C_174_006,MES,MES 06-26,2026-04-24T21:00:00Z,2026-04-24,7140,7200.5,7135.25,7194.75,1198622,CME US Index Futures ETH,HELPER_RAW_OUTPUT_WITH_TEMPLATE_DERIVED_UTC_SESSION_END_TIMESTAMPS_NOT_PROVIDER_VERBATIM_TIME0
APPENDIX_C_174_006,MES,MES 06-26,2026-04-27T21:00:00Z,2026-04-27,7185,7211.5,7171.25,7206,908498,CME US Index Futures ETH,HELPER_RAW_OUTPUT_WITH_TEMPLATE_DERIVED_UTC_SESSION_END_TIMESTAMPS_NOT_PROVIDER_VERBATIM_TIME0
APPENDIX_C_174_006,MES,MES 06-26,2026-04-28T21:00:00Z,2026-04-28,7205.75,7223,7146.25,7171,1218163,CME US Index Futures ETH,HELPER_RAW_OUTPUT_WITH_TEMPLATE_DERIVED_UTC_SESSION_END_TIMESTAMPS_NOT_PROVIDER_VERBATIM_TIME0
APPENDIX_C_174_006,MES,MES 06-26,2026-04-29T21:00:00Z,2026-04-29,7172.5,7191,7131.25,7168,1093304,CME US Index Futures ETH,HELPER_RAW_OUTPUT_WITH_TEMPLATE_DERIVED_UTC_SESSION_END_TIMESTAMPS_NOT_PROVIDER_VERBATIM_TIME0
APPENDIX_C_174_006,MES,MES 06-26,2026-04-30T21:00:00Z,2026-04-30,7147.25,7253.25,7133.75,7243.75,1401918,CME US Index Futures ETH,HELPER_RAW_OUTPUT_WITH_TEMPLATE_DERIVED_UTC_SESSION_END_TIMESTAMPS_NOT_PROVIDER_VERBATIM_TIME0
APPENDIX_C_174_006,MES,MES 06-26,2026-05-01T21:00:00Z,2026-05-01,7254.75,7300.75,7240.75,7258,1095942,CME US Index Futures ETH,HELPER_RAW_OUTPUT_WITH_TEMPLATE_DERIVED_UTC_SESSION_END_TIMESTAMPS_NOT_PROVIDER_VERBATIM_TIME0
APPENDIX_C_174_006,MES,MES 06-26,2026-05-04T21:00:00Z,2026-05-04,7275.25,7279.5,7199.25,7230.25,1403966,CME US Index Futures ETH,HELPER_RAW_OUTPUT_WITH_TEMPLATE_DERIVED_UTC_SESSION_END_TIMESTAMPS_NOT_PROVIDER_VERBATIM_TIME0
APPENDIX_C_174_006,MES,MES 06-26,2026-05-05T21:00:00Z,2026-05-05,7228,7304.25,7223.5,7287.25,793276,CME US Index Futures ETH,HELPER_RAW_OUTPUT_WITH_TEMPLATE_DERIVED_UTC_SESSION_END_TIMESTAMPS_NOT_PROVIDER_VERBATIM_TIME0
APPENDIX_C_174_006,MES,MES 06-26,2026-05-06T21:00:00Z,2026-05-06,7303,7395.75,7293.5,7389.5,1157260,CME US Index Futures ETH,HELPER_RAW_OUTPUT_WITH_TEMPLATE_DERIVED_UTC_SESSION_END_TIMESTAMPS_NOT_PROVIDER_VERBATIM_TIME0
APPENDIX_C_174_006,MES,MES 06-26,2026-05-07T21:00:00Z,2026-05-07,7381.5,7410.75,7345.5,7363,1449756,CME US Index Futures ETH,HELPER_RAW_OUTPUT_WITH_TEMPLATE_DERIVED_UTC_SESSION_END_TIMESTAMPS_NOT_PROVIDER_VERBATIM_TIME0
APPENDIX_C_174_006,MES,MES 06-26,2026-05-08T21:00:00Z,2026-05-08,7340.25,7428.25,7337,7419,1007871,CME US Index Futures ETH,HELPER_RAW_OUTPUT_WITH_TEMPLATE_DERIVED_UTC_SESSION_END_TIMESTAMPS_NOT_PROVIDER_VERBATIM_TIME0
APPENDIX_C_174_006,MES,MES 06-26,2026-05-11T21:00:00Z,2026-05-11,7403.75,7454,7390.5,7436.75,999895,CME US Index Futures ETH,HELPER_RAW_OUTPUT_WITH_TEMPLATE_DERIVED_UTC_SESSION_END_TIMESTAMPS_NOT_PROVIDER_VERBATIM_TIME0
APPENDIX_C_174_006,MES,MES 06-26,2026-05-12T21:00:00Z,2026-05-12,7435.25,7443.75,7363.25,7426.5,1407243,CME US Index Futures ETH,HELPER_RAW_OUTPUT_WITH_TEMPLATE_DERIVED_UTC_SESSION_END_TIMESTAMPS_NOT_PROVIDER_VERBATIM_TIME0
APPENDIX_C_174_006,MES,MES 06-26,2026-05-13T21:00:00Z,2026-05-13,7420.5,7483.75,7399,7469.5,1084525,CME US Index Futures ETH,HELPER_RAW_OUTPUT_WITH_TEMPLATE_DERIVED_UTC_SESSION_END_TIMESTAMPS_NOT_PROVIDER_VERBATIM_TIME0
APPENDIX_C_174_006,MES,MES 06-26,2026-05-14T21:00:00Z,2026-05-14,7477.25,7540,7471,7525.5,1148068,CME US Index Futures ETH,HELPER_RAW_OUTPUT_WITH_TEMPLATE_DERIVED_UTC_SESSION_END_TIMESTAMPS_NOT_PROVIDER_VERBATIM_TIME0
APPENDIX_C_174_006,MES,MES 06-26,2026-05-15T21:00:00Z,2026-05-15,7522.5,7528.25,7409.5,7432.25,1612253,CME US Index Futures ETH,HELPER_RAW_OUTPUT_WITH_TEMPLATE_DERIVED_UTC_SESSION_END_TIMESTAMPS_NOT_PROVIDER_VERBATIM_TIME0
APPENDIX_C_174_006,MES,MES 06-26,2026-05-18T21:00:00Z,2026-05-18,7410.25,7454.25,7372.75,7425.75,1904584,CME US Index Futures ETH,HELPER_RAW_OUTPUT_WITH_TEMPLATE_DERIVED_UTC_SESSION_END_TIMESTAMPS_NOT_PROVIDER_VERBATIM_TIME0
APPENDIX_C_174_006,MES,MES 06-26,2026-05-19T21:00:00Z,2026-05-19,7423,7440.75,7353.75,7378,1638003,CME US Index Futures ETH,HELPER_RAW_OUTPUT_WITH_TEMPLATE_DERIVED_UTC_SESSION_END_TIMESTAMPS_NOT_PROVIDER_VERBATIM_TIME0
APPENDIX_C_174_006,MES,MES 06-26,2026-05-20T21:00:00Z,2026-05-20,7377.75,7458,7356,7451.75,1470962,CME US Index Futures ETH,HELPER_RAW_OUTPUT_WITH_TEMPLATE_DERIVED_UTC_SESSION_END_TIMESTAMPS_NOT_PROVIDER_VERBATIM_TIME0
APPENDIX_C_174_006,MES,MES 06-26,2026-05-21T21:00:00Z,2026-05-21,7433.25,7486.75,7407.5,7466,1625141,CME US Index Futures ETH,HELPER_RAW_OUTPUT_WITH_TEMPLATE_DERIVED_UTC_SESSION_END_TIMESTAMPS_NOT_PROVIDER_VERBATIM_TIME0
APPENDIX_C_174_006,MES,MES 06-26,2026-05-22T21:00:00Z,2026-05-22,7467.5,7524,7466.5,7491,1150830,CME US Index Futures ETH,HELPER_RAW_OUTPUT_WITH_TEMPLATE_DERIVED_UTC_SESSION_END_TIMESTAMPS_NOT_PROVIDER_VERBATIM_TIME0
APPENDIX_C_174_006,MES,MES 06-26,2026-05-25T21:00:00Z,2026-05-25,7518.5,7570,7516.75,7564.5,264366,CME US Index Futures ETH,HELPER_RAW_OUTPUT_WITH_TEMPLATE_DERIVED_UTC_SESSION_END_TIMESTAMPS_NOT_PROVIDER_VERBATIM_TIME0
APPENDIX_C_174_006,MES,MES 06-26,2026-05-26T21:00:00Z,2026-05-26,7563.25,7566,7517,7537,974076,CME US Index Futures ETH,HELPER_RAW_OUTPUT_WITH_TEMPLATE_DERIVED_UTC_SESSION_END_TIMESTAMPS_NOT_PROVIDER_VERBATIM_TIME0
APPENDIX_C_174_006,MES,MES 06-26,2026-05-27T21:00:00Z,2026-05-27,7534,7570.5,7514.75,7540,1140841,CME US Index Futures ETH,HELPER_RAW_OUTPUT_WITH_TEMPLATE_DERIVED_UTC_SESSION_END_TIMESTAMPS_NOT_PROVIDER_VERBATIM_TIME0
APPENDIX_C_174_006,MES,MES 06-26,2026-05-28T21:00:00Z,2026-05-28,7554.75,7590.75,7505.75,7581.75,1025412,CME US Index Futures ETH,HELPER_RAW_OUTPUT_WITH_TEMPLATE_DERIVED_UTC_SESSION_END_TIMESTAMPS_NOT_PROVIDER_VERBATIM_TIME0
