ts_recv,ts_event,rtype,publisher_id,instrument_id,raw_symbol,security_update_action,instrument_class,min_price_increment,display_factor,expiration,activation,high_limit_price,low_limit_price,max_price_variation,trading_reference_price,unit_of_measure_qty,min_price_increment_amount,price_ratio,inst_attrib_value,underlying_id,raw_instrument_id,market_depth_implied,market_depth,market_segment_id,max_trade_vol,min_lot_size,min_lot_size_block,min_lot_size_round_lot,min_trade_vol,contract_multiplier,decay_quantity,original_contract_size,trading_reference_date,appl_id,maturity_year,decay_start_date,channel_id,currency,settl_currency,secsubtype,group,exchange,asset,cfi,security_type,unit_of_measure,underlying,strike_price_currency,strike_price,match_algorithm,md_security_trading_status,main_fraction,price_display_format,settl_price_type,sub_fraction,underlying_product,maturity_month,maturity_day,maturity_week,user_defined_instrument,contract_multiplier_unit,flow_schedule_type,tick_rule,symbol
2023-06-07 22:44:02.676305789+00:00,2023-06-07 22:44:02.668869337+00:00,19,1,110030,ZNH4,A,F,0.015625,1.0,2024-03-19 17:01:00+00:00,2023-06-21 21:30:00+00:00,,0.015625,0.5,0.0,100000.0,0.001,,272463,0,110030,0,10,84,19999,0,0,0,1,2147483647,2147483647,2147483647,19515,344,2024,65535,19,USD,,,ZN,XCBT,ZN,FFDXSX,FUT,USD,,,,F,255,32,3,1,2,14,3,255,255,N,127,127,255,ZNH4
2023-06-08 00:00:00+00:00,2023-06-07 22:44:02.668869337+00:00,19,1,110030,ZNH4,A,F,0.015625,1.0,2024-03-19 17:01:00+00:00,2023-06-21 21:30:00+00:00,,0.015625,0.5,0.0,100000.0,0.001,,272463,0,110030,0,10,84,19999,0,0,0,1,2147483647,2147483647,2147483647,19515,344,2024,65535,19,USD,,,ZN,XCBT,ZN,FFDXSX,FUT,USD,,,,F,255,32,3,1,2,14,3,255,255,N,127,127,255,ZNH4
2023-06-09 00:00:00+00:00,2023-06-07 22:44:02.668869337+00:00,19,1,110030,ZNH4,A,F,0.015625,1.0,2024-03-19 17:01:00+00:00,2023-06-21 21:30:00+00:00,,0.015625,0.5,0.0,100000.0,0.001,,272463,0,110030,0,10,84,19999,0,0,0,1,2147483647,2147483647,2147483647,19515,344,2024,65535,19,USD,,,ZN,XCBT,ZN,FFDXSX,FUT,USD,,,,F,255,32,3,1,2,14,3,255,255,N,127,127,255,ZNH4
2023-06-11 16:04:38.172896230+00:00,2023-06-11 16:04:38.018930013+00:00,19,1,110030,ZNH4,A,F,0.015625,1.0,2024-03-19 17:01:00+00:00,2023-06-21 21:30:00+00:00,,0.015625,0.5,0.0,100000.0,0.001,,796751,0,110030,2,10,84,19999,0,0,0,1,2147483647,2147483647,2147483647,19517,344,2024,65535,19,USD,,,ZN,XCBT,ZN,FFDXSX,FUT,USD,,,,F,255,32,3,1,2,14,3,255,255,N,127,127,255,ZNH4
2023-06-12 00:00:00+00:00,2023-06-11 16:04:38.018930013+00:00,19,1,110030,ZNH4,A,F,0.015625,1.0,2024-03-19 17:01:00+00:00,2023-06-21 21:30:00+00:00,,0.015625,0.5,0.0,100000.0,0.001,,796751,0,110030,2,10,84,19999,0,0,0,1,2147483647,2147483647,2147483647,19517,344,2024,65535,19,USD,,,ZN,XCBT,ZN,FFDXSX,FUT,USD,,,,F,255,32,3,1,2,14,3,255,255,N,127,127,255,ZNH4
2023-06-13 00:00:00+00:00,2023-06-11 16:04:38.018930013+00:00,19,1,110030,ZNH4,A,F,0.015625,1.0,2024-03-19 17:01:00+00:00,2023-06-21 21:30:00+00:00,,0.015625,0.5,0.0,100000.0,0.001,,796751,0,110030,2,10,84,19999,0,0,0,1,2147483647,2147483647,2147483647,19517,344,2024,65535,19,USD,,,ZN,XCBT,ZN,FFDXSX,FUT,USD,,,,F,255,32,3,1,2,14,3,255,255,N,127,127,255,ZNH4
2023-06-14 00:00:00+00:00,2023-06-11 16:04:38.018930013+00:00,19,1,110030,ZNH4,A,F,0.015625,1.0,2024-03-19 17:01:00+00:00,2023-06-21 21:30:00+00:00,,0.015625,0.5,0.0,100000.0,0.001,,796751,0,110030,2,10,84,19999,0,0,0,1,2147483647,2147483647,2147483647,19517,344,2024,65535,19,USD,,,ZN,XCBT,ZN,FFDXSX,FUT,USD,,,,F,255,32,3,1,2,14,3,255,255,N,127,127,255,ZNH4
2023-06-15 00:00:00+00:00,2023-06-11 16:04:38.018930013+00:00,19,1,110030,ZNH4,A,F,0.015625,1.0,2024-03-19 17:01:00+00:00,2023-06-21 21:30:00+00:00,,0.015625,0.5,0.0,100000.0,0.001,,796751,0,110030,2,10,84,19999,0,0,0,1,2147483647,2147483647,2147483647,19517,344,2024,65535,19,USD,,,ZN,XCBT,ZN,FFDXSX,FUT,USD,,,,F,255,32,3,1,2,14,3,255,255,N,127,127,255,ZNH4
2023-06-16 00:00:00+00:00,2023-06-11 16:04:38.018930013+00:00,19,1,110030,ZNH4,A,F,0.015625,1.0,2024-03-19 17:01:00+00:00,2023-06-21 21:30:00+00:00,,0.015625,0.5,0.0,100000.0,0.001,,796751,0,110030,2,10,84,19999,0,0,0,1,2147483647,2147483647,2147483647,19517,344,2024,65535,19,USD,,,ZN,XCBT,ZN,FFDXSX,FUT,USD,,,,F,255,32,3,1,2,14,3,255,255,N,127,127,255,ZNH4
2023-06-18 16:04:37.490191580+00:00,2023-06-18 16:04:37.334769427+00:00,19,1,110030,ZNH4,A,F,0.015625,1.0,2024-03-19 17:01:00+00:00,2023-06-21 21:30:00+00:00,,0.015625,0.5,0.0,100000.0,0.001,,796751,0,110030,2,10,84,19999,0,0,0,1,2147483647,2147483647,2147483647,19524,344,2024,65535,19,USD,,,ZN,XCBT,ZN,FFDXSX,FUT,USD,,,,F,255,32,3,1,2,14,3,255,255,N,127,127,255,ZNH4
2023-06-19 00:00:00+00:00,2023-06-18 16:04:37.334769427+00:00,19,1,110030,ZNH4,A,F,0.015625,1.0,2024-03-19 17:01:00+00:00,2023-06-21 21:30:00+00:00,,0.015625,0.5,0.0,100000.0,0.001,,796751,0,110030,2,10,84,19999,0,0,0,1,2147483647,2147483647,2147483647,19524,344,2024,65535,19,USD,,,ZN,XCBT,ZN,FFDXSX,FUT,USD,,,,F,255,32,3,1,2,14,3,255,255,N,127,127,255,ZNH4
2023-06-20 00:00:00+00:00,2023-06-18 16:04:37.334769427+00:00,19,1,110030,ZNH4,A,F,0.015625,1.0,2024-03-19 17:01:00+00:00,2023-06-21 21:30:00+00:00,,0.015625,0.5,0.0,100000.0,0.001,,796751,0,110030,2,10,84,19999,0,0,0,1,2147483647,2147483647,2147483647,19524,344,2024,65535,19,USD,,,ZN,XCBT,ZN,FFDXSX,FUT,USD,,,,F,255,32,3,1,2,14,3,255,255,N,127,127,255,ZNH4
2023-06-21 00:00:00+00:00,2023-06-18 16:04:37.334769427+00:00,19,1,110030,ZNH4,A,F,0.015625,1.0,2024-03-19 17:01:00+00:00,2023-06-21 21:30:00+00:00,,0.015625,0.5,0.0,100000.0,0.001,,796751,0,110030,2,10,84,19999,0,0,0,1,2147483647,2147483647,2147483647,19524,344,2024,65535,19,USD,,,ZN,XCBT,ZN,FFDXSX,FUT,USD,,,,F,255,32,3,1,2,14,3,255,255,N,127,127,255,ZNH4
2023-06-22 00:00:00+00:00,2023-06-18 16:04:37.334769427+00:00,19,1,110030,ZNH4,A,F,0.015625,1.0,2024-03-19 17:01:00+00:00,2023-06-21 21:30:00+00:00,,0.015625,0.5,0.0,100000.0,0.001,,796751,0,110030,2,10,84,19999,0,0,0,1,2147483647,2147483647,2147483647,19524,344,2024,65535,19,USD,,,ZN,XCBT,ZN,FFDXSX,FUT,USD,,,,F,255,32,3,1,2,14,3,255,255,N,127,127,255,ZNH4
2023-06-23 00:00:00+00:00,2023-06-18 16:04:37.334769427+00:00,19,1,110030,ZNH4,A,F,0.015625,1.0,2024-03-19 17:01:00+00:00,2023-06-21 21:30:00+00:00,,0.015625,0.5,0.0,100000.0,0.001,,796751,0,110030,2,10,84,19999,0,0,0,1,2147483647,2147483647,2147483647,19524,344,2024,65535,19,USD,,,ZN,XCBT,ZN,FFDXSX,FUT,USD,,,,F,255,32,3,1,2,14,3,255,255,N,127,127,255,ZNH4
2023-06-25 11:09:23.362853503+00:00,2023-06-25 11:09:23.201515085+00:00,19,1,110030,ZNH4,A,F,0.015625,1.0,2024-03-19 17:01:00+00:00,2023-06-21 21:30:00+00:00,,0.015625,0.5,114.328125,100000.0,0.001,,796751,0,110030,2,10,84,19999,0,0,0,1,2147483647,2147483647,2147483647,19531,344,2024,65535,19,USD,,,ZN,XCBT,ZN,FFDXSX,FUT,USD,,,,F,255,32,3,3,2,14,3,255,255,N,127,127,255,ZNH4
2023-06-26 00:00:00+00:00,2023-06-25 11:09:23.201515085+00:00,19,1,110030,ZNH4,A,F,0.015625,1.0,2024-03-19 17:01:00+00:00,2023-06-21 21:30:00+00:00,,0.015625,0.5,114.328125,100000.0,0.001,,796751,0,110030,2,10,84,19999,0,0,0,1,2147483647,2147483647,2147483647,19531,344,2024,65535,19,USD,,,ZN,XCBT,ZN,FFDXSX,FUT,USD,,,,F,255,32,3,3,2,14,3,255,255,N,127,127,255,ZNH4
2023-06-27 00:00:00+00:00,2023-06-25 11:09:23.201515085+00:00,19,1,110030,ZNH4,A,F,0.015625,1.0,2024-03-19 17:01:00+00:00,2023-06-21 21:30:00+00:00,,0.015625,0.5,114.328125,100000.0,0.001,,796751,0,110030,2,10,84,19999,0,0,0,1,2147483647,2147483647,2147483647,19531,344,2024,65535,19,USD,,,ZN,XCBT,ZN,FFDXSX,FUT,USD,,,,F,255,32,3,3,2,14,3,255,255,N,127,127,255,ZNH4
2023-06-28 00:00:00+00:00,2023-06-25 11:09:23.201515085+00:00,19,1,110030,ZNH4,A,F,0.015625,1.0,2024-03-19 17:01:00+00:00,2023-06-21 21:30:00+00:00,,0.015625,0.5,114.328125,100000.0,0.001,,796751,0,110030,2,10,84,19999,0,0,0,1,2147483647,2147483647,2147483647,19531,344,2024,65535,19,USD,,,ZN,XCBT,ZN,FFDXSX,FUT,USD,,,,F,255,32,3,3,2,14,3,255,255,N,127,127,255,ZNH4
2023-06-29 00:00:00+00:00,2023-06-25 11:09:23.201515085+00:00,19,1,110030,ZNH4,A,F,0.015625,1.0,2024-03-19 17:01:00+00:00,2023-06-21 21:30:00+00:00,,0.015625,0.5,114.328125,100000.0,0.001,,796751,0,110030,2,10,84,19999,0,0,0,1,2147483647,2147483647,2147483647,19531,344,2024,65535,19,USD,,,ZN,XCBT,ZN,FFDXSX,FUT,USD,,,,F,255,32,3,3,2,14,3,255,255,N,127,127,255,ZNH4
2023-06-30 00:00:00+00:00,2023-06-25 11:09:23.201515085+00:00,19,1,110030,ZNH4,A,F,0.015625,1.0,2024-03-19 17:01:00+00:00,2023-06-21 21:30:00+00:00,,0.015625,0.5,114.328125,100000.0,0.001,,796751,0,110030,2,10,84,19999,0,0,0,1,2147483647,2147483647,2147483647,19531,344,2024,65535,19,USD,,,ZN,XCBT,ZN,FFDXSX,FUT,USD,,,,F,255,32,3,3,2,14,3,255,255,N,127,127,255,ZNH4
2023-07-02 11:08:40.008315098+00:00,2023-07-02 11:08:39.852079909+00:00,19,1,110030,ZNH4,A,F,0.015625,1.0,2024-03-19 17:01:00+00:00,2023-06-21 21:30:00+00:00,,0.015625,0.5,113.515625,100000.0,0.001,,796751,0,110030,2,10,84,19999,0,0,0,1,2147483647,2147483647,2147483647,19538,344,2024,65535,19,USD,,,ZN,XCBT,ZN,FFDXSX,FUT,USD,,,,F,255,32,3,3,2,14,3,255,255,N,127,127,255,ZNH4
2023-07-03 00:00:00+00:00,2023-07-02 11:08:39.852079909+00:00,19,1,110030,ZNH4,A,F,0.015625,1.0,2024-03-19 17:01:00+00:00,2023-06-21 21:30:00+00:00,,0.015625,0.5,113.515625,100000.0,0.001,,796751,0,110030,2,10,84,19999,0,0,0,1,2147483647,2147483647,2147483647,19538,344,2024,65535,19,USD,,,ZN,XCBT,ZN,FFDXSX,FUT,USD,,,,F,255,32,3,3,2,14,3,255,255,N,127,127,255,ZNH4
2023-07-04 00:00:00+00:00,2023-07-02 11:08:39.852079909+00:00,19,1,110030,ZNH4,A,F,0.015625,1.0,2024-03-19 17:01:00+00:00,2023-06-21 21:30:00+00:00,,0.015625,0.5,113.515625,100000.0,0.001,,796751,0,110030,2,10,84,19999,0,0,0,1,2147483647,2147483647,2147483647,19538,344,2024,65535,19,USD,,,ZN,XCBT,ZN,FFDXSX,FUT,USD,,,,F,255,32,3,3,2,14,3,255,255,N,127,127,255,ZNH4
2023-07-05 00:00:00+00:00,2023-07-02 11:08:39.852079909+00:00,19,1,110030,ZNH4,A,F,0.015625,1.0,2024-03-19 17:01:00+00:00,2023-06-21 21:30:00+00:00,,0.015625,0.5,113.515625,100000.0,0.001,,796751,0,110030,2,10,84,19999,0,0,0,1,2147483647,2147483647,2147483647,19538,344,2024,65535,19,USD,,,ZN,XCBT,ZN,FFDXSX,FUT,USD,,,,F,255,32,3,3,2,14,3,255,255,N,127,127,255,ZNH4
2023-07-06 00:00:00+00:00,2023-07-02 11:08:39.852079909+00:00,19,1,110030,ZNH4,A,F,0.015625,1.0,2024-03-19 17:01:00+00:00,2023-06-21 21:30:00+00:00,,0.015625,0.5,113.515625,100000.0,0.001,,796751,0,110030,2,10,84,19999,0,0,0,1,2147483647,2147483647,2147483647,19538,344,2024,65535,19,USD,,,ZN,XCBT,ZN,FFDXSX,FUT,USD,,,,F,255,32,3,3,2,14,3,255,255,N,127,127,255,ZNH4
2023-07-07 00:00:00+00:00,2023-07-02 11:08:39.852079909+00:00,19,1,110030,ZNH4,A,F,0.015625,1.0,2024-03-19 17:01:00+00:00,2023-06-21 21:30:00+00:00,,0.015625,0.5,113.515625,100000.0,0.001,,796751,0,110030,2,10,84,19999,0,0,0,1,2147483647,2147483647,2147483647,19538,344,2024,65535,19,USD,,,ZN,XCBT,ZN,FFDXSX,FUT,USD,,,,F,255,32,3,3,2,14,3,255,255,N,127,127,255,ZNH4
2023-07-09 11:08:58.730100968+00:00,2023-07-09 11:08:58.572295955+00:00,19,1,110030,ZNH4,A,F,0.015625,1.0,2024-03-19 17:01:00+00:00,2023-06-21 21:30:00+00:00,,0.015625,0.5,111.921875,100000.0,0.001,,796751,0,110030,2,10,84,19999,0,0,0,1,2147483647,2147483647,2147483647,19545,344,2024,65535,19,USD,,,ZN,XCBT,ZN,FFDXSX,FUT,USD,,,,F,255,32,3,3,2,14,3,255,255,N,127,127,255,ZNH4
2023-07-10 00:00:00+00:00,2023-07-09 11:08:58.572295955+00:00,19,1,110030,ZNH4,A,F,0.015625,1.0,2024-03-19 17:01:00+00:00,2023-06-21 21:30:00+00:00,,0.015625,0.5,111.921875,100000.0,0.001,,796751,0,110030,2,10,84,19999,0,0,0,1,2147483647,2147483647,2147483647,19545,344,2024,65535,19,USD,,,ZN,XCBT,ZN,FFDXSX,FUT,USD,,,,F,255,32,3,3,2,14,3,255,255,N,127,127,255,ZNH4
2023-07-11 00:00:00+00:00,2023-07-09 11:08:58.572295955+00:00,19,1,110030,ZNH4,A,F,0.015625,1.0,2024-03-19 17:01:00+00:00,2023-06-21 21:30:00+00:00,,0.015625,0.5,111.921875,100000.0,0.001,,796751,0,110030,2,10,84,19999,0,0,0,1,2147483647,2147483647,2147483647,19545,344,2024,65535,19,USD,,,ZN,XCBT,ZN,FFDXSX,FUT,USD,,,,F,255,32,3,3,2,14,3,255,255,N,127,127,255,ZNH4
2023-07-12 00:00:00+00:00,2023-07-09 11:08:58.572295955+00:00,19,1,110030,ZNH4,A,F,0.015625,1.0,2024-03-19 17:01:00+00:00,2023-06-21 21:30:00+00:00,,0.015625,0.5,111.921875,100000.0,0.001,,796751,0,110030,2,10,84,19999,0,0,0,1,2147483647,2147483647,2147483647,19545,344,2024,65535,19,USD,,,ZN,XCBT,ZN,FFDXSX,FUT,USD,,,,F,255,32,3,3,2,14,3,255,255,N,127,127,255,ZNH4
2023-07-13 00:00:00+00:00,2023-07-09 11:08:58.572295955+00:00,19,1,110030,ZNH4,A,F,0.015625,1.0,2024-03-19 17:01:00+00:00,2023-06-21 21:30:00+00:00,,0.015625,0.5,111.921875,100000.0,0.001,,796751,0,110030,2,10,84,19999,0,0,0,1,2147483647,2147483647,2147483647,19545,344,2024,65535,19,USD,,,ZN,XCBT,ZN,FFDXSX,FUT,USD,,,,F,255,32,3,3,2,14,3,255,255,N,127,127,255,ZNH4
2023-07-14 00:00:00+00:00,2023-07-09 11:08:58.572295955+00:00,19,1,110030,ZNH4,A,F,0.015625,1.0,2024-03-19 17:01:00+00:00,2023-06-21 21:30:00+00:00,,0.015625,0.5,111.921875,100000.0,0.001,,796751,0,110030,2,10,84,19999,0,0,0,1,2147483647,2147483647,2147483647,19545,344,2024,65535,19,USD,,,ZN,XCBT,ZN,FFDXSX,FUT,USD,,,,F,255,32,3,3,2,14,3,255,255,N,127,127,255,ZNH4
2023-07-16 11:04:37.910184770+00:00,2023-07-16 11:04:37.748891247+00:00,19,1,110030,ZNH4,A,F,0.015625,1.0,2024-03-19 17:01:00+00:00,2023-06-21 21:30:00+00:00,,0.015625,0.5,113.828125,100000.0,0.001,,796751,0,110030,2,10,84,19999,0,0,0,1,2147483647,2147483647,2147483647,19552,344,2024,65535,19,USD,,,ZN,XCBT,ZN,FFDXSX,FUT,USD,,,,F,255,32,3,3,2,14,3,255,255,N,127,127,255,ZNH4
2023-07-17 00:00:00+00:00,2023-07-16 11:04:37.748891247+00:00,19,1,110030,ZNH4,A,F,0.015625,1.0,2024-03-19 17:01:00+00:00,2023-06-21 21:30:00+00:00,,0.015625,0.5,113.828125,100000.0,0.001,,796751,0,110030,2,10,84,19999,0,0,0,1,2147483647,2147483647,2147483647,19552,344,2024,65535,19,USD,,,ZN,XCBT,ZN,FFDXSX,FUT,USD,,,,F,255,32,3,3,2,14,3,255,255,N,127,127,255,ZNH4
2023-07-18 00:00:00+00:00,2023-07-16 11:04:37.748891247+00:00,19,1,110030,ZNH4,A,F,0.015625,1.0,2024-03-19 17:01:00+00:00,2023-06-21 21:30:00+00:00,,0.015625,0.5,113.828125,100000.0,0.001,,796751,0,110030,2,10,84,19999,0,0,0,1,2147483647,2147483647,2147483647,19552,344,2024,65535,19,USD,,,ZN,XCBT,ZN,FFDXSX,FUT,USD,,,,F,255,32,3,3,2,14,3,255,255,N,127,127,255,ZNH4
2023-07-19 00:00:00+00:00,2023-07-16 11:04:37.748891247+00:00,19,1,110030,ZNH4,A,F,0.015625,1.0,2024-03-19 17:01:00+00:00,2023-06-21 21:30:00+00:00,,0.015625,0.5,113.828125,100000.0,0.001,,796751,0,110030,2,10,84,19999,0,0,0,1,2147483647,2147483647,2147483647,19552,344,2024,65535,19,USD,,,ZN,XCBT,ZN,FFDXSX,FUT,USD,,,,F,255,32,3,3,2,14,3,255,255,N,127,127,255,ZNH4
2023-07-20 00:00:00+00:00,2023-07-16 11:04:37.748891247+00:00,19,1,110030,ZNH4,A,F,0.015625,1.0,2024-03-19 17:01:00+00:00,2023-06-21 21:30:00+00:00,,0.015625,0.5,113.828125,100000.0,0.001,,796751,0,110030,2,10,84,19999,0,0,0,1,2147483647,2147483647,2147483647,19552,344,2024,65535,19,USD,,,ZN,XCBT,ZN,FFDXSX,FUT,USD,,,,F,255,32,3,3,2,14,3,255,255,N,127,127,255,ZNH4
2023-07-21 00:00:00+00:00,2023-07-16 11:04:37.748891247+00:00,19,1,110030,ZNH4,A,F,0.015625,1.0,2024-03-19 17:01:00+00:00,2023-06-21 21:30:00+00:00,,0.015625,0.5,113.828125,100000.0,0.001,,796751,0,110030,2,10,84,19999,0,0,0,1,2147483647,2147483647,2147483647,19552,344,2024,65535,19,USD,,,ZN,XCBT,ZN,FFDXSX,FUT,USD,,,,F,255,32,3,3,2,14,3,255,255,N,127,127,255,ZNH4
2023-07-23 11:04:38.567816729+00:00,2023-07-23 11:04:38.409500267+00:00,19,1,110030,ZNH4,A,F,0.015625,1.0,2024-03-19 17:01:00+00:00,2023-06-21 21:30:00+00:00,,0.015625,0.5,113.484375,100000.0,0.001,,796751,0,110030,2,10,84,19999,0,0,0,1,2147483647,2147483647,2147483647,19559,344,2024,65535,19,USD,,,ZN,XCBT,ZN,FFDXSX,FUT,USD,,,,F,255,32,3,3,2,14,3,255,255,N,127,127,255,ZNH4
2023-07-24 00:00:00+00:00,2023-07-23 11:04:38.409500267+00:00,19,1,110030,ZNH4,A,F,0.015625,1.0,2024-03-19 17:01:00+00:00,2023-06-21 21:30:00+00:00,,0.015625,0.5,113.484375,100000.0,0.001,,796751,0,110030,2,10,84,19999,0,0,0,1,2147483647,2147483647,2147483647,19559,344,2024,65535,19,USD,,,ZN,XCBT,ZN,FFDXSX,FUT,USD,,,,F,255,32,3,3,2,14,3,255,255,N,127,127,255,ZNH4
2023-07-25 00:00:00+00:00,2023-07-23 11:04:38.409500267+00:00,19,1,110030,ZNH4,A,F,0.015625,1.0,2024-03-19 17:01:00+00:00,2023-06-21 21:30:00+00:00,,0.015625,0.5,113.484375,100000.0,0.001,,796751,0,110030,2,10,84,19999,0,0,0,1,2147483647,2147483647,2147483647,19559,344,2024,65535,19,USD,,,ZN,XCBT,ZN,FFDXSX,FUT,USD,,,,F,255,32,3,3,2,14,3,255,255,N,127,127,255,ZNH4
2023-07-26 00:00:00+00:00,2023-07-23 11:04:38.409500267+00:00,19,1,110030,ZNH4,A,F,0.015625,1.0,2024-03-19 17:01:00+00:00,2023-06-21 21:30:00+00:00,,0.015625,0.5,113.484375,100000.0,0.001,,796751,0,110030,2,10,84,19999,0,0,0,1,2147483647,2147483647,2147483647,19559,344,2024,65535,19,USD,,,ZN,XCBT,ZN,FFDXSX,FUT,USD,,,,F,255,32,3,3,2,14,3,255,255,N,127,127,255,ZNH4
2023-07-27 00:00:00+00:00,2023-07-23 11:04:38.409500267+00:00,19,1,110030,ZNH4,A,F,0.015625,1.0,2024-03-19 17:01:00+00:00,2023-06-21 21:30:00+00:00,,0.015625,0.5,113.484375,100000.0,0.001,,796751,0,110030,2,10,84,19999,0,0,0,1,2147483647,2147483647,2147483647,19559,344,2024,65535,19,USD,,,ZN,XCBT,ZN,FFDXSX,FUT,USD,,,,F,255,32,3,3,2,14,3,255,255,N,127,127,255,ZNH4
2023-07-28 00:00:00+00:00,2023-07-23 11:04:38.409500267+00:00,19,1,110030,ZNH4,A,F,0.015625,1.0,2024-03-19 17:01:00+00:00,2023-06-21 21:30:00+00:00,,0.015625,0.5,113.484375,100000.0,0.001,,796751,0,110030,2,10,84,19999,0,0,0,1,2147483647,2147483647,2147483647,19559,344,2024,65535,19,USD,,,ZN,XCBT,ZN,FFDXSX,FUT,USD,,,,F,255,32,3,3,2,14,3,255,255,N,127,127,255,ZNH4
2023-07-30 11:04:38.418676040+00:00,2023-07-30 11:04:38.261555039+00:00,19,1,110030,ZNH4,A,F,0.015625,1.0,2024-03-19 17:01:00+00:00,2023-06-21 21:30:00+00:00,,0.015625,0.5,112.5,100000.0,0.001,,796751,0,110030,2,10,84,19999,0,0,0,1,2147483647,2147483647,2147483647,19566,344,2024,65535,19,USD,,,ZN,XCBT,ZN,FFDXSX,FUT,USD,,,,F,255,32,3,3,2,14,3,255,255,N,127,127,255,ZNH4
2023-07-31 00:00:00+00:00,2023-07-30 11:04:38.261555039+00:00,19,1,110030,ZNH4,A,F,0.015625,1.0,2024-03-19 17:01:00+00:00,2023-06-21 21:30:00+00:00,,0.015625,0.5,112.5,100000.0,0.001,,796751,0,110030,2,10,84,19999,0,0,0,1,2147483647,2147483647,2147483647,19566,344,2024,65535,19,USD,,,ZN,XCBT,ZN,FFDXSX,FUT,USD,,,,F,255,32,3,3,2,14,3,255,255,N,127,127,255,ZNH4
2023-08-01 00:00:00+00:00,2023-07-30 11:04:38.261555039+00:00,19,1,110030,ZNH4,A,F,0.015625,1.0,2024-03-19 17:01:00+00:00,2023-06-21 21:30:00+00:00,,0.015625,0.5,112.5,100000.0,0.001,,796751,0,110030,2,10,84,19999,0,0,0,1,2147483647,2147483647,2147483647,19566,344,2024,65535,19,USD,,,ZN,XCBT,ZN,FFDXSX,FUT,USD,,,,F,255,32,3,3,2,14,3,255,255,N,127,127,255,ZNH4
2023-08-02 00:00:00+00:00,2023-07-30 11:04:38.261555039+00:00,19,1,110030,ZNH4,A,F,0.015625,1.0,2024-03-19 17:01:00+00:00,2023-06-21 21:30:00+00:00,,0.015625,0.5,112.5,100000.0,0.001,,796751,0,110030,2,10,84,19999,0,0,0,1,2147483647,2147483647,2147483647,19566,344,2024,65535,19,USD,,,ZN,XCBT,ZN,FFDXSX,FUT,USD,,,,F,255,32,3,3,2,14,3,255,255,N,127,127,255,ZNH4
2023-08-03 00:00:00+00:00,2023-07-30 11:04:38.261555039+00:00,19,1,110030,ZNH4,A,F,0.015625,1.0,2024-03-19 17:01:00+00:00,2023-06-21 21:30:00+00:00,,0.015625,0.5,112.5,100000.0,0.001,,796751,0,110030,2,10,84,19999,0,0,0,1,2147483647,2147483647,2147483647,19566,344,2024,65535,19,USD,,,ZN,XCBT,ZN,FFDXSX,FUT,USD,,,,F,255,32,3,3,2,14,3,255,255,N,127,127,255,ZNH4
2023-08-04 00:00:00+00:00,2023-07-30 11:04:38.261555039+00:00,19,1,110030,ZNH4,A,F,0.015625,1.0,2024-03-19 17:01:00+00:00,2023-06-21 21:30:00+00:00,,0.015625,0.5,112.5,100000.0,0.001,,796751,0,110030,2,10,84,19999,0,0,0,1,2147483647,2147483647,2147483647,19566,344,2024,65535,19,USD,,,ZN,XCBT,ZN,FFDXSX,FUT,USD,,,,F,255,32,3,3,2,14,3,255,255,N,127,127,255,ZNH4
2023-08-06 11:04:38.211444514+00:00,2023-08-06 11:04:38.054916145+00:00,19,1,110030,ZNH4,A,F,0.015625,1.0,2024-03-19 17:01:00+00:00,2023-06-21 21:30:00+00:00,,0.015625,0.5,112.265625,100000.0,0.001,,796751,0,110030,2,10,84,19999,0,0,0,1,2147483647,2147483647,2147483647,19573,344,2024,65535,19,USD,,,ZN,XCBT,ZN,FFDXSX,FUT,USD,,,,F,255,32,3,3,2,14,3,255,255,N,127,127,255,ZNH4
2023-08-07 00:00:00+00:00,2023-08-06 11:04:38.054916145+00:00,19,1,110030,ZNH4,A,F,0.015625,1.0,2024-03-19 17:01:00+00:00,2023-06-21 21:30:00+00:00,,0.015625,0.5,112.265625,100000.0,0.001,,796751,0,110030,2,10,84,19999,0,0,0,1,2147483647,2147483647,2147483647,19573,344,2024,65535,19,USD,,,ZN,XCBT,ZN,FFDXSX,FUT,USD,,,,F,255,32,3,3,2,14,3,255,255,N,127,127,255,ZNH4
2023-08-08 00:00:00+00:00,2023-08-06 11:04:38.054916145+00:00,19,1,110030,ZNH4,A,F,0.015625,1.0,2024-03-19 17:01:00+00:00,2023-06-21 21:30:00+00:00,,0.015625,0.5,112.265625,100000.0,0.001,,796751,0,110030,2,10,84,19999,0,0,0,1,2147483647,2147483647,2147483647,19573,344,2024,65535,19,USD,,,ZN,XCBT,ZN,FFDXSX,FUT,USD,,,,F,255,32,3,3,2,14,3,255,255,N,127,127,255,ZNH4
2023-08-09 00:00:00+00:00,2023-08-06 11:04:38.054916145+00:00,19,1,110030,ZNH4,A,F,0.015625,1.0,2024-03-19 17:01:00+00:00,2023-06-21 21:30:00+00:00,,0.015625,0.5,112.265625,100000.0,0.001,,796751,0,110030,2,10,84,19999,0,0,0,1,2147483647,2147483647,2147483647,19573,344,2024,65535,19,USD,,,ZN,XCBT,ZN,FFDXSX,FUT,USD,,,,F,255,32,3,3,2,14,3,255,255,N,127,127,255,ZNH4
2023-08-10 00:00:00+00:00,2023-08-06 11:04:38.054916145+00:00,19,1,110030,ZNH4,A,F,0.015625,1.0,2024-03-19 17:01:00+00:00,2023-06-21 21:30:00+00:00,,0.015625,0.5,112.265625,100000.0,0.001,,796751,0,110030,2,10,84,19999,0,0,0,1,2147483647,2147483647,2147483647,19573,344,2024,65535,19,USD,,,ZN,XCBT,ZN,FFDXSX,FUT,USD,,,,F,255,32,3,3,2,14,3,255,255,N,127,127,255,ZNH4
2023-08-11 00:00:00+00:00,2023-08-06 11:04:38.054916145+00:00,19,1,110030,ZNH4,A,F,0.015625,1.0,2024-03-19 17:01:00+00:00,2023-06-21 21:30:00+00:00,,0.015625,0.5,112.265625,100000.0,0.001,,796751,0,110030,2,10,84,19999,0,0,0,1,2147483647,2147483647,2147483647,19573,344,2024,65535,19,USD,,,ZN,XCBT,ZN,FFDXSX,FUT,USD,,,,F,255,32,3,3,2,14,3,255,255,N,127,127,255,ZNH4
2023-08-13 11:04:38.439767851+00:00,2023-08-13 11:04:38.282197719+00:00,19,1,110030,ZNH4,A,F,0.015625,1.0,2024-03-19 17:01:00+00:00,2023-06-21 21:30:00+00:00,,0.015625,0.5,111.296875,100000.0,0.001,,796751,0,110030,2,10,84,19999,0,0,0,1,2147483647,2147483647,2147483647,19580,344,2024,65535,19,USD,,,ZN,XCBT,ZN,FFDXSX,FUT,USD,,,,F,255,32,3,3,2,14,3,255,255,N,127,127,255,ZNH4
2023-08-14 00:00:00+00:00,2023-08-13 11:04:38.282197719+00:00,19,1,110030,ZNH4,A,F,0.015625,1.0,2024-03-19 17:01:00+00:00,2023-06-21 21:30:00+00:00,,0.015625,0.5,111.296875,100000.0,0.001,,796751,0,110030,2,10,84,19999,0,0,0,1,2147483647,2147483647,2147483647,19580,344,2024,65535,19,USD,,,ZN,XCBT,ZN,FFDXSX,FUT,USD,,,,F,255,32,3,3,2,14,3,255,255,N,127,127,255,ZNH4
2023-08-15 00:00:00+00:00,2023-08-13 11:04:38.282197719+00:00,19,1,110030,ZNH4,A,F,0.015625,1.0,2024-03-19 17:01:00+00:00,2023-06-21 21:30:00+00:00,,0.015625,0.5,111.296875,100000.0,0.001,,796751,0,110030,2,10,84,19999,0,0,0,1,2147483647,2147483647,2147483647,19580,344,2024,65535,19,USD,,,ZN,XCBT,ZN,FFDXSX,FUT,USD,,,,F,255,32,3,3,2,14,3,255,255,N,127,127,255,ZNH4
2023-08-16 00:00:00+00:00,2023-08-13 11:04:38.282197719+00:00,19,1,110030,ZNH4,A,F,0.015625,1.0,2024-03-19 17:01:00+00:00,2023-06-21 21:30:00+00:00,,0.015625,0.5,111.296875,100000.0,0.001,,796751,0,110030,2,10,84,19999,0,0,0,1,2147483647,2147483647,2147483647,19580,344,2024,65535,19,USD,,,ZN,XCBT,ZN,FFDXSX,FUT,USD,,,,F,255,32,3,3,2,14,3,255,255,N,127,127,255,ZNH4
2023-08-17 00:00:00+00:00,2023-08-13 11:04:38.282197719+00:00,19,1,110030,ZNH4,A,F,0.015625,1.0,2024-03-19 17:01:00+00:00,2023-06-21 21:30:00+00:00,,0.015625,0.5,111.296875,100000.0,0.001,,796751,0,110030,2,10,84,19999,0,0,0,1,2147483647,2147483647,2147483647,19580,344,2024,65535,19,USD,,,ZN,XCBT,ZN,FFDXSX,FUT,USD,,,,F,255,32,3,3,2,14,3,255,255,N,127,127,255,ZNH4
2023-08-18 00:00:00+00:00,2023-08-13 11:04:38.282197719+00:00,19,1,110030,ZNH4,A,F,0.015625,1.0,2024-03-19 17:01:00+00:00,2023-06-21 21:30:00+00:00,,0.015625,0.5,111.296875,100000.0,0.001,,796751,0,110030,2,10,84,19999,0,0,0,1,2147483647,2147483647,2147483647,19580,344,2024,65535,19,USD,,,ZN,XCBT,ZN,FFDXSX,FUT,USD,,,,F,255,32,3,3,2,14,3,255,255,N,127,127,255,ZNH4
2023-08-20 11:04:38.381919415+00:00,2023-08-20 11:04:38.221675757+00:00,19,1,110030,ZNH4,A,F,0.015625,1.0,2024-03-19 17:01:00+00:00,2023-06-21 21:30:00+00:00,,0.015625,0.5,110.671875,100000.0,0.001,,796751,0,110030,2,10,84,19999,0,0,0,1,2147483647,2147483647,2147483647,19587,344,2024,65535,19,USD,,,ZN,XCBT,ZN,FFDXSX,FUT,USD,,,,F,255,32,3,3,2,14,3,255,255,N,127,127,255,ZNH4
2023-08-21 00:00:00+00:00,2023-08-20 11:04:38.221675757+00:00,19,1,110030,ZNH4,A,F,0.015625,1.0,2024-03-19 17:01:00+00:00,2023-06-21 21:30:00+00:00,,0.015625,0.5,110.671875,100000.0,0.001,,796751,0,110030,2,10,84,19999,0,0,0,1,2147483647,2147483647,2147483647,19587,344,2024,65535,19,USD,,,ZN,XCBT,ZN,FFDXSX,FUT,USD,,,,F,255,32,3,3,2,14,3,255,255,N,127,127,255,ZNH4
2023-08-22 00:00:00+00:00,2023-08-20 11:04:38.221675757+00:00,19,1,110030,ZNH4,A,F,0.015625,1.0,2024-03-19 17:01:00+00:00,2023-06-21 21:30:00+00:00,,0.015625,0.5,110.671875,100000.0,0.001,,796751,0,110030,2,10,84,19999,0,0,0,1,2147483647,2147483647,2147483647,19587,344,2024,65535,19,USD,,,ZN,XCBT,ZN,FFDXSX,FUT,USD,,,,F,255,32,3,3,2,14,3,255,255,N,127,127,255,ZNH4
2023-08-23 00:00:00+00:00,2023-08-20 11:04:38.221675757+00:00,19,1,110030,ZNH4,A,F,0.015625,1.0,2024-03-19 17:01:00+00:00,2023-06-21 21:30:00+00:00,,0.015625,0.5,110.671875,100000.0,0.001,,796751,0,110030,2,10,84,19999,0,0,0,1,2147483647,2147483647,2147483647,19587,344,2024,65535,19,USD,,,ZN,XCBT,ZN,FFDXSX,FUT,USD,,,,F,255,32,3,3,2,14,3,255,255,N,127,127,255,ZNH4
2023-08-24 00:00:00+00:00,2023-08-20 11:04:38.221675757+00:00,19,1,110030,ZNH4,A,F,0.015625,1.0,2024-03-19 17:01:00+00:00,2023-06-21 21:30:00+00:00,,0.015625,0.5,110.671875,100000.0,0.001,,796751,0,110030,2,10,84,19999,0,0,0,1,2147483647,2147483647,2147483647,19587,344,2024,65535,19,USD,,,ZN,XCBT,ZN,FFDXSX,FUT,USD,,,,F,255,32,3,3,2,14,3,255,255,N,127,127,255,ZNH4
2023-08-25 00:00:00+00:00,2023-08-20 11:04:38.221675757+00:00,19,1,110030,ZNH4,A,F,0.015625,1.0,2024-03-19 17:01:00+00:00,2023-06-21 21:30:00+00:00,,0.015625,0.5,110.671875,100000.0,0.001,,796751,0,110030,2,10,84,19999,0,0,0,1,2147483647,2147483647,2147483647,19587,344,2024,65535,19,USD,,,ZN,XCBT,ZN,FFDXSX,FUT,USD,,,,F,255,32,3,3,2,14,3,255,255,N,127,127,255,ZNH4
2023-08-27 11:04:37.961707709+00:00,2023-08-27 11:04:37.800342893+00:00,19,1,110030,ZNH4,A,F,0.015625,1.0,2024-03-19 17:01:00+00:00,2023-06-21 21:30:00+00:00,,0.015625,0.5,110.515625,100000.0,0.001,,796751,0,110030,2,10,84,19999,0,0,0,1,2147483647,2147483647,2147483647,19594,344,2024,65535,19,USD,,,ZN,XCBT,ZN,FFDXSX,FUT,USD,,,,F,255,32,3,3,2,14,3,255,255,N,127,127,255,ZNH4
2023-08-28 00:00:00+00:00,2023-08-27 11:04:37.800342893+00:00,19,1,110030,ZNH4,A,F,0.015625,1.0,2024-03-19 17:01:00+00:00,2023-06-21 21:30:00+00:00,,0.015625,0.5,110.515625,100000.0,0.001,,796751,0,110030,2,10,84,19999,0,0,0,1,2147483647,2147483647,2147483647,19594,344,2024,65535,19,USD,,,ZN,XCBT,ZN,FFDXSX,FUT,USD,,,,F,255,32,3,3,2,14,3,255,255,N,127,127,255,ZNH4
2023-08-29 00:00:00+00:00,2023-08-27 11:04:37.800342893+00:00,19,1,110030,ZNH4,A,F,0.015625,1.0,2024-03-19 17:01:00+00:00,2023-06-21 21:30:00+00:00,,0.015625,0.5,110.515625,100000.0,0.001,,796751,0,110030,2,10,84,19999,0,0,0,1,2147483647,2147483647,2147483647,19594,344,2024,65535,19,USD,,,ZN,XCBT,ZN,FFDXSX,FUT,USD,,,,F,255,32,3,3,2,14,3,255,255,N,127,127,255,ZNH4
2023-08-30 00:00:00+00:00,2023-08-27 11:04:37.800342893+00:00,19,1,110030,ZNH4,A,F,0.015625,1.0,2024-03-19 17:01:00+00:00,2023-06-21 21:30:00+00:00,,0.015625,0.5,110.515625,100000.0,0.001,,796751,0,110030,2,10,84,19999,0,0,0,1,2147483647,2147483647,2147483647,19594,344,2024,65535,19,USD,,,ZN,XCBT,ZN,FFDXSX,FUT,USD,,,,F,255,32,3,3,2,14,3,255,255,N,127,127,255,ZNH4
2023-08-31 00:00:00+00:00,2023-08-27 11:04:37.800342893+00:00,19,1,110030,ZNH4,A,F,0.015625,1.0,2024-03-19 17:01:00+00:00,2023-06-21 21:30:00+00:00,,0.015625,0.5,110.515625,100000.0,0.001,,796751,0,110030,2,10,84,19999,0,0,0,1,2147483647,2147483647,2147483647,19594,344,2024,65535,19,USD,,,ZN,XCBT,ZN,FFDXSX,FUT,USD,,,,F,255,32,3,3,2,14,3,255,255,N,127,127,255,ZNH4
2023-09-01 00:00:00+00:00,2023-08-27 11:04:37.800342893+00:00,19,1,110030,ZNH4,A,F,0.015625,1.0,2024-03-19 17:01:00+00:00,2023-06-21 21:30:00+00:00,,0.015625,0.5,110.515625,100000.0,0.001,,796751,0,110030,2,10,84,19999,0,0,0,1,2147483647,2147483647,2147483647,19594,344,2024,65535,19,USD,,,ZN,XCBT,ZN,FFDXSX,FUT,USD,,,,F,255,32,3,3,2,14,3,255,255,N,127,127,255,ZNH4
2023-09-03 11:04:38.447990074+00:00,2023-09-03 11:04:38.299957407+00:00,19,1,110030,ZNH4,A,F,0.015625,1.0,2024-03-19 17:01:00+00:00,2023-06-21 21:30:00+00:00,,0.015625,0.5,111.171875,100000.0,0.001,,796751,0,110030,2,10,84,19999,0,0,0,1,2147483647,2147483647,2147483647,19601,344,2024,65535,19,USD,,,ZN,XCBT,ZN,FFDXSX,FUT,USD,,,,F,255,32,3,3,2,14,3,255,255,N,127,127,255,ZNH4
2023-09-04 00:00:00+00:00,2023-09-03 11:04:38.299957407+00:00,19,1,110030,ZNH4,A,F,0.015625,1.0,2024-03-19 17:01:00+00:00,2023-06-21 21:30:00+00:00,,0.015625,0.5,111.171875,100000.0,0.001,,796751,0,110030,2,10,84,19999,0,0,0,1,2147483647,2147483647,2147483647,19601,344,2024,65535,19,USD,,,ZN,XCBT,ZN,FFDXSX,FUT,USD,,,,F,255,32,3,3,2,14,3,255,255,N,127,127,255,ZNH4
2023-09-05 00:00:00+00:00,2023-09-03 11:04:38.299957407+00:00,19,1,110030,ZNH4,A,F,0.015625,1.0,2024-03-19 17:01:00+00:00,2023-06-21 21:30:00+00:00,,0.015625,0.5,111.171875,100000.0,0.001,,796751,0,110030,2,10,84,19999,0,0,0,1,2147483647,2147483647,2147483647,19601,344,2024,65535,19,USD,,,ZN,XCBT,ZN,FFDXSX,FUT,USD,,,,F,255,32,3,3,2,14,3,255,255,N,127,127,255,ZNH4
2023-09-06 00:00:00+00:00,2023-09-03 11:04:38.299957407+00:00,19,1,110030,ZNH4,A,F,0.015625,1.0,2024-03-19 17:01:00+00:00,2023-06-21 21:30:00+00:00,,0.015625,0.5,111.171875,100000.0,0.001,,796751,0,110030,2,10,84,19999,0,0,0,1,2147483647,2147483647,2147483647,19601,344,2024,65535,19,USD,,,ZN,XCBT,ZN,FFDXSX,FUT,USD,,,,F,255,32,3,3,2,14,3,255,255,N,127,127,255,ZNH4
2023-09-07 00:00:00+00:00,2023-09-03 11:04:38.299957407+00:00,19,1,110030,ZNH4,A,F,0.015625,1.0,2024-03-19 17:01:00+00:00,2023-06-21 21:30:00+00:00,,0.015625,0.5,111.171875,100000.0,0.001,,796751,0,110030,2,10,84,19999,0,0,0,1,2147483647,2147483647,2147483647,19601,344,2024,65535,19,USD,,,ZN,XCBT,ZN,FFDXSX,FUT,USD,,,,F,255,32,3,3,2,14,3,255,255,N,127,127,255,ZNH4
2023-09-08 00:00:00+00:00,2023-09-03 11:04:38.299957407+00:00,19,1,110030,ZNH4,A,F,0.015625,1.0,2024-03-19 17:01:00+00:00,2023-06-21 21:30:00+00:00,,0.015625,0.5,111.171875,100000.0,0.001,,796751,0,110030,2,10,84,19999,0,0,0,1,2147483647,2147483647,2147483647,19601,344,2024,65535,19,USD,,,ZN,XCBT,ZN,FFDXSX,FUT,USD,,,,F,255,32,3,3,2,14,3,255,255,N,127,127,255,ZNH4
2023-09-10 11:04:37.855653584+00:00,2023-09-10 11:04:37.704881413+00:00,19,1,110030,ZNH4,A,F,0.015625,1.0,2024-03-19 17:01:00+00:00,2023-06-21 21:30:00+00:00,,0.015625,0.5,110.5,100000.0,0.001,,796751,0,110030,2,10,84,19999,0,0,0,1,2147483647,2147483647,2147483647,19608,344,2024,65535,19,USD,,,ZN,XCBT,ZN,FFDXSX,FUT,USD,,,,F,255,32,3,3,2,14,3,255,255,N,127,127,255,ZNH4
2023-09-11 00:00:00+00:00,2023-09-10 11:04:37.704881413+00:00,19,1,110030,ZNH4,A,F,0.015625,1.0,2024-03-19 17:01:00+00:00,2023-06-21 21:30:00+00:00,,0.015625,0.5,110.5,100000.0,0.001,,796751,0,110030,2,10,84,19999,0,0,0,1,2147483647,2147483647,2147483647,19608,344,2024,65535,19,USD,,,ZN,XCBT,ZN,FFDXSX,FUT,USD,,,,F,255,32,3,3,2,14,3,255,255,N,127,127,255,ZNH4
2023-09-12 00:00:00+00:00,2023-09-10 11:04:37.704881413+00:00,19,1,110030,ZNH4,A,F,0.015625,1.0,2024-03-19 17:01:00+00:00,2023-06-21 21:30:00+00:00,,0.015625,0.5,110.5,100000.0,0.001,,796751,0,110030,2,10,84,19999,0,0,0,1,2147483647,2147483647,2147483647,19608,344,2024,65535,19,USD,,,ZN,XCBT,ZN,FFDXSX,FUT,USD,,,,F,255,32,3,3,2,14,3,255,255,N,127,127,255,ZNH4
2023-09-13 00:00:00+00:00,2023-09-10 11:04:37.704881413+00:00,19,1,110030,ZNH4,A,F,0.015625,1.0,2024-03-19 17:01:00+00:00,2023-06-21 21:30:00+00:00,,0.015625,0.5,110.5,100000.0,0.001,,796751,0,110030,2,10,84,19999,0,0,0,1,2147483647,2147483647,2147483647,19608,344,2024,65535,19,USD,,,ZN,XCBT,ZN,FFDXSX,FUT,USD,,,,F,255,32,3,3,2,14,3,255,255,N,127,127,255,ZNH4
2023-09-14 00:00:00+00:00,2023-09-10 11:04:37.704881413+00:00,19,1,110030,ZNH4,A,F,0.015625,1.0,2024-03-19 17:01:00+00:00,2023-06-21 21:30:00+00:00,,0.015625,0.5,110.5,100000.0,0.001,,796751,0,110030,2,10,84,19999,0,0,0,1,2147483647,2147483647,2147483647,19608,344,2024,65535,19,USD,,,ZN,XCBT,ZN,FFDXSX,FUT,USD,,,,F,255,32,3,3,2,14,3,255,255,N,127,127,255,ZNH4
2023-09-15 00:00:00+00:00,2023-09-10 11:04:37.704881413+00:00,19,1,110030,ZNH4,A,F,0.015625,1.0,2024-03-19 17:01:00+00:00,2023-06-21 21:30:00+00:00,,0.015625,0.5,110.5,100000.0,0.001,,796751,0,110030,2,10,84,19999,0,0,0,1,2147483647,2147483647,2147483647,19608,344,2024,65535,19,USD,,,ZN,XCBT,ZN,FFDXSX,FUT,USD,,,,F,255,32,3,3,2,14,3,255,255,N,127,127,255,ZNH4
2023-09-17 13:35:47.598194398+00:00,2023-09-17 13:35:47.470326083+00:00,19,1,110030,ZNH4,A,F,0.015625,1.0,2024-03-19 17:01:00+00:00,2023-06-21 21:30:00+00:00,,0.015625,0.5,110.015625,100000.0,0.001,,796751,0,110030,2,10,84,19999,0,0,0,1,2147483647,2147483647,2147483647,19615,344,2024,65535,19,USD,,,ZN,XCBT,ZN,FFDXSX,FUT,USD,,,,F,255,32,3,3,2,14,3,255,255,N,127,127,255,ZNH4
2023-09-18 00:00:00+00:00,2023-09-17 13:35:47.470326083+00:00,19,1,110030,ZNH4,A,F,0.015625,1.0,2024-03-19 17:01:00+00:00,2023-06-21 21:30:00+00:00,,0.015625,0.5,110.015625,100000.0,0.001,,796751,0,110030,2,10,84,19999,0,0,0,1,2147483647,2147483647,2147483647,19615,344,2024,65535,19,USD,,,ZN,XCBT,ZN,FFDXSX,FUT,USD,,,,F,255,32,3,3,2,14,3,255,255,N,127,127,255,ZNH4
2023-09-19 00:00:00+00:00,2023-09-17 13:35:47.470326083+00:00,19,1,110030,ZNH4,A,F,0.015625,1.0,2024-03-19 17:01:00+00:00,2023-06-21 21:30:00+00:00,,0.015625,0.5,110.015625,100000.0,0.001,,796751,0,110030,2,10,84,19999,0,0,0,1,2147483647,2147483647,2147483647,19615,344,2024,65535,19,USD,,,ZN,XCBT,ZN,FFDXSX,FUT,USD,,,,F,255,32,3,3,2,14,3,255,255,N,127,127,255,ZNH4
2023-09-20 00:00:00+00:00,2023-09-17 13:35:47.470326083+00:00,19,1,110030,ZNH4,A,F,0.015625,1.0,2024-03-19 17:01:00+00:00,2023-06-21 21:30:00+00:00,,0.015625,0.5,110.015625,100000.0,0.001,,796751,0,110030,2,10,84,19999,0,0,0,1,2147483647,2147483647,2147483647,19615,344,2024,65535,19,USD,,,ZN,XCBT,ZN,FFDXSX,FUT,USD,,,,F,255,32,3,3,2,14,3,255,255,N,127,127,255,ZNH4
2023-09-21 00:00:00+00:00,2023-09-17 13:35:47.470326083+00:00,19,1,110030,ZNH4,A,F,0.015625,1.0,2024-03-19 17:01:00+00:00,2023-06-21 21:30:00+00:00,,0.015625,0.5,110.015625,100000.0,0.001,,796751,0,110030,2,10,84,19999,0,0,0,1,2147483647,2147483647,2147483647,19615,344,2024,65535,19,USD,,,ZN,XCBT,ZN,FFDXSX,FUT,USD,,,,F,255,32,3,3,2,14,3,255,255,N,127,127,255,ZNH4
2023-09-22 00:00:00+00:00,2023-09-17 13:35:47.470326083+00:00,19,1,110030,ZNH4,A,F,0.015625,1.0,2024-03-19 17:01:00+00:00,2023-06-21 21:30:00+00:00,,0.015625,0.5,110.015625,100000.0,0.001,,796751,0,110030,2,10,84,19999,0,0,0,1,2147483647,2147483647,2147483647,19615,344,2024,65535,19,USD,,,ZN,XCBT,ZN,FFDXSX,FUT,USD,,,,F,255,32,3,3,2,14,3,255,255,N,127,127,255,ZNH4
2023-09-24 11:04:37.659406399+00:00,2023-09-24 11:04:37.500827761+00:00,19,1,110030,ZNH4,A,F,0.015625,1.0,2024-03-19 17:01:00+00:00,2023-06-21 21:30:00+00:00,,0.015625,0.5,109.140625,100000.0,0.001,,796751,0,110030,2,10,84,19999,0,0,0,1,2147483647,2147483647,2147483647,19622,344,2024,65535,19,USD,,,ZN,XCBT,ZN,FFDXSX,FUT,USD,,,,F,255,32,3,3,2,14,3,255,255,N,127,127,255,ZNH4
2023-09-25 00:00:00+00:00,2023-09-24 11:04:37.500827761+00:00,19,1,110030,ZNH4,A,F,0.015625,1.0,2024-03-19 17:01:00+00:00,2023-06-21 21:30:00+00:00,,0.015625,0.5,109.140625,100000.0,0.001,,796751,0,110030,2,10,84,19999,0,0,0,1,2147483647,2147483647,2147483647,19622,344,2024,65535,19,USD,,,ZN,XCBT,ZN,FFDXSX,FUT,USD,,,,F,255,32,3,3,2,14,3,255,255,N,127,127,255,ZNH4
2023-09-26 00:00:00+00:00,2023-09-24 11:04:37.500827761+00:00,19,1,110030,ZNH4,A,F,0.015625,1.0,2024-03-19 17:01:00+00:00,2023-06-21 21:30:00+00:00,,0.015625,0.5,109.140625,100000.0,0.001,,796751,0,110030,2,10,84,19999,0,0,0,1,2147483647,2147483647,2147483647,19622,344,2024,65535,19,USD,,,ZN,XCBT,ZN,FFDXSX,FUT,USD,,,,F,255,32,3,3,2,14,3,255,255,N,127,127,255,ZNH4
2023-09-27 00:00:00+00:00,2023-09-24 11:04:37.500827761+00:00,19,1,110030,ZNH4,A,F,0.015625,1.0,2024-03-19 17:01:00+00:00,2023-06-21 21:30:00+00:00,,0.015625,0.5,109.140625,100000.0,0.001,,796751,0,110030,2,10,84,19999,0,0,0,1,2147483647,2147483647,2147483647,19622,344,2024,65535,19,USD,,,ZN,XCBT,ZN,FFDXSX,FUT,USD,,,,F,255,32,3,3,2,14,3,255,255,N,127,127,255,ZNH4
2023-09-28 00:00:00+00:00,2023-09-24 11:04:37.500827761+00:00,19,1,110030,ZNH4,A,F,0.015625,1.0,2024-03-19 17:01:00+00:00,2023-06-21 21:30:00+00:00,,0.015625,0.5,109.140625,100000.0,0.001,,796751,0,110030,2,10,84,19999,0,0,0,1,2147483647,2147483647,2147483647,19622,344,2024,65535,19,USD,,,ZN,XCBT,ZN,FFDXSX,FUT,USD,,,,F,255,32,3,3,2,14,3,255,255,N,127,127,255,ZNH4
2023-09-29 00:00:00+00:00,2023-09-24 11:04:37.500827761+00:00,19,1,110030,ZNH4,A,F,0.015625,1.0,2024-03-19 17:01:00+00:00,2023-06-21 21:30:00+00:00,,0.015625,0.5,109.140625,100000.0,0.001,,796751,0,110030,2,10,84,19999,0,0,0,1,2147483647,2147483647,2147483647,19622,344,2024,65535,19,USD,,,ZN,XCBT,ZN,FFDXSX,FUT,USD,,,,F,255,32,3,3,2,14,3,255,255,N,127,127,255,ZNH4
2023-10-01 11:04:37.818482803+00:00,2023-10-01 11:04:37.661467169+00:00,19,1,110030,ZNH4,A,F,0.015625,1.0,2024-03-19 17:01:00+00:00,2023-06-21 21:30:00+00:00,,0.015625,0.5,108.46875,100000.0,0.001,,796751,0,110030,2,10,84,19999,0,0,0,1,2147483647,2147483647,2147483647,19629,344,2024,65535,19,USD,,,ZN,XCBT,ZN,FFDXSX,FUT,USD,,,,F,255,32,3,3,2,14,3,255,255,N,127,127,255,ZNH4
2023-10-02 00:00:00+00:00,2023-10-01 11:04:37.661467169+00:00,19,1,110030,ZNH4,A,F,0.015625,1.0,2024-03-19 17:01:00+00:00,2023-06-21 21:30:00+00:00,,0.015625,0.5,108.46875,100000.0,0.001,,796751,0,110030,2,10,84,19999,0,0,0,1,2147483647,2147483647,2147483647,19629,344,2024,65535,19,USD,,,ZN,XCBT,ZN,FFDXSX,FUT,USD,,,,F,255,32,3,3,2,14,3,255,255,N,127,127,255,ZNH4
2023-10-03 00:00:00+00:00,2023-10-01 11:04:37.661467169+00:00,19,1,110030,ZNH4,A,F,0.015625,1.0,2024-03-19 17:01:00+00:00,2023-06-21 21:30:00+00:00,,0.015625,0.5,108.46875,100000.0,0.001,,796751,0,110030,2,10,84,19999,0,0,0,1,2147483647,2147483647,2147483647,19629,344,2024,65535,19,USD,,,ZN,XCBT,ZN,FFDXSX,FUT,USD,,,,F,255,32,3,3,2,14,3,255,255,N,127,127,255,ZNH4
2023-10-04 00:00:00+00:00,2023-10-01 11:04:37.661467169+00:00,19,1,110030,ZNH4,A,F,0.015625,1.0,2024-03-19 17:01:00+00:00,2023-06-21 21:30:00+00:00,,0.015625,0.5,108.46875,100000.0,0.001,,796751,0,110030,2,10,84,19999,0,0,0,1,2147483647,2147483647,2147483647,19629,344,2024,65535,19,USD,,,ZN,XCBT,ZN,FFDXSX,FUT,USD,,,,F,255,32,3,3,2,14,3,255,255,N,127,127,255,ZNH4
2023-10-05 00:00:00+00:00,2023-10-01 11:04:37.661467169+00:00,19,1,110030,ZNH4,A,F,0.015625,1.0,2024-03-19 17:01:00+00:00,2023-06-21 21:30:00+00:00,,0.015625,0.5,108.46875,100000.0,0.001,,796751,0,110030,2,10,84,19999,0,0,0,1,2147483647,2147483647,2147483647,19629,344,2024,65535,19,USD,,,ZN,XCBT,ZN,FFDXSX,FUT,USD,,,,F,255,32,3,3,2,14,3,255,255,N,127,127,255,ZNH4
2023-10-06 00:00:00+00:00,2023-10-01 11:04:37.661467169+00:00,19,1,110030,ZNH4,A,F,0.015625,1.0,2024-03-19 17:01:00+00:00,2023-06-21 21:30:00+00:00,,0.015625,0.5,108.46875,100000.0,0.001,,796751,0,110030,2,10,84,19999,0,0,0,1,2147483647,2147483647,2147483647,19629,344,2024,65535,19,USD,,,ZN,XCBT,ZN,FFDXSX,FUT,USD,,,,F,255,32,3,3,2,14,3,255,255,N,127,127,255,ZNH4
2023-10-08 11:04:38.429678060+00:00,2023-10-08 11:04:38.269218711+00:00,19,1,110030,ZNH4,A,F,0.015625,1.0,2024-03-19 17:01:00+00:00,2023-06-21 21:30:00+00:00,,0.015625,0.5,107.203125,100000.0,0.001,,796751,0,110030,2,10,84,19999,0,0,0,1,2147483647,2147483647,2147483647,19636,344,2024,65535,19,USD,,,ZN,XCBT,ZN,FFDXSX,FUT,USD,,,,F,255,32,3,3,2,14,3,255,255,N,127,127,255,ZNH4
2023-10-09 00:00:00+00:00,2023-10-08 11:04:38.269218711+00:00,19,1,110030,ZNH4,A,F,0.015625,1.0,2024-03-19 17:01:00+00:00,2023-06-21 21:30:00+00:00,,0.015625,0.5,107.203125,100000.0,0.001,,796751,0,110030,2,10,84,19999,0,0,0,1,2147483647,2147483647,2147483647,19636,344,2024,65535,19,USD,,,ZN,XCBT,ZN,FFDXSX,FUT,USD,,,,F,255,32,3,3,2,14,3,255,255,N,127,127,255,ZNH4
2023-10-10 00:00:00+00:00,2023-10-08 11:04:38.269218711+00:00,19,1,110030,ZNH4,A,F,0.015625,1.0,2024-03-19 17:01:00+00:00,2023-06-21 21:30:00+00:00,,0.015625,0.5,107.203125,100000.0,0.001,,796751,0,110030,2,10,84,19999,0,0,0,1,2147483647,2147483647,2147483647,19636,344,2024,65535,19,USD,,,ZN,XCBT,ZN,FFDXSX,FUT,USD,,,,F,255,32,3,3,2,14,3,255,255,N,127,127,255,ZNH4
2023-10-11 00:00:00+00:00,2023-10-08 11:04:38.269218711+00:00,19,1,110030,ZNH4,A,F,0.015625,1.0,2024-03-19 17:01:00+00:00,2023-06-21 21:30:00+00:00,,0.015625,0.5,107.203125,100000.0,0.001,,796751,0,110030,2,10,84,19999,0,0,0,1,2147483647,2147483647,2147483647,19636,344,2024,65535,19,USD,,,ZN,XCBT,ZN,FFDXSX,FUT,USD,,,,F,255,32,3,3,2,14,3,255,255,N,127,127,255,ZNH4
2023-10-12 00:00:00+00:00,2023-10-08 11:04:38.269218711+00:00,19,1,110030,ZNH4,A,F,0.015625,1.0,2024-03-19 17:01:00+00:00,2023-06-21 21:30:00+00:00,,0.015625,0.5,107.203125,100000.0,0.001,,796751,0,110030,2,10,84,19999,0,0,0,1,2147483647,2147483647,2147483647,19636,344,2024,65535,19,USD,,,ZN,XCBT,ZN,FFDXSX,FUT,USD,,,,F,255,32,3,3,2,14,3,255,255,N,127,127,255,ZNH4
2023-10-13 00:00:00+00:00,2023-10-08 11:04:38.269218711+00:00,19,1,110030,ZNH4,A,F,0.015625,1.0,2024-03-19 17:01:00+00:00,2023-06-21 21:30:00+00:00,,0.015625,0.5,107.203125,100000.0,0.001,,796751,0,110030,2,10,84,19999,0,0,0,1,2147483647,2147483647,2147483647,19636,344,2024,65535,19,USD,,,ZN,XCBT,ZN,FFDXSX,FUT,USD,,,,F,255,32,3,3,2,14,3,255,255,N,127,127,255,ZNH4
2023-10-15 12:47:13.972841298+00:00,2023-10-15 12:47:13.813783069+00:00,19,1,110030,ZNH4,A,F,0.015625,1.0,2024-03-19 17:01:00+00:00,2023-06-21 21:30:00+00:00,,0.015625,0.5,108.09375,100000.0,0.001,,796751,0,110030,2,10,84,19999,0,0,0,1,2147483647,2147483647,2147483647,19643,344,2024,65535,19,USD,,,ZN,XCBT,ZN,FFDXSX,FUT,USD,,,,F,255,32,3,3,2,14,3,255,255,N,127,127,255,ZNH4
2023-10-16 00:00:00+00:00,2023-10-15 12:47:13.813783069+00:00,19,1,110030,ZNH4,A,F,0.015625,1.0,2024-03-19 17:01:00+00:00,2023-06-21 21:30:00+00:00,,0.015625,0.5,108.09375,100000.0,0.001,,796751,0,110030,2,10,84,19999,0,0,0,1,2147483647,2147483647,2147483647,19643,344,2024,65535,19,USD,,,ZN,XCBT,ZN,FFDXSX,FUT,USD,,,,F,255,32,3,3,2,14,3,255,255,N,127,127,255,ZNH4
2023-10-17 00:00:00+00:00,2023-10-15 12:47:13.813783069+00:00,19,1,110030,ZNH4,A,F,0.015625,1.0,2024-03-19 17:01:00+00:00,2023-06-21 21:30:00+00:00,,0.015625,0.5,108.09375,100000.0,0.001,,796751,0,110030,2,10,84,19999,0,0,0,1,2147483647,2147483647,2147483647,19643,344,2024,65535,19,USD,,,ZN,XCBT,ZN,FFDXSX,FUT,USD,,,,F,255,32,3,3,2,14,3,255,255,N,127,127,255,ZNH4
2023-10-18 00:00:00+00:00,2023-10-15 12:47:13.813783069+00:00,19,1,110030,ZNH4,A,F,0.015625,1.0,2024-03-19 17:01:00+00:00,2023-06-21 21:30:00+00:00,,0.015625,0.5,108.09375,100000.0,0.001,,796751,0,110030,2,10,84,19999,0,0,0,1,2147483647,2147483647,2147483647,19643,344,2024,65535,19,USD,,,ZN,XCBT,ZN,FFDXSX,FUT,USD,,,,F,255,32,3,3,2,14,3,255,255,N,127,127,255,ZNH4
2023-10-19 00:00:00+00:00,2023-10-15 12:47:13.813783069+00:00,19,1,110030,ZNH4,A,F,0.015625,1.0,2024-03-19 17:01:00+00:00,2023-06-21 21:30:00+00:00,,0.015625,0.5,108.09375,100000.0,0.001,,796751,0,110030,2,10,84,19999,0,0,0,1,2147483647,2147483647,2147483647,19643,344,2024,65535,19,USD,,,ZN,XCBT,ZN,FFDXSX,FUT,USD,,,,F,255,32,3,3,2,14,3,255,255,N,127,127,255,ZNH4
2023-10-20 00:00:00+00:00,2023-10-15 12:47:13.813783069+00:00,19,1,110030,ZNH4,A,F,0.015625,1.0,2024-03-19 17:01:00+00:00,2023-06-21 21:30:00+00:00,,0.015625,0.5,108.09375,100000.0,0.001,,796751,0,110030,2,10,84,19999,0,0,0,1,2147483647,2147483647,2147483647,19643,344,2024,65535,19,USD,,,ZN,XCBT,ZN,FFDXSX,FUT,USD,,,,F,255,32,3,3,2,14,3,255,255,N,127,127,255,ZNH4
2023-10-22 11:04:38.499214865+00:00,2023-10-22 11:04:38.339953847+00:00,19,1,110030,ZNH4,A,F,0.015625,1.0,2024-03-19 17:01:00+00:00,2023-06-21 21:30:00+00:00,,0.015625,0.5,106.3125,100000.0,0.001,,796751,0,110030,2,10,84,19999,0,0,0,1,2147483647,2147483647,2147483647,19650,344,2024,65535,19,USD,,,ZN,XCBT,ZN,FFDXSX,FUT,USD,,,,F,255,32,3,3,2,14,3,255,255,N,127,127,255,ZNH4
2023-10-23 00:00:00+00:00,2023-10-22 11:04:38.339953847+00:00,19,1,110030,ZNH4,A,F,0.015625,1.0,2024-03-19 17:01:00+00:00,2023-06-21 21:30:00+00:00,,0.015625,0.5,106.3125,100000.0,0.001,,796751,0,110030,2,10,84,19999,0,0,0,1,2147483647,2147483647,2147483647,19650,344,2024,65535,19,USD,,,ZN,XCBT,ZN,FFDXSX,FUT,USD,,,,F,255,32,3,3,2,14,3,255,255,N,127,127,255,ZNH4
2023-10-24 00:00:00+00:00,2023-10-22 11:04:38.339953847+00:00,19,1,110030,ZNH4,A,F,0.015625,1.0,2024-03-19 17:01:00+00:00,2023-06-21 21:30:00+00:00,,0.015625,0.5,106.3125,100000.0,0.001,,796751,0,110030,2,10,84,19999,0,0,0,1,2147483647,2147483647,2147483647,19650,344,2024,65535,19,USD,,,ZN,XCBT,ZN,FFDXSX,FUT,USD,,,,F,255,32,3,3,2,14,3,255,255,N,127,127,255,ZNH4
2023-10-25 00:00:00+00:00,2023-10-22 11:04:38.339953847+00:00,19,1,110030,ZNH4,A,F,0.015625,1.0,2024-03-19 17:01:00+00:00,2023-06-21 21:30:00+00:00,,0.015625,0.5,106.3125,100000.0,0.001,,796751,0,110030,2,10,84,19999,0,0,0,1,2147483647,2147483647,2147483647,19650,344,2024,65535,19,USD,,,ZN,XCBT,ZN,FFDXSX,FUT,USD,,,,F,255,32,3,3,2,14,3,255,255,N,127,127,255,ZNH4
2023-10-26 00:00:00+00:00,2023-10-22 11:04:38.339953847+00:00,19,1,110030,ZNH4,A,F,0.015625,1.0,2024-03-19 17:01:00+00:00,2023-06-21 21:30:00+00:00,,0.015625,0.5,106.3125,100000.0,0.001,,796751,0,110030,2,10,84,19999,0,0,0,1,2147483647,2147483647,2147483647,19650,344,2024,65535,19,USD,,,ZN,XCBT,ZN,FFDXSX,FUT,USD,,,,F,255,32,3,3,2,14,3,255,255,N,127,127,255,ZNH4
2023-10-27 00:00:00+00:00,2023-10-22 11:04:38.339953847+00:00,19,1,110030,ZNH4,A,F,0.015625,1.0,2024-03-19 17:01:00+00:00,2023-06-21 21:30:00+00:00,,0.015625,0.5,106.3125,100000.0,0.001,,796751,0,110030,2,10,84,19999,0,0,0,1,2147483647,2147483647,2147483647,19650,344,2024,65535,19,USD,,,ZN,XCBT,ZN,FFDXSX,FUT,USD,,,,F,255,32,3,3,2,14,3,255,255,N,127,127,255,ZNH4
2023-10-29 11:04:38.708889370+00:00,2023-10-29 11:04:38.549333407+00:00,19,1,110030,ZNH4,A,F,0.015625,1.0,2024-03-19 17:01:00+00:00,2023-06-21 21:30:00+00:00,,0.015625,0.5,106.71875,100000.0,0.001,,796751,0,110030,2,10,84,19999,0,0,0,1,2147483647,2147483647,2147483647,19657,344,2024,65535,19,USD,,,ZN,XCBT,ZN,FFDXSX,FUT,USD,,,,F,255,32,3,3,2,14,3,255,255,N,127,127,255,ZNH4
2023-10-30 00:00:00+00:00,2023-10-29 11:04:38.549333407+00:00,19,1,110030,ZNH4,A,F,0.015625,1.0,2024-03-19 17:01:00+00:00,2023-06-21 21:30:00+00:00,,0.015625,0.5,106.71875,100000.0,0.001,,796751,0,110030,2,10,84,19999,0,0,0,1,2147483647,2147483647,2147483647,19657,344,2024,65535,19,USD,,,ZN,XCBT,ZN,FFDXSX,FUT,USD,,,,F,255,32,3,3,2,14,3,255,255,N,127,127,255,ZNH4
2023-10-31 00:00:00+00:00,2023-10-29 11:04:38.549333407+00:00,19,1,110030,ZNH4,A,F,0.015625,1.0,2024-03-19 17:01:00+00:00,2023-06-21 21:30:00+00:00,,0.015625,0.5,106.71875,100000.0,0.001,,796751,0,110030,2,10,84,19999,0,0,0,1,2147483647,2147483647,2147483647,19657,344,2024,65535,19,USD,,,ZN,XCBT,ZN,FFDXSX,FUT,USD,,,,F,255,32,3,3,2,14,3,255,255,N,127,127,255,ZNH4
2023-11-01 00:00:00+00:00,2023-10-29 11:04:38.549333407+00:00,19,1,110030,ZNH4,A,F,0.015625,1.0,2024-03-19 17:01:00+00:00,2023-06-21 21:30:00+00:00,,0.015625,0.5,106.71875,100000.0,0.001,,796751,0,110030,2,10,84,19999,0,0,0,1,2147483647,2147483647,2147483647,19657,344,2024,65535,19,USD,,,ZN,XCBT,ZN,FFDXSX,FUT,USD,,,,F,255,32,3,3,2,14,3,255,255,N,127,127,255,ZNH4
2023-11-02 00:00:00+00:00,2023-10-29 11:04:38.549333407+00:00,19,1,110030,ZNH4,A,F,0.015625,1.0,2024-03-19 17:01:00+00:00,2023-06-21 21:30:00+00:00,,0.015625,0.5,106.71875,100000.0,0.001,,796751,0,110030,2,10,84,19999,0,0,0,1,2147483647,2147483647,2147483647,19657,344,2024,65535,19,USD,,,ZN,XCBT,ZN,FFDXSX,FUT,USD,,,,F,255,32,3,3,2,14,3,255,255,N,127,127,255,ZNH4
2023-11-03 00:00:00+00:00,2023-10-29 11:04:38.549333407+00:00,19,1,110030,ZNH4,A,F,0.015625,1.0,2024-03-19 17:01:00+00:00,2023-06-21 21:30:00+00:00,,0.015625,0.5,106.71875,100000.0,0.001,,796751,0,110030,2,10,84,19999,0,0,0,1,2147483647,2147483647,2147483647,19657,344,2024,65535,19,USD,,,ZN,XCBT,ZN,FFDXSX,FUT,USD,,,,F,255,32,3,3,2,14,3,255,255,N,127,127,255,ZNH4
2023-11-05 12:04:39.257070525+00:00,2023-11-05 12:04:39.097763089+00:00,19,1,110030,ZNH4,A,F,0.015625,1.0,2024-03-19 17:01:00+00:00,2023-06-21 21:30:00+00:00,,0.015625,0.5,108.734375,100000.0,0.001,,796751,0,110030,2,10,84,19999,0,0,0,1,2147483647,2147483647,2147483647,19664,344,2024,65535,19,USD,,,ZN,XCBT,ZN,FFDXSX,FUT,USD,,,,F,255,32,3,3,2,14,3,255,255,N,127,127,255,ZNH4
2023-11-06 00:00:00+00:00,2023-11-05 12:04:39.097763089+00:00,19,1,110030,ZNH4,A,F,0.015625,1.0,2024-03-19 17:01:00+00:00,2023-06-21 21:30:00+00:00,,0.015625,0.5,108.734375,100000.0,0.001,,796751,0,110030,2,10,84,19999,0,0,0,1,2147483647,2147483647,2147483647,19664,344,2024,65535,19,USD,,,ZN,XCBT,ZN,FFDXSX,FUT,USD,,,,F,255,32,3,3,2,14,3,255,255,N,127,127,255,ZNH4
2023-11-07 00:00:00+00:00,2023-11-05 12:04:39.097763089+00:00,19,1,110030,ZNH4,A,F,0.015625,1.0,2024-03-19 17:01:00+00:00,2023-06-21 21:30:00+00:00,,0.015625,0.5,108.734375,100000.0,0.001,,796751,0,110030,2,10,84,19999,0,0,0,1,2147483647,2147483647,2147483647,19664,344,2024,65535,19,USD,,,ZN,XCBT,ZN,FFDXSX,FUT,USD,,,,F,255,32,3,3,2,14,3,255,255,N,127,127,255,ZNH4
2023-11-08 00:00:00+00:00,2023-11-05 12:04:39.097763089+00:00,19,1,110030,ZNH4,A,F,0.015625,1.0,2024-03-19 17:01:00+00:00,2023-06-21 21:30:00+00:00,,0.015625,0.5,108.734375,100000.0,0.001,,796751,0,110030,2,10,84,19999,0,0,0,1,2147483647,2147483647,2147483647,19664,344,2024,65535,19,USD,,,ZN,XCBT,ZN,FFDXSX,FUT,USD,,,,F,255,32,3,3,2,14,3,255,255,N,127,127,255,ZNH4
2023-11-09 00:00:00+00:00,2023-11-05 12:04:39.097763089+00:00,19,1,110030,ZNH4,A,F,0.015625,1.0,2024-03-19 17:01:00+00:00,2023-06-21 21:30:00+00:00,,0.015625,0.5,108.734375,100000.0,0.001,,796751,0,110030,2,10,84,19999,0,0,0,1,2147483647,2147483647,2147483647,19664,344,2024,65535,19,USD,,,ZN,XCBT,ZN,FFDXSX,FUT,USD,,,,F,255,32,3,3,2,14,3,255,255,N,127,127,255,ZNH4
2023-11-10 00:00:00+00:00,2023-11-05 12:04:39.097763089+00:00,19,1,110030,ZNH4,A,F,0.015625,1.0,2024-03-19 17:01:00+00:00,2023-06-21 21:30:00+00:00,,0.015625,0.5,108.734375,100000.0,0.001,,796751,0,110030,2,10,84,19999,0,0,0,1,2147483647,2147483647,2147483647,19664,344,2024,65535,19,USD,,,ZN,XCBT,ZN,FFDXSX,FUT,USD,,,,F,255,32,3,3,2,14,3,255,255,N,127,127,255,ZNH4
2023-11-12 12:04:38.240171244+00:00,2023-11-12 12:04:38.089462585+00:00,19,1,110030,ZNH4,A,F,0.015625,1.0,2024-03-19 17:01:00+00:00,2023-06-21 21:30:00+00:00,,0.015625,0.5,107.78125,100000.0,0.001,,796751,0,110030,2,10,84,19999,0,0,0,1,2147483647,2147483647,2147483647,19671,344,2024,65535,19,USD,,,ZN,XCBT,ZN,FFDXSX,FUT,USD,,,,F,255,32,3,3,2,14,3,255,255,N,127,127,255,ZNH4
2023-11-13 00:00:00+00:00,2023-11-12 12:04:38.089462585+00:00,19,1,110030,ZNH4,A,F,0.015625,1.0,2024-03-19 17:01:00+00:00,2023-06-21 21:30:00+00:00,,0.015625,0.5,107.78125,100000.0,0.001,,796751,0,110030,2,10,84,19999,0,0,0,1,2147483647,2147483647,2147483647,19671,344,2024,65535,19,USD,,,ZN,XCBT,ZN,FFDXSX,FUT,USD,,,,F,255,32,3,3,2,14,3,255,255,N,127,127,255,ZNH4
2023-11-14 00:00:00+00:00,2023-11-12 12:04:38.089462585+00:00,19,1,110030,ZNH4,A,F,0.015625,1.0,2024-03-19 17:01:00+00:00,2023-06-21 21:30:00+00:00,,0.015625,0.5,107.78125,100000.0,0.001,,796751,0,110030,2,10,84,19999,0,0,0,1,2147483647,2147483647,2147483647,19671,344,2024,65535,19,USD,,,ZN,XCBT,ZN,FFDXSX,FUT,USD,,,,F,255,32,3,3,2,14,3,255,255,N,127,127,255,ZNH4
2023-11-15 00:00:00+00:00,2023-11-12 12:04:38.089462585+00:00,19,1,110030,ZNH4,A,F,0.015625,1.0,2024-03-19 17:01:00+00:00,2023-06-21 21:30:00+00:00,,0.015625,0.5,107.78125,100000.0,0.001,,796751,0,110030,2,10,84,19999,0,0,0,1,2147483647,2147483647,2147483647,19671,344,2024,65535,19,USD,,,ZN,XCBT,ZN,FFDXSX,FUT,USD,,,,F,255,32,3,3,2,14,3,255,255,N,127,127,255,ZNH4
2023-11-16 00:00:00+00:00,2023-11-12 12:04:38.089462585+00:00,19,1,110030,ZNH4,A,F,0.015625,1.0,2024-03-19 17:01:00+00:00,2023-06-21 21:30:00+00:00,,0.015625,0.5,107.78125,100000.0,0.001,,796751,0,110030,2,10,84,19999,0,0,0,1,2147483647,2147483647,2147483647,19671,344,2024,65535,19,USD,,,ZN,XCBT,ZN,FFDXSX,FUT,USD,,,,F,255,32,3,3,2,14,3,255,255,N,127,127,255,ZNH4
2023-11-17 00:00:00+00:00,2023-11-12 12:04:38.089462585+00:00,19,1,110030,ZNH4,A,F,0.015625,1.0,2024-03-19 17:01:00+00:00,2023-06-21 21:30:00+00:00,,0.015625,0.5,107.78125,100000.0,0.001,,796751,0,110030,2,10,84,19999,0,0,0,1,2147483647,2147483647,2147483647,19671,344,2024,65535,19,USD,,,ZN,XCBT,ZN,FFDXSX,FUT,USD,,,,F,255,32,3,3,2,14,3,255,255,N,127,127,255,ZNH4
2023-11-19 12:04:37.691783888+00:00,2023-11-19 12:04:37.543076681+00:00,19,1,110030,ZNH4,A,F,0.015625,1.0,2024-03-19 17:01:00+00:00,2023-06-21 21:30:00+00:00,,0.015625,0.5,109.125,100000.0,0.001,,796751,0,110030,2,10,84,19999,0,0,0,1,2147483647,2147483647,2147483647,19678,344,2024,65535,19,USD,,,ZN,XCBT,ZN,FFDXSX,FUT,USD,,,,F,255,32,3,3,2,14,3,255,255,N,127,127,255,ZNH4
2023-11-20 00:00:00+00:00,2023-11-19 12:04:37.543076681+00:00,19,1,110030,ZNH4,A,F,0.015625,1.0,2024-03-19 17:01:00+00:00,2023-06-21 21:30:00+00:00,,0.015625,0.5,109.125,100000.0,0.001,,796751,0,110030,2,10,84,19999,0,0,0,1,2147483647,2147483647,2147483647,19678,344,2024,65535,19,USD,,,ZN,XCBT,ZN,FFDXSX,FUT,USD,,,,F,255,32,3,3,2,14,3,255,255,N,127,127,255,ZNH4
2023-11-21 00:00:00+00:00,2023-11-19 12:04:37.543076681+00:00,19,1,110030,ZNH4,A,F,0.015625,1.0,2024-03-19 17:01:00+00:00,2023-06-21 21:30:00+00:00,,0.015625,0.5,109.125,100000.0,0.001,,796751,0,110030,2,10,84,19999,0,0,0,1,2147483647,2147483647,2147483647,19678,344,2024,65535,19,USD,,,ZN,XCBT,ZN,FFDXSX,FUT,USD,,,,F,255,32,3,3,2,14,3,255,255,N,127,127,255,ZNH4
2023-11-22 00:00:00+00:00,2023-11-19 12:04:37.543076681+00:00,19,1,110030,ZNH4,A,F,0.015625,1.0,2024-03-19 17:01:00+00:00,2023-06-21 21:30:00+00:00,,0.015625,0.5,109.125,100000.0,0.001,,796751,0,110030,2,10,84,19999,0,0,0,1,2147483647,2147483647,2147483647,19678,344,2024,65535,19,USD,,,ZN,XCBT,ZN,FFDXSX,FUT,USD,,,,F,255,32,3,3,2,14,3,255,255,N,127,127,255,ZNH4
2023-11-23 00:00:00+00:00,2023-11-19 12:04:37.543076681+00:00,19,1,110030,ZNH4,A,F,0.015625,1.0,2024-03-19 17:01:00+00:00,2023-06-21 21:30:00+00:00,,0.015625,0.5,109.125,100000.0,0.001,,796751,0,110030,2,10,84,19999,0,0,0,1,2147483647,2147483647,2147483647,19678,344,2024,65535,19,USD,,,ZN,XCBT,ZN,FFDXSX,FUT,USD,,,,F,255,32,3,3,2,14,3,255,255,N,127,127,255,ZNH4
2023-11-24 00:00:00+00:00,2023-11-19 12:04:37.543076681+00:00,19,1,110030,ZNH4,A,F,0.015625,1.0,2024-03-19 17:01:00+00:00,2023-06-21 21:30:00+00:00,,0.015625,0.5,109.125,100000.0,0.001,,796751,0,110030,2,10,84,19999,0,0,0,1,2147483647,2147483647,2147483647,19678,344,2024,65535,19,USD,,,ZN,XCBT,ZN,FFDXSX,FUT,USD,,,,F,255,32,3,3,2,14,3,255,255,N,127,127,255,ZNH4
2023-11-26 12:04:38.536099581+00:00,2023-11-26 12:04:38.396777383+00:00,19,1,110030,ZNH4,A,F,0.015625,1.0,2024-03-19 17:01:00+00:00,2023-06-21 21:30:00+00:00,,0.015625,0.5,108.78125,100000.0,0.001,,796751,0,110030,2,10,84,19999,0,0,0,1,2147483647,2147483647,2147483647,19685,344,2024,65535,19,USD,,,ZN,XCBT,ZN,FFDXSX,FUT,USD,,,,F,255,32,3,3,2,14,3,255,255,N,127,127,255,ZNH4
2023-11-27 00:00:00+00:00,2023-11-26 12:04:38.396777383+00:00,19,1,110030,ZNH4,A,F,0.015625,1.0,2024-03-19 17:01:00+00:00,2023-06-21 21:30:00+00:00,,0.015625,0.5,108.78125,100000.0,0.001,,796751,0,110030,2,10,84,19999,0,0,0,1,2147483647,2147483647,2147483647,19685,344,2024,65535,19,USD,,,ZN,XCBT,ZN,FFDXSX,FUT,USD,,,,F,255,32,3,3,2,14,3,255,255,N,127,127,255,ZNH4
2023-11-28 00:00:00+00:00,2023-11-26 12:04:38.396777383+00:00,19,1,110030,ZNH4,A,F,0.015625,1.0,2024-03-19 17:01:00+00:00,2023-06-21 21:30:00+00:00,,0.015625,0.5,108.78125,100000.0,0.001,,796751,0,110030,2,10,84,19999,0,0,0,1,2147483647,2147483647,2147483647,19685,344,2024,65535,19,USD,,,ZN,XCBT,ZN,FFDXSX,FUT,USD,,,,F,255,32,3,3,2,14,3,255,255,N,127,127,255,ZNH4
2023-11-29 00:00:00+00:00,2023-11-26 12:04:38.396777383+00:00,19,1,110030,ZNH4,A,F,0.015625,1.0,2024-03-19 17:01:00+00:00,2023-06-21 21:30:00+00:00,,0.015625,0.5,108.78125,100000.0,0.001,,796751,0,110030,2,10,84,19999,0,0,0,1,2147483647,2147483647,2147483647,19685,344,2024,65535,19,USD,,,ZN,XCBT,ZN,FFDXSX,FUT,USD,,,,F,255,32,3,3,2,14,3,255,255,N,127,127,255,ZNH4
2023-11-30 00:00:00+00:00,2023-11-26 12:04:38.396777383+00:00,19,1,110030,ZNH4,A,F,0.015625,1.0,2024-03-19 17:01:00+00:00,2023-06-21 21:30:00+00:00,,0.015625,0.5,108.78125,100000.0,0.001,,796751,0,110030,2,10,84,19999,0,0,0,1,2147483647,2147483647,2147483647,19685,344,2024,65535,19,USD,,,ZN,XCBT,ZN,FFDXSX,FUT,USD,,,,F,255,32,3,3,2,14,3,255,255,N,127,127,255,ZNH4
2023-12-01 00:00:00+00:00,2023-11-26 12:04:38.396777383+00:00,19,1,110030,ZNH4,A,F,0.015625,1.0,2024-03-19 17:01:00+00:00,2023-06-21 21:30:00+00:00,,0.015625,0.5,108.78125,100000.0,0.001,,796751,0,110030,2,10,84,19999,0,0,0,1,2147483647,2147483647,2147483647,19685,344,2024,65535,19,USD,,,ZN,XCBT,ZN,FFDXSX,FUT,USD,,,,F,255,32,3,3,2,14,3,255,255,N,127,127,255,ZNH4
2023-12-03 12:04:38.258730002+00:00,2023-12-03 12:04:38.113026317+00:00,19,1,110030,ZNH4,A,F,0.015625,1.0,2024-03-19 17:01:00+00:00,2023-06-21 21:30:00+00:00,,0.015625,0.5,110.671875,100000.0,0.001,,796751,0,110030,2,10,84,19999,0,0,0,1,2147483647,2147483647,2147483647,19692,344,2024,65535,19,USD,,,ZN,XCBT,ZN,FFDXSX,FUT,USD,,,,F,255,32,3,3,2,14,3,255,255,N,127,127,255,ZNH4
2023-12-04 00:00:00+00:00,2023-12-03 12:04:38.113026317+00:00,19,1,110030,ZNH4,A,F,0.015625,1.0,2024-03-19 17:01:00+00:00,2023-06-21 21:30:00+00:00,,0.015625,0.5,110.671875,100000.0,0.001,,796751,0,110030,2,10,84,19999,0,0,0,1,2147483647,2147483647,2147483647,19692,344,2024,65535,19,USD,,,ZN,XCBT,ZN,FFDXSX,FUT,USD,,,,F,255,32,3,3,2,14,3,255,255,N,127,127,255,ZNH4
2023-12-05 00:00:00+00:00,2023-12-03 12:04:38.113026317+00:00,19,1,110030,ZNH4,A,F,0.015625,1.0,2024-03-19 17:01:00+00:00,2023-06-21 21:30:00+00:00,,0.015625,0.5,110.671875,100000.0,0.001,,796751,0,110030,2,10,84,19999,0,0,0,1,2147483647,2147483647,2147483647,19692,344,2024,65535,19,USD,,,ZN,XCBT,ZN,FFDXSX,FUT,USD,,,,F,255,32,3,3,2,14,3,255,255,N,127,127,255,ZNH4
2023-12-06 00:00:00+00:00,2023-12-03 12:04:38.113026317+00:00,19,1,110030,ZNH4,A,F,0.015625,1.0,2024-03-19 17:01:00+00:00,2023-06-21 21:30:00+00:00,,0.015625,0.5,110.671875,100000.0,0.001,,796751,0,110030,2,10,84,19999,0,0,0,1,2147483647,2147483647,2147483647,19692,344,2024,65535,19,USD,,,ZN,XCBT,ZN,FFDXSX,FUT,USD,,,,F,255,32,3,3,2,14,3,255,255,N,127,127,255,ZNH4
2023-12-07 00:00:00+00:00,2023-12-03 12:04:38.113026317+00:00,19,1,110030,ZNH4,A,F,0.015625,1.0,2024-03-19 17:01:00+00:00,2023-06-21 21:30:00+00:00,,0.015625,0.5,110.671875,100000.0,0.001,,796751,0,110030,2,10,84,19999,0,0,0,1,2147483647,2147483647,2147483647,19692,344,2024,65535,19,USD,,,ZN,XCBT,ZN,FFDXSX,FUT,USD,,,,F,255,32,3,3,2,14,3,255,255,N,127,127,255,ZNH4
2023-12-08 00:00:00+00:00,2023-12-03 12:04:38.113026317+00:00,19,1,110030,ZNH4,A,F,0.015625,1.0,2024-03-19 17:01:00+00:00,2023-06-21 21:30:00+00:00,,0.015625,0.5,110.671875,100000.0,0.001,,796751,0,110030,2,10,84,19999,0,0,0,1,2147483647,2147483647,2147483647,19692,344,2024,65535,19,USD,,,ZN,XCBT,ZN,FFDXSX,FUT,USD,,,,F,255,32,3,3,2,14,3,255,255,N,127,127,255,ZNH4
2023-12-10 12:04:37.977358060+00:00,2023-12-10 12:04:37.830807167+00:00,19,1,110030,ZNH4,A,F,0.015625,1.0,2024-03-19 17:01:00+00:00,2023-06-21 21:30:00+00:00,,0.015625,0.5,110.265625,100000.0,0.001,,796751,0,110030,2,10,84,19999,0,0,0,1,2147483647,2147483647,2147483647,19699,344,2024,65535,19,USD,,,ZN,XCBT,ZN,FFDXSX,FUT,USD,,,,F,255,32,3,3,2,14,3,255,255,N,127,127,255,ZNH4
2023-12-11 00:00:00+00:00,2023-12-10 12:04:37.830807167+00:00,19,1,110030,ZNH4,A,F,0.015625,1.0,2024-03-19 17:01:00+00:00,2023-06-21 21:30:00+00:00,,0.015625,0.5,110.265625,100000.0,0.001,,796751,0,110030,2,10,84,19999,0,0,0,1,2147483647,2147483647,2147483647,19699,344,2024,65535,19,USD,,,ZN,XCBT,ZN,FFDXSX,FUT,USD,,,,F,255,32,3,3,2,14,3,255,255,N,127,127,255,ZNH4
2023-12-12 00:00:00+00:00,2023-12-10 12:04:37.830807167+00:00,19,1,110030,ZNH4,A,F,0.015625,1.0,2024-03-19 17:01:00+00:00,2023-06-21 21:30:00+00:00,,0.015625,0.5,110.265625,100000.0,0.001,,796751,0,110030,2,10,84,19999,0,0,0,1,2147483647,2147483647,2147483647,19699,344,2024,65535,19,USD,,,ZN,XCBT,ZN,FFDXSX,FUT,USD,,,,F,255,32,3,3,2,14,3,255,255,N,127,127,255,ZNH4
2023-12-13 00:00:00+00:00,2023-12-10 12:04:37.830807167+00:00,19,1,110030,ZNH4,A,F,0.015625,1.0,2024-03-19 17:01:00+00:00,2023-06-21 21:30:00+00:00,,0.015625,0.5,110.265625,100000.0,0.001,,796751,0,110030,2,10,84,19999,0,0,0,1,2147483647,2147483647,2147483647,19699,344,2024,65535,19,USD,,,ZN,XCBT,ZN,FFDXSX,FUT,USD,,,,F,255,32,3,3,2,14,3,255,255,N,127,127,255,ZNH4
2023-12-14 00:00:00+00:00,2023-12-10 12:04:37.830807167+00:00,19,1,110030,ZNH4,A,F,0.015625,1.0,2024-03-19 17:01:00+00:00,2023-06-21 21:30:00+00:00,,0.015625,0.5,110.265625,100000.0,0.001,,796751,0,110030,2,10,84,19999,0,0,0,1,2147483647,2147483647,2147483647,19699,344,2024,65535,19,USD,,,ZN,XCBT,ZN,FFDXSX,FUT,USD,,,,F,255,32,3,3,2,14,3,255,255,N,127,127,255,ZNH4
2023-12-15 00:00:00+00:00,2023-12-10 12:04:37.830807167+00:00,19,1,110030,ZNH4,A,F,0.015625,1.0,2024-03-19 17:01:00+00:00,2023-06-21 21:30:00+00:00,,0.015625,0.5,110.265625,100000.0,0.001,,796751,0,110030,2,10,84,19999,0,0,0,1,2147483647,2147483647,2147483647,19699,344,2024,65535,19,USD,,,ZN,XCBT,ZN,FFDXSX,FUT,USD,,,,F,255,32,3,3,2,14,3,255,255,N,127,127,255,ZNH4
2023-12-17 12:04:37.424185919+00:00,2023-12-17 12:04:37.279422755+00:00,19,1,110030,ZNH4,A,F,0.015625,1.0,2024-03-19 17:01:00+00:00,2023-06-21 21:30:00+00:00,,0.015625,0.5,112.40625,100000.0,0.001,,796751,0,110030,2,10,84,19999,0,0,0,1,2147483647,2147483647,2147483647,19706,344,2024,65535,19,USD,,,ZN,XCBT,ZN,FFDXSX,FUT,USD,,,,F,255,32,3,3,2,14,3,255,255,N,127,127,255,ZNH4
2023-12-18 00:00:00+00:00,2023-12-17 12:04:37.279422755+00:00,19,1,110030,ZNH4,A,F,0.015625,1.0,2024-03-19 17:01:00+00:00,2023-06-21 21:30:00+00:00,,0.015625,0.5,112.40625,100000.0,0.001,,796751,0,110030,2,10,84,19999,0,0,0,1,2147483647,2147483647,2147483647,19706,344,2024,65535,19,USD,,,ZN,XCBT,ZN,FFDXSX,FUT,USD,,,,F,255,32,3,3,2,14,3,255,255,N,127,127,255,ZNH4
2023-12-19 00:00:00+00:00,2023-12-17 12:04:37.279422755+00:00,19,1,110030,ZNH4,A,F,0.015625,1.0,2024-03-19 17:01:00+00:00,2023-06-21 21:30:00+00:00,,0.015625,0.5,112.40625,100000.0,0.001,,796751,0,110030,2,10,84,19999,0,0,0,1,2147483647,2147483647,2147483647,19706,344,2024,65535,19,USD,,,ZN,XCBT,ZN,FFDXSX,FUT,USD,,,,F,255,32,3,3,2,14,3,255,255,N,127,127,255,ZNH4
2023-12-20 00:00:00+00:00,2023-12-17 12:04:37.279422755+00:00,19,1,110030,ZNH4,A,F,0.015625,1.0,2024-03-19 17:01:00+00:00,2023-06-21 21:30:00+00:00,,0.015625,0.5,112.40625,100000.0,0.001,,796751,0,110030,2,10,84,19999,0,0,0,1,2147483647,2147483647,2147483647,19706,344,2024,65535,19,USD,,,ZN,XCBT,ZN,FFDXSX,FUT,USD,,,,F,255,32,3,3,2,14,3,255,255,N,127,127,255,ZNH4
2023-12-21 00:00:00+00:00,2023-12-17 12:04:37.279422755+00:00,19,1,110030,ZNH4,A,F,0.015625,1.0,2024-03-19 17:01:00+00:00,2023-06-21 21:30:00+00:00,,0.015625,0.5,112.40625,100000.0,0.001,,796751,0,110030,2,10,84,19999,0,0,0,1,2147483647,2147483647,2147483647,19706,344,2024,65535,19,USD,,,ZN,XCBT,ZN,FFDXSX,FUT,USD,,,,F,255,32,3,3,2,14,3,255,255,N,127,127,255,ZNH4
2023-12-22 00:00:00+00:00,2023-12-17 12:04:37.279422755+00:00,19,1,110030,ZNH4,A,F,0.015625,1.0,2024-03-19 17:01:00+00:00,2023-06-21 21:30:00+00:00,,0.015625,0.5,112.40625,100000.0,0.001,,796751,0,110030,2,10,84,19999,0,0,0,1,2147483647,2147483647,2147483647,19706,344,2024,65535,19,USD,,,ZN,XCBT,ZN,FFDXSX,FUT,USD,,,,F,255,32,3,3,2,14,3,255,255,N,127,127,255,ZNH4
2023-12-24 12:04:37.830316647+00:00,2023-12-24 12:04:37.682722747+00:00,19,1,110030,ZNH4,A,F,0.015625,1.0,2024-03-19 17:01:00+00:00,2023-06-21 21:30:00+00:00,,0.015625,0.5,112.59375,100000.0,0.001,,796751,0,110030,2,10,84,19999,0,0,0,1,2147483647,2147483647,2147483647,19713,344,2024,65535,19,USD,,,ZN,XCBT,ZN,FFDXSX,FUT,USD,,,,F,255,32,3,3,2,14,3,255,255,N,127,127,255,ZNH4
2023-12-25 00:00:00+00:00,2023-12-24 12:04:37.682722747+00:00,19,1,110030,ZNH4,A,F,0.015625,1.0,2024-03-19 17:01:00+00:00,2023-06-21 21:30:00+00:00,,0.015625,0.5,112.59375,100000.0,0.001,,796751,0,110030,2,10,84,19999,0,0,0,1,2147483647,2147483647,2147483647,19713,344,2024,65535,19,USD,,,ZN,XCBT,ZN,FFDXSX,FUT,USD,,,,F,255,32,3,3,2,14,3,255,255,N,127,127,255,ZNH4
2023-12-26 00:00:00+00:00,2023-12-24 12:04:37.682722747+00:00,19,1,110030,ZNH4,A,F,0.015625,1.0,2024-03-19 17:01:00+00:00,2023-06-21 21:30:00+00:00,,0.015625,0.5,112.59375,100000.0,0.001,,796751,0,110030,2,10,84,19999,0,0,0,1,2147483647,2147483647,2147483647,19713,344,2024,65535,19,USD,,,ZN,XCBT,ZN,FFDXSX,FUT,USD,,,,F,255,32,3,3,2,14,3,255,255,N,127,127,255,ZNH4
2023-12-27 00:00:00+00:00,2023-12-24 12:04:37.682722747+00:00,19,1,110030,ZNH4,A,F,0.015625,1.0,2024-03-19 17:01:00+00:00,2023-06-21 21:30:00+00:00,,0.015625,0.5,112.59375,100000.0,0.001,,796751,0,110030,2,10,84,19999,0,0,0,1,2147483647,2147483647,2147483647,19713,344,2024,65535,19,USD,,,ZN,XCBT,ZN,FFDXSX,FUT,USD,,,,F,255,32,3,3,2,14,3,255,255,N,127,127,255,ZNH4
2023-12-28 00:00:00+00:00,2023-12-24 12:04:37.682722747+00:00,19,1,110030,ZNH4,A,F,0.015625,1.0,2024-03-19 17:01:00+00:00,2023-06-21 21:30:00+00:00,,0.015625,0.5,112.59375,100000.0,0.001,,796751,0,110030,2,10,84,19999,0,0,0,1,2147483647,2147483647,2147483647,19713,344,2024,65535,19,USD,,,ZN,XCBT,ZN,FFDXSX,FUT,USD,,,,F,255,32,3,3,2,14,3,255,255,N,127,127,255,ZNH4
2023-12-29 00:00:00+00:00,2023-12-24 12:04:37.682722747+00:00,19,1,110030,ZNH4,A,F,0.015625,1.0,2024-03-19 17:01:00+00:00,2023-06-21 21:30:00+00:00,,0.015625,0.5,112.59375,100000.0,0.001,,796751,0,110030,2,10,84,19999,0,0,0,1,2147483647,2147483647,2147483647,19713,344,2024,65535,19,USD,,,ZN,XCBT,ZN,FFDXSX,FUT,USD,,,,F,255,32,3,3,2,14,3,255,255,N,127,127,255,ZNH4
2023-12-31 12:04:38.045823909+00:00,2023-12-31 12:04:37.899898225+00:00,19,1,110030,ZNH4,A,F,0.015625,1.0,2024-03-19 17:01:00+00:00,2023-06-21 21:30:00+00:00,,0.015625,0.5,112.890625,100000.0,0.001,,796751,0,110030,2,10,84,19999,0,0,0,1,2147483647,2147483647,2147483647,19720,344,2024,65535,19,USD,,,ZN,XCBT,ZN,FFDXSX,FUT,USD,,,,F,255,32,3,3,2,14,3,255,255,N,127,127,255,ZNH4
